cohort_name,modality,device,task,feature_set,model,seed,feature_count,threshold_type,outer_fold,threshold,n_subjects,n_positive,n_negative,auroc,auprc,balanced_accuracy,macro_f1,sensitivity,specificity,accuracy,brier_score,ece,positive_prediction_rate
eeg_rest_native,eeg,,rest,no_information,no_information_prior,20260707,0,fixed_0_5,0,0.5,223,69,154,0.5,0.3094170403587444,0.5,0.40848806366047746,0.0,1.0,0.6905829596412556,0.2155724859186619,0.04352413611184375,0.0
eeg_rest_native,eeg,,rest,no_information,no_information_prior,20260707,0,inner_cv,0,0.5,223,69,154,0.5,0.3094170403587444,0.5,0.40848806366047746,0.0,1.0,0.6905829596412556,0.2155724859186619,0.04352413611184375,0.0
eeg_rest_native,eeg,,rest,no_information,no_information_prior,20260707,0,fixed_0_5,1,0.5,199,76,123,0.5,0.38190954773869346,0.5,0.38198757763975155,0.0,1.0,0.6180904522613065,0.23833625206713716,0.04776616985290988,0.0
eeg_rest_native,eeg,,rest,no_information,no_information_prior,20260707,0,inner_cv,1,0.5,199,76,123,0.5,0.38190954773869346,0.5,0.38198757763975155,0.0,1.0,0.6180904522613065,0.23833625206713716,0.04776616985290988,0.0
eeg_rest_native,eeg,,rest,no_information,no_information_prior,20260707,0,fixed_0_5,2,0.5,198,66,132,0.5,0.3333333333333333,0.5,0.4,0.0,1.0,0.6666666666666666,0.2223794851855343,0.012540453074433633,0.0
eeg_rest_native,eeg,,rest,no_information,no_information_prior,20260707,0,inner_cv,2,0.5,198,66,132,0.5,0.3333333333333333,0.5,0.4,0.0,1.0,0.6666666666666666,0.2223794851855343,0.012540453074433633,0.0
eeg_rest_native,eeg,,rest,no_information,no_information_prior,20260707,0,fixed_0_5,3,0.5,188,64,124,0.5,0.3404255319148936,0.5,0.3974358974358974,0.0,1.0,0.6595744680851063,0.22454967298165135,0.00369916832491457,0.0
eeg_rest_native,eeg,,rest,no_information,no_information_prior,20260707,0,inner_cv,3,0.5,188,64,124,0.5,0.3404255319148936,0.5,0.3974358974358974,0.0,1.0,0.6595744680851063,0.22454967298165135,0.00369916832491457,0.0
eeg_rest_native,eeg,,rest,no_information,no_information_prior,20260707,0,fixed_0_5,4,0.5,214,76,138,0.5,0.35514018691588783,0.5,0.39204545454545453,0.0,1.0,0.6448598130841121,0.2292344867004976,0.014793652262422463,0.0
eeg_rest_native,eeg,,rest,no_information,no_information_prior,20260707,0,inner_cv,4,0.5,214,76,138,0.5,0.35514018691588783,0.5,0.39204545454545453,0.0,1.0,0.6448598130841121,0.2292344867004976,0.014793652262422463,0.0
eeg_rest_native,eeg,,rest,demographics,logistic_regression,20260707,4,fixed_0_5,0,0.5,223,69,154,0.6042254846602673,0.39515534313243256,0.5860624882364013,0.5626989984185556,0.5942028985507246,0.577922077922078,0.5829596412556054,0.24157964711818739,0.1850079456227141,0.47533632286995514
eeg_rest_native,eeg,,rest,demographics,logistic_regression,20260707,4,inner_cv,0,0.45,223,69,154,0.6042254846602673,0.39515534313243256,0.566111424807077,0.5086815030420633,0.7101449275362319,0.42207792207792205,0.5112107623318386,0.24157964711818739,0.1850079456227141,0.6188340807174888
eeg_rest_native,eeg,,rest,demographics,logistic_regression,20260707,4,fixed_0_5,1,0.5,199,76,123,0.6174047924689773,0.48773107895016726,0.5831193838254172,0.5721744471744472,0.6052631578947368,0.5609756097560976,0.5778894472361809,0.23857058270665998,0.11201023899676057,0.5025125628140703
eeg_rest_native,eeg,,rest,demographics,logistic_regression,20260707,4,inner_cv,1,0.5,199,76,123,0.6174047924689773,0.48773107895016726,0.5831193838254172,0.5721744471744472,0.6052631578947368,0.5609756097560976,0.5778894472361809,0.23857058270665998,0.11201023899676057,0.5025125628140703
eeg_rest_native,eeg,,rest,demographics,logistic_regression,20260707,4,fixed_0_5,2,0.5,198,66,132,0.5942378328741964,0.39120589614920737,0.5606060606060606,0.5420521446593777,0.5757575757575758,0.5454545454545454,0.5555555555555556,0.243309714903683,0.16330208978632033,0.494949494949495
eeg_rest_native,eeg,,rest,demographics,logistic_regression,20260707,4,inner_cv,2,0.5,198,66,132,0.5942378328741964,0.39120589614920737,0.5606060606060606,0.5420521446593777,0.5757575757575758,0.5454545454545454,0.5555555555555556,0.243309714903683,0.16330208978632033,0.494949494949495
eeg_rest_native,eeg,,rest,demographics,logistic_regression,20260707,4,fixed_0_5,3,0.5,188,64,124,0.5633190524193549,0.40473301241807363,0.5473790322580645,0.5306003948438044,0.5625,0.532258064516129,0.5425531914893617,0.24930342669009198,0.16280121950959875,0.5
eeg_rest_native,eeg,,rest,demographics,logistic_regression,20260707,4,inner_cv,3,0.5,188,64,124,0.5633190524193549,0.40473301241807363,0.5473790322580645,0.5306003948438044,0.5625,0.532258064516129,0.5425531914893617,0.24930342669009198,0.16280121950959875,0.5
eeg_rest_native,eeg,,rest,demographics,logistic_regression,20260707,4,fixed_0_5,4,0.5,214,76,138,0.6426868802440885,0.46206434836197835,0.6065980167810832,0.5800683496858119,0.6842105263157895,0.5289855072463768,0.5841121495327103,0.23771433015946597,0.1430442546832902,0.5467289719626168
eeg_rest_native,eeg,,rest,demographics,logistic_regression,20260707,4,inner_cv,4,0.5,214,76,138,0.6426868802440885,0.46206434836197835,0.6065980167810832,0.5800683496858119,0.6842105263157895,0.5289855072463768,0.5841121495327103,0.23771433015946597,0.1430442546832902,0.5467289719626168
eeg_rest_native,eeg,,rest,demographics,random_forest,20260707,4,fixed_0_5,0,0.5,223,69,154,0.6092603049124787,0.39960561531166705,0.5495953322040279,0.522761744478381,0.5797101449275363,0.5194805194805194,0.5381165919282511,0.2375069610217827,0.16798153594299542,0.5112107623318386
eeg_rest_native,eeg,,rest,demographics,random_forest,20260707,4,inner_cv,0,0.5,223,69,154,0.6092603049124787,0.39960561531166705,0.5495953322040279,0.522761744478381,0.5797101449275363,0.5194805194805194,0.5381165919282511,0.2375069610217827,0.16798153594299542,0.5112107623318386
eeg_rest_native,eeg,,rest,demographics,random_forest,20260707,4,fixed_0_5,1,0.5,199,76,123,0.610451433461703,0.5072082985432784,0.5556268720581943,0.5362715298885511,0.631578947368421,0.4796747967479675,0.5376884422110553,0.2417633818372771,0.11855775902604702,0.5628140703517588
eeg_rest_native,eeg,,rest,demographics,random_forest,20260707,4,inner_cv,1,0.5,199,76,123,0.610451433461703,0.5072082985432784,0.5556268720581943,0.5362715298885511,0.631578947368421,0.4796747967479675,0.5376884422110553,0.2417633818372771,0.11855775902604702,0.5628140703517588
eeg_rest_native,eeg,,rest,demographics,random_forest,20260707,4,fixed_0_5,2,0.5,198,66,132,0.5835629017447199,0.38857486197621616,0.5681818181818181,0.5275917801893326,0.6818181818181818,0.45454545454545453,0.5303030303030303,0.2450299756621254,0.15867768729407272,0.5909090909090909
eeg_rest_native,eeg,,rest,demographics,random_forest,20260707,4,inner_cv,2,0.45,198,66,132,0.5835629017447199,0.38857486197621616,0.5606060606060607,0.4721082854799016,0.8181818181818182,0.30303030303030304,0.47474747474747475,0.2450299756621254,0.15867768729407272,0.7373737373737373
eeg_rest_native,eeg,,rest,demographics,random_forest,20260707,4,fixed_0_5,3,0.5,188,64,124,0.5357862903225806,0.37135854681654823,0.5209173387096775,0.516044061302682,0.453125,0.5887096774193549,0.5425531914893617,0.25543230164102415,0.1632769404147336,0.425531914893617
eeg_rest_native,eeg,,rest,demographics,random_forest,20260707,4,inner_cv,3,0.45,188,64,124,0.5357862903225806,0.37135854681654823,0.540070564516129,0.46657587107025306,0.765625,0.31451612903225806,0.46808510638297873,0.25543230164102415,0.1632769404147336,0.7127659574468085
eeg_rest_native,eeg,,rest,demographics,random_forest,20260707,4,fixed_0_5,4,0.5,214,76,138,0.641733409610984,0.47816712247732684,0.5645499618611747,0.5590659340659341,0.5131578947368421,0.6159420289855072,0.5794392523364486,0.23081473461526567,0.12228170470938719,0.42990654205607476
eeg_rest_native,eeg,,rest,demographics,random_forest,20260707,4,inner_cv,4,0.4,214,76,138,0.641733409610984,0.47816712247732684,0.573512585812357,0.46139325842696627,0.9078947368421053,0.2391304347826087,0.4766355140186916,0.23081473461526567,0.12228170470938719,0.8130841121495327
eeg_rest_native,eeg,,rest,demographics,hist_gradient_boosting,20260707,4,fixed_0_5,0,0.5,223,69,154,0.6061547148503671,0.4064318420900944,0.5768398268398268,0.5347324496809033,0.6666666666666666,0.487012987012987,0.5426008968609866,0.2430504698240901,0.1840846738790594,0.5605381165919282
eeg_rest_native,eeg,,rest,demographics,hist_gradient_boosting,20260707,4,inner_cv,0,0.5,223,69,154,0.6061547148503671,0.4064318420900944,0.5768398268398268,0.5347324496809033,0.6666666666666666,0.487012987012987,0.5426008968609866,0.2430504698240901,0.1840846738790594,0.5605381165919282
eeg_rest_native,eeg,,rest,demographics,hist_gradient_boosting,20260707,4,fixed_0_5,1,0.5,199,76,123,0.6079375267436885,0.4613469414811169,0.5606546854942234,0.5371156957928802,0.6578947368421053,0.4634146341463415,0.5376884422110553,0.2441407332818806,0.1178284419105386,0.5829145728643216
eeg_rest_native,eeg,,rest,demographics,hist_gradient_boosting,20260707,4,inner_cv,1,0.5,199,76,123,0.6079375267436885,0.4613469414811169,0.5606546854942234,0.5371156957928802,0.6578947368421053,0.4634146341463415,0.5376884422110553,0.2441407332818806,0.1178284419105386,0.5829145728643216
eeg_rest_native,eeg,,rest,demographics,hist_gradient_boosting,20260707,4,fixed_0_5,2,0.5,198,66,132,0.600837924701561,0.3946819483061574,0.571969696969697,0.5495646262061031,0.6060606060606061,0.5378787878787878,0.5606060606060606,0.24435704952526682,0.16408214489439035,0.51010101010101
eeg_rest_native,eeg,,rest,demographics,hist_gradient_boosting,20260707,4,inner_cv,2,0.5,198,66,132,0.600837924701561,0.3946819483061574,0.571969696969697,0.5495646262061031,0.6060606060606061,0.5378787878787878,0.5606060606060606,0.24435704952526682,0.16408214489439035,0.51010101010101
eeg_rest_native,eeg,,rest,demographics,hist_gradient_boosting,20260707,4,fixed_0_5,3,0.5,188,64,124,0.540070564516129,0.37033977820433295,0.5473790322580645,0.5306003948438044,0.5625,0.532258064516129,0.5425531914893617,0.24828912733935388,0.1563497956846448,0.5
eeg_rest_native,eeg,,rest,demographics,hist_gradient_boosting,20260707,4,inner_cv,3,0.5,188,64,124,0.540070564516129,0.37033977820433295,0.5473790322580645,0.5306003948438044,0.5625,0.532258064516129,0.5425531914893617,0.24828912733935388,0.1563497956846448,0.5
eeg_rest_native,eeg,,rest,demographics,hist_gradient_boosting,20260707,4,fixed_0_5,4,0.5,214,76,138,0.6574656750572081,0.4873129282642712,0.6154652936689551,0.5820587654429352,0.7236842105263158,0.5072463768115942,0.5841121495327103,0.2408877503091255,0.1392936065341719,0.5747663551401869
eeg_rest_native,eeg,,rest,demographics,hist_gradient_boosting,20260707,4,inner_cv,4,0.45,214,76,138,0.6574656750572081,0.4873129282642712,0.5662662090007629,0.4499458874458874,0.9078947368421053,0.2246376811594203,0.4672897196261682,0.2408877503091255,0.1392936065341719,0.822429906542056
eeg_rest_native,eeg,,rest,qc,logistic_regression,20260707,16,fixed_0_5,0,0.5,223,69,154,0.5288913984566158,0.3755137112140249,0.5198569546395633,0.50256734006734,0.5072463768115942,0.5324675324675324,0.5246636771300448,0.24925111539775674,0.19454030445722034,0.4798206278026906
eeg_rest_native,eeg,,rest,qc,logistic_regression,20260707,16,inner_cv,0,0.5,223,69,154,0.5288913984566158,0.3755137112140249,0.5198569546395633,0.50256734006734,0.5072463768115942,0.5324675324675324,0.5246636771300448,0.24925111539775674,0.19454030445722034,0.4798206278026906
eeg_rest_native,eeg,,rest,qc,logistic_regression,20260707,16,fixed_0_5,1,0.5,199,76,123,0.5268506632434745,0.44820838004378744,0.4973791185280274,0.48450832994717596,0.5394736842105263,0.45528455284552843,0.48743718592964824,0.2494256027524409,0.11706425175021686,0.542713567839196
eeg_rest_native,eeg,,rest,qc,logistic_regression,20260707,16,inner_cv,1,0.55,199,76,123,0.5268506632434745,0.44820838004378744,0.5,0.38198757763975155,0.0,1.0,0.6180904522613065,0.2494256027524409,0.11706425175021686,0.0
eeg_rest_native,eeg,,rest,qc,logistic_regression,20260707,16,fixed_0_5,2,0.5,198,66,132,0.48542240587695135,0.3638117803996074,0.4962121212121212,0.4758098006644518,0.5303030303030303,0.4621212121212121,0.48484848484848486,0.25017150453789583,0.1666436118513116,0.5353535353535354
eeg_rest_native,eeg,,rest,qc,logistic_regression,20260707,16,inner_cv,2,0.55,198,66,132,0.48542240587695135,0.3638117803996074,0.5,0.4,0.0,1.0,0.6666666666666666,0.25017150453789583,0.1666436118513116,0.0
eeg_rest_native,eeg,,rest,qc,logistic_regression,20260707,16,fixed_0_5,3,0.5,188,64,124,0.4944556451612903,0.36789640793102596,0.491179435483871,0.46797015693336763,0.546875,0.43548387096774194,0.4734042553191489,0.25103149147486853,0.1610280828272459,0.5585106382978723
eeg_rest_native,eeg,,rest,qc,logistic_regression,20260707,16,inner_cv,3,0.55,188,64,124,0.4944556451612903,0.36789640793102596,0.4959677419354839,0.3954983922829582,0.0,0.9919354838709677,0.6542553191489362,0.25103149147486853,0.1610280828272459,0.005319148936170213
eeg_rest_native,eeg,,rest,qc,logistic_regression,20260707,16,fixed_0_5,4,0.5,214,76,138,0.5022883295194508,0.35808749970364606,0.506578947368421,0.49474340698503205,0.5131578947368421,0.5,0.5046728971962616,0.2532459497325675,0.14594972774128226,0.5046728971962616
eeg_rest_native,eeg,,rest,qc,logistic_regression,20260707,16,inner_cv,4,0.55,214,76,138,0.5022883295194508,0.35808749970364606,0.5104881769641495,0.45128205128205123,0.07894736842105263,0.9420289855072463,0.6355140186915887,0.2532459497325675,0.14594972774128226,0.06542056074766354
eeg_rest_native,eeg,,rest,qc,random_forest,20260707,16,fixed_0_5,0,0.5,223,69,154,0.5113871635610766,0.3637816557122304,0.4686147186147186,0.4677329407303309,0.3333333333333333,0.6038961038961039,0.5201793721973094,0.24841383648718393,0.1652442396061992,0.37668161434977576
eeg_rest_native,eeg,,rest,qc,random_forest,20260707,16,inner_cv,0,0.35,223,69,154,0.5113871635610766,0.3637816557122304,0.48221343873517786,0.35899944957494956,0.782608695652174,0.18181818181818182,0.36771300448430494,0.24841383648718393,0.1652442396061992,0.8071748878923767
eeg_rest_native,eeg,,rest,qc,random_forest,20260707,16,fixed_0_5,1,0.5,199,76,123,0.5137997432605905,0.3849987241376752,0.4964698331193838,0.4845773487167413,0.23684210526315788,0.7560975609756098,0.5577889447236181,0.24854947570991284,0.08207254801019226,0.24120603015075376
eeg_rest_native,eeg,,rest,qc,random_forest,20260707,16,inner_cv,1,0.4,199,76,123,0.5137997432605905,0.3849987241376752,0.514602053915276,0.5000380662352494,0.5657894736842105,0.4634146341463415,0.5025125628140703,0.24854947570991284,0.08207254801019226,0.5477386934673367
eeg_rest_native,eeg,,rest,qc,random_forest,20260707,16,fixed_0_5,2,0.5,198,66,132,0.5200298438934803,0.3809527190770298,0.5075757575757576,0.5068785578747628,0.30303030303030304,0.7121212121212122,0.5757575757575758,0.24373006294608243,0.13205861527513799,0.29292929292929293
eeg_rest_native,eeg,,rest,qc,random_forest,20260707,16,inner_cv,2,0.45,198,66,132,0.5200298438934803,0.3809527190770298,0.5265151515151515,0.505257678292556,0.5606060606060606,0.49242424242424243,0.5151515151515151,0.24373006294608243,0.13205861527513799,0.5252525252525253
eeg_rest_native,eeg,,rest,qc,random_forest,20260707,16,fixed_0_5,3,0.5,188,64,124,0.4505418346774194,0.32583671525780666,0.46673387096774194,0.46695747001090515,0.3125,0.6209677419354839,0.5159574468085106,0.2584644391008017,0.153057597101949,0.35638297872340424
eeg_rest_native,eeg,,rest,qc,random_forest,20260707,16,inner_cv,3,0.35,188,64,124,0.4505418346774194,0.32583671525780666,0.46673387096774194,0.330448859455482,0.8125,0.12096774193548387,0.35638297872340424,0.2584644391008017,0.153057597101949,0.8563829787234043
eeg_rest_native,eeg,,rest,qc,random_forest,20260707,16,fixed_0_5,4,0.5,214,76,138,0.5154938977879482,0.37510767766576475,0.49351639969488936,0.49348506945274584,0.34210526315789475,0.644927536231884,0.5373831775700935,0.24962685501437762,0.11367136276617065,0.35046728971962615
eeg_rest_native,eeg,,rest,qc,random_forest,20260707,16,inner_cv,4,0.4,214,76,138,0.5154938977879482,0.37510767766576475,0.5311784897025171,0.4905540874047219,0.6710526315789473,0.391304347826087,0.49065420560747663,0.24962685501437762,0.11367136276617065,0.6308411214953271
eeg_rest_native,eeg,,rest,qc,hist_gradient_boosting,20260707,16,fixed_0_5,0,0.5,223,69,154,0.48103707886316577,0.31677588057362016,0.49115377376246944,0.45206619961417405,0.5797101449275363,0.4025974025974026,0.45739910313901344,0.2501384311042971,0.18935224858041694,0.5919282511210763
eeg_rest_native,eeg,,rest,qc,hist_gradient_boosting,20260707,16,inner_cv,0,0.55,223,69,154,0.48103707886316577,0.31677588057362016,0.5192452475061171,0.4607396870554765,0.057971014492753624,0.9805194805194806,0.695067264573991,0.2501384311042971,0.18935224858041694,0.03139013452914798
eeg_rest_native,eeg,,rest,qc,hist_gradient_boosting,20260707,16,fixed_0_5,1,0.5,199,76,123,0.5683033804022251,0.45262132183798254,0.5368528027385537,0.5165991902834008,0.618421052631579,0.45528455284552843,0.5175879396984925,0.24347223651668523,0.1180196292205132,0.5728643216080402
eeg_rest_native,eeg,,rest,qc,hist_gradient_boosting,20260707,16,inner_cv,1,0.5,199,76,123,0.5683033804022251,0.45262132183798254,0.5368528027385537,0.5165991902834008,0.618421052631579,0.45528455284552843,0.5175879396984925,0.24347223651668523,0.1180196292205132,0.5728643216080402
eeg_rest_native,eeg,,rest,qc,hist_gradient_boosting,20260707,16,fixed_0_5,2,0.5,198,66,132,0.4745179063360882,0.36267656726094477,0.4810606060606061,0.47525097041895326,0.42424242424242425,0.5378787878787878,0.5,0.24904200807215549,0.16062071982055104,0.4494949494949495
eeg_rest_native,eeg,,rest,qc,hist_gradient_boosting,20260707,16,inner_cv,2,0.5,198,66,132,0.4745179063360882,0.36267656726094477,0.4810606060606061,0.47525097041895326,0.42424242424242425,0.5378787878787878,0.5,0.24904200807215549,0.16062071982055104,0.4494949494949495
eeg_rest_native,eeg,,rest,qc,hist_gradient_boosting,20260707,16,fixed_0_5,3,0.5,188,64,124,0.49092741935483875,0.3633881718477792,0.48689516129032256,0.4867301587301588,0.3125,0.6612903225806451,0.5425531914893617,0.24813805768569885,0.14944048654019923,0.32978723404255317
eeg_rest_native,eeg,,rest,qc,hist_gradient_boosting,20260707,16,inner_cv,3,0.5,188,64,124,0.49092741935483875,0.3633881718477792,0.48689516129032256,0.4867301587301588,0.3125,0.6612903225806451,0.5425531914893617,0.24813805768569885,0.14944048654019923,0.32978723404255317
eeg_rest_native,eeg,,rest,qc,hist_gradient_boosting,20260707,16,fixed_0_5,4,0.5,214,76,138,0.5156845919145691,0.37909067190904705,0.47492372234935165,0.4473914565826331,0.5657894736842105,0.38405797101449274,0.4485981308411215,0.24709816977860818,0.14383367553898058,0.5981308411214953
eeg_rest_native,eeg,,rest,qc,hist_gradient_boosting,20260707,16,inner_cv,4,0.55,214,76,138,0.5156845919145691,0.37909067190904705,0.5213577421815407,0.4589948427545757,0.07894736842105263,0.9637681159420289,0.6495327102803738,0.24709816977860818,0.14383367553898058,0.0514018691588785
eeg_rest_native,eeg,,rest,signal,logistic_regression,20260707,217,fixed_0_5,0,0.5,223,69,154,0.5185394315829099,0.36764993856179834,0.5695463956333522,0.5644629026826804,0.463768115942029,0.6753246753246753,0.6098654708520179,0.24668194523124345,0.1660669193925181,0.36771300448430494
eeg_rest_native,eeg,,rest,signal,logistic_regression,20260707,217,inner_cv,0,0.6,223,69,154,0.5185394315829099,0.36764993856179834,0.5140222096743836,0.49277759725873627,0.14492753623188406,0.8831168831168831,0.6547085201793722,0.24668194523124345,0.1660669193925181,0.12556053811659193
eeg_rest_native,eeg,,rest,signal,logistic_regression,20260707,217,fixed_0_5,1,0.5,199,76,123,0.45592640136927687,0.3751742624079884,0.48694908001711595,0.4856807205325675,0.42105263157894735,0.5528455284552846,0.5025125628140703,0.29256220882460826,0.22569339194347737,0.4371859296482412
eeg_rest_native,eeg,,rest,signal,logistic_regression,20260707,217,inner_cv,1,0.35,199,76,123,0.45592640136927687,0.3751742624079884,0.4565147625160462,0.408234845596645,0.6447368421052632,0.2682926829268293,0.4120603015075377,0.29256220882460826,0.22569339194347737,0.6984924623115578
eeg_rest_native,eeg,,rest,signal,logistic_regression,20260707,217,fixed_0_5,2,0.5,198,66,132,0.5304178145087235,0.35930669709027174,0.553030303030303,0.5385593220338982,0.5454545454545454,0.5606060606060606,0.5555555555555556,0.25877152217725286,0.18297112543082567,0.47474747474747475
eeg_rest_native,eeg,,rest,signal,logistic_regression,20260707,217,inner_cv,2,0.6,198,66,132,0.5304178145087235,0.35930669709027174,0.5113636363636364,0.5010309278350514,0.21212121212121213,0.8106060606060606,0.6111111111111112,0.25877152217725286,0.18297112543082567,0.19696969696969696
eeg_rest_native,eeg,,rest,signal,logistic_regression,20260707,217,fixed_0_5,3,0.5,188,64,124,0.5700604838709677,0.411117483969599,0.5372983870967742,0.5349234950981889,0.4375,0.6370967741935484,0.5691489361702128,0.24421113951080686,0.14223170373262825,0.3882978723404255
eeg_rest_native,eeg,,rest,signal,logistic_regression,20260707,217,inner_cv,3,0.7,188,64,124,0.5700604838709677,0.411117483969599,0.5035282258064516,0.4231223150639664,0.03125,0.9758064516129032,0.6542553191489362,0.24421113951080686,0.14223170373262825,0.026595744680851064
eeg_rest_native,eeg,,rest,signal,logistic_regression,20260707,217,fixed_0_5,4,0.5,214,76,138,0.42315026697177727,0.3161922746389181,0.44603356216628526,0.4399534748473393,0.42105263157894735,0.47101449275362317,0.4532710280373832,0.2817945973045856,0.20219855093130704,0.49065420560747663
eeg_rest_native,eeg,,rest,signal,logistic_regression,20260707,217,inner_cv,4,0.65,214,76,138,0.42315026697177727,0.3161922746389181,0.4706331045003814,0.4233203136827445,0.07894736842105263,0.8623188405797102,0.5841121495327103,0.2817945973045856,0.20219855093130704,0.11682242990654206
eeg_rest_native,eeg,,rest,signal,random_forest,20260707,217,fixed_0_5,0,0.5,223,69,154,0.5659702616224356,0.3618429063567464,0.5010351966873706,0.4816185966422729,0.14492753623188406,0.8571428571428571,0.6367713004484304,0.22201889347970022,0.09947317986465068,0.14349775784753363
eeg_rest_native,eeg,,rest,signal,random_forest,20260707,217,inner_cv,0,0.45,223,69,154,0.5659702616224356,0.3618429063567464,0.5407961603613778,0.5412839647914275,0.34782608695652173,0.7337662337662337,0.6143497757847534,0.22201889347970022,0.09947317986465068,0.2914798206278027
eeg_rest_native,eeg,,rest,signal,random_forest,20260707,217,fixed_0_5,1,0.5,199,76,123,0.47411210954214816,0.41118565867781065,0.5094672657252889,0.4486359761295823,0.09210526315789473,0.926829268292683,0.6080402010050251,0.24412975019611294,0.07765331284316207,0.08040201005025126
eeg_rest_native,eeg,,rest,signal,random_forest,20260707,217,inner_cv,1,0.45,199,76,123,0.47411210954214816,0.41118565867781065,0.5051882755669662,0.4836916234247591,0.19736842105263158,0.8130081300813008,0.5778894472361809,0.24412975019611294,0.07765331284316207,0.19095477386934673
eeg_rest_native,eeg,,rest,signal,random_forest,20260707,217,fixed_0_5,2,0.5,198,66,132,0.4948347107438017,0.36134480868886093,0.5340909090909091,0.5187499999999999,0.19696969696969696,0.8712121212121212,0.6464646464646465,0.23427377261367086,0.0925206592596766,0.15151515151515152
eeg_rest_native,eeg,,rest,signal,random_forest,20260707,217,inner_cv,2,0.45,198,66,132,0.4948347107438017,0.36134480868886093,0.5,0.49986934935981187,0.3181818181818182,0.6818181818181818,0.5606060606060606,0.23427377261367086,0.0925206592596766,0.3181818181818182
eeg_rest_native,eeg,,rest,signal,random_forest,20260707,217,fixed_0_5,3,0.5,188,64,124,0.4881552419354839,0.33025034603637693,0.4826108870967742,0.43566758501583125,0.078125,0.8870967741935484,0.6117021276595744,0.23643255537592503,0.06745327587732769,0.10106382978723404
eeg_rest_native,eeg,,rest,signal,random_forest,20260707,217,inner_cv,3,0.4,188,64,124,0.4881552419354839,0.33025034603637693,0.49243951612903225,0.48309348309348316,0.46875,0.5161290322580645,0.5,0.23643255537592503,0.06745327587732769,0.4787234042553192
eeg_rest_native,eeg,,rest,signal,random_forest,20260707,217,fixed_0_5,4,0.5,214,76,138,0.4498474446987033,0.3281156640817182,0.4584286803966438,0.4249285305889079,0.10526315789473684,0.8115942028985508,0.5607476635514018,0.24728538860616467,0.09717274444479138,0.1588785046728972
eeg_rest_native,eeg,,rest,signal,random_forest,20260707,217,inner_cv,4,0.55,214,76,138,0.4498474446987033,0.3281156640817182,0.48941647597254,0.4298828438452897,0.06578947368421052,0.9130434782608695,0.6121495327102804,0.24728538860616467,0.09717274444479138,0.0794392523364486
eeg_rest_native,eeg,,rest,signal,hist_gradient_boosting,20260707,217,fixed_0_5,0,0.5,223,69,154,0.5448898927159797,0.36502226375432145,0.5275738753999624,0.5244135144236166,0.4057971014492754,0.6493506493506493,0.5739910313901345,0.24617019507639798,0.1884898174410224,0.36771300448430494
eeg_rest_native,eeg,,rest,signal,hist_gradient_boosting,20260707,217,inner_cv,0,0.6,223,69,154,0.5448898927159797,0.36502226375432145,0.5,0.40848806366047746,0.0,1.0,0.6905829596412556,0.24617019507639798,0.1884898174410224,0.0
eeg_rest_native,eeg,,rest,signal,hist_gradient_boosting,20260707,217,fixed_0_5,1,0.5,199,76,123,0.5021929824561404,0.435031111752982,0.5113393239195549,0.5108755979596691,0.42105263157894735,0.6016260162601627,0.5326633165829145,0.2491051767846539,0.10928486443821822,0.40703517587939697
eeg_rest_native,eeg,,rest,signal,hist_gradient_boosting,20260707,217,inner_cv,1,0.55,199,76,123,0.5021929824561404,0.435031111752982,0.5247646555412923,0.44436794798240586,0.06578947368421052,0.983739837398374,0.6331658291457286,0.2491051767846539,0.10928486443821822,0.035175879396984924
eeg_rest_native,eeg,,rest,signal,hist_gradient_boosting,20260707,217,fixed_0_5,2,0.5,198,66,132,0.5270316804407713,0.3584631118851639,0.5568181818181819,0.5473251028806584,0.5151515151515151,0.5984848484848485,0.5707070707070707,0.24813363229166538,0.1624845459218916,0.4393939393939394
eeg_rest_native,eeg,,rest,signal,hist_gradient_boosting,20260707,217,inner_cv,2,0.4,198,66,132,0.5270316804407713,0.3584631118851639,0.5,0.25,1.0,0.0,0.3333333333333333,0.24813363229166538,0.1624845459218916,1.0
eeg_rest_native,eeg,,rest,signal,hist_gradient_boosting,20260707,217,fixed_0_5,3,0.5,188,64,124,0.4765625,0.3352731916485716,0.4866431451612903,0.4866773373505321,0.328125,0.6451612903225806,0.5372340425531915,0.24924256811866455,0.14696846857351098,0.34574468085106386
eeg_rest_native,eeg,,rest,signal,hist_gradient_boosting,20260707,217,inner_cv,3,0.55,188,64,124,0.4765625,0.3352731916485716,0.49470766129032256,0.4442567567567567,0.078125,0.9112903225806451,0.6276595744680851,0.24924256811866455,0.14696846857351098,0.0851063829787234
eeg_rest_native,eeg,,rest,signal,hist_gradient_boosting,20260707,217,fixed_0_5,4,0.5,214,76,138,0.47034706331045006,0.35923164104932087,0.5007627765064836,0.5006615188472734,0.34210526315789475,0.6594202898550725,0.5467289719626168,0.24945139489330861,0.1357931304406887,0.3411214953271028
eeg_rest_native,eeg,,rest,signal,hist_gradient_boosting,20260707,217,inner_cv,4,0.55,214,76,138,0.47034706331045006,0.35923164104932087,0.4959954233409611,0.44107529621607855,0.07894736842105263,0.9130434782608695,0.616822429906542,0.24945139489330861,0.1357931304406887,0.08411214953271028
eeg_rest_native,eeg,,rest,signal_qc,logistic_regression,20260707,233,fixed_0_5,0,0.5,223,69,154,0.5225861095426313,0.3707154868832564,0.5590532655750047,0.5544505556179145,0.4492753623188406,0.6688311688311688,0.600896860986547,0.24640137707401136,0.16700985449851039,0.36771300448430494
eeg_rest_native,eeg,,rest,signal_qc,logistic_regression,20260707,233,inner_cv,0,0.5,223,69,154,0.5225861095426313,0.3707154868832564,0.5590532655750047,0.5544505556179145,0.4492753623188406,0.6688311688311688,0.600896860986547,0.24640137707401136,0.16700985449851039,0.36771300448430494
eeg_rest_native,eeg,,rest,signal_qc,logistic_regression,20260707,233,fixed_0_5,1,0.5,199,76,123,0.4489730423620026,0.37874841173970575,0.48694908001711595,0.4856807205325675,0.42105263157894735,0.5528455284552846,0.5025125628140703,0.29388584006258067,0.21879127078558747,0.4371859296482412
eeg_rest_native,eeg,,rest,signal_qc,logistic_regression,20260707,233,inner_cv,1,0.75,199,76,123,0.4489730423620026,0.37874841173970575,0.5135323063756954,0.4515159107992984,0.09210526315789473,0.9349593495934959,0.6130653266331658,0.29388584006258067,0.21879127078558747,0.07537688442211055
eeg_rest_native,eeg,,rest,signal_qc,logistic_regression,20260707,233,fixed_0_5,2,0.5,198,66,132,0.535238751147842,0.36411609277757573,0.5454545454545454,0.5272727272727272,0.5606060606060606,0.5303030303030303,0.5404040404040404,0.2583390023640611,0.18313447348358203,0.5
eeg_rest_native,eeg,,rest,signal_qc,logistic_regression,20260707,233,inner_cv,2,0.6,198,66,132,0.535238751147842,0.36411609277757573,0.5113636363636364,0.5010309278350514,0.21212121212121213,0.8106060606060606,0.6111111111111112,0.2583390023640611,0.18313447348358203,0.19696969696969696
eeg_rest_native,eeg,,rest,signal_qc,logistic_regression,20260707,233,fixed_0_5,3,0.5,188,64,124,0.5648941532258065,0.39987481833717,0.5375504032258065,0.5362032811150856,0.421875,0.6532258064516129,0.574468085106383,0.24517831172780283,0.1445738716037759,0.3723404255319149
eeg_rest_native,eeg,,rest,signal_qc,logistic_regression,20260707,233,inner_cv,3,0.55,188,64,124,0.5648941532258065,0.39987481833717,0.5516633064516129,0.5493173053538547,0.296875,0.8064516129032258,0.6329787234042553,0.24517831172780283,0.1445738716037759,0.22872340425531915
eeg_rest_native,eeg,,rest,signal_qc,logistic_regression,20260707,233,fixed_0_5,4,0.5,214,76,138,0.427536231884058,0.32058769031556256,0.46939359267734554,0.4606445857031337,0.4605263157894737,0.4782608695652174,0.4719626168224299,0.28269166382691635,0.2046497177422249,0.5
eeg_rest_native,eeg,,rest,signal_qc,logistic_regression,20260707,233,inner_cv,4,0.5,214,76,138,0.427536231884058,0.32058769031556256,0.46939359267734554,0.4606445857031337,0.4605263157894737,0.4782608695652174,0.4719626168224299,0.28269166382691635,0.2046497177422249,0.5
eeg_rest_native,eeg,,rest,signal_qc,random_forest,20260707,233,fixed_0_5,0,0.5,223,69,154,0.5457368718238284,0.3644082829880735,0.5172689629211369,0.49559523809523814,0.14492753623188406,0.8896103896103896,0.6591928251121076,0.22322529183392237,0.09556650994584659,0.1210762331838565
eeg_rest_native,eeg,,rest,signal_qc,random_forest,20260707,233,inner_cv,0,0.45,223,69,154,0.5457368718238284,0.3644082829880735,0.5327969132316959,0.5331548198636806,0.3188405797101449,0.7467532467532467,0.6143497757847534,0.22322529183392237,0.09556650994584659,0.273542600896861
eeg_rest_native,eeg,,rest,signal_qc,random_forest,20260707,233,fixed_0_5,1,0.5,199,76,123,0.4504706889174155,0.3754868470719284,0.5123555840821566,0.48232006937084504,0.17105263157894737,0.8536585365853658,0.592964824120603,0.24774601612182323,0.1275684116929325,0.15577889447236182
eeg_rest_native,eeg,,rest,signal_qc,random_forest,20260707,233,inner_cv,1,0.5,199,76,123,0.4504706889174155,0.3754868470719284,0.5123555840821566,0.48232006937084504,0.17105263157894737,0.8536585365853658,0.592964824120603,0.24774601612182323,0.1275684116929325,0.15577889447236182
eeg_rest_native,eeg,,rest,signal_qc,random_forest,20260707,233,fixed_0_5,2,0.5,198,66,132,0.4998852157943067,0.3535766885425521,0.5113636363636364,0.48235294117647054,0.13636363636363635,0.8863636363636364,0.6363636363636364,0.23326351212832747,0.08667701065241101,0.12121212121212122
eeg_rest_native,eeg,,rest,signal_qc,random_forest,20260707,233,inner_cv,2,0.35,198,66,132,0.4998852157943067,0.3535766885425521,0.5,0.4023682377524959,0.7727272727272727,0.22727272727272727,0.4090909090909091,0.23326351212832747,0.08667701065241101,0.7727272727272727
eeg_rest_native,eeg,,rest,signal_qc,random_forest,20260707,233,fixed_0_5,3,0.5,188,64,124,0.47631048387096775,0.3214022628524801,0.4788306451612903,0.4256539024900607,0.0625,0.8951612903225806,0.6117021276595744,0.23765752627681164,0.08548427228062053,0.09042553191489362
eeg_rest_native,eeg,,rest,signal_qc,random_forest,20260707,233,inner_cv,3,0.4,188,64,124,0.47631048387096775,0.3214022628524801,0.4730342741935484,0.4676106194690265,0.421875,0.5241935483870968,0.48936170212765956,0.23765752627681164,0.08548427228062053,0.4574468085106383
eeg_rest_native,eeg,,rest,signal_qc,random_forest,20260707,233,fixed_0_5,4,0.5,214,76,138,0.45709382151029754,0.3372463260742029,0.4874141876430206,0.4465295320582221,0.10526315789473684,0.8695652173913043,0.5981308411214953,0.24414933376435616,0.09425198568948813,0.12149532710280374
eeg_rest_native,eeg,,rest,signal_qc,random_forest,20260707,233,inner_cv,4,0.55,214,76,138,0.45709382151029754,0.3372463260742029,0.49799771167048057,0.42013376779283146,0.039473684210526314,0.9565217391304348,0.6308411214953271,0.24414933376435616,0.09425198568948813,0.04205607476635514
eeg_rest_native,eeg,,rest,signal_qc,hist_gradient_boosting,20260707,233,fixed_0_5,0,0.5,223,69,154,0.5448898927159797,0.36502226375432145,0.5275738753999624,0.5244135144236166,0.4057971014492754,0.6493506493506493,0.5739910313901345,0.24617019507639798,0.1884898174410224,0.36771300448430494
eeg_rest_native,eeg,,rest,signal_qc,hist_gradient_boosting,20260707,233,inner_cv,0,0.2,223,69,154,0.5448898927159797,0.36502226375432145,0.5,0.2363013698630137,1.0,0.0,0.3094170403587444,0.24617019507639798,0.1884898174410224,1.0
eeg_rest_native,eeg,,rest,signal_qc,hist_gradient_boosting,20260707,233,fixed_0_5,1,0.5,199,76,123,0.5021929824561404,0.435031111752982,0.5113393239195549,0.5108755979596691,0.42105263157894735,0.6016260162601627,0.5326633165829145,0.2491051767846539,0.10928486443821822,0.40703517587939697
eeg_rest_native,eeg,,rest,signal_qc,hist_gradient_boosting,20260707,233,inner_cv,1,0.55,199,76,123,0.5021929824561404,0.435031111752982,0.5247646555412923,0.44436794798240586,0.06578947368421052,0.983739837398374,0.6331658291457286,0.2491051767846539,0.10928486443821822,0.035175879396984924
eeg_rest_native,eeg,,rest,signal_qc,hist_gradient_boosting,20260707,233,fixed_0_5,2,0.5,198,66,132,0.5270316804407713,0.3584631118851639,0.5568181818181819,0.5473251028806584,0.5151515151515151,0.5984848484848485,0.5707070707070707,0.24813363229166538,0.1624845459218916,0.4393939393939394
eeg_rest_native,eeg,,rest,signal_qc,hist_gradient_boosting,20260707,233,inner_cv,2,0.4,198,66,132,0.5270316804407713,0.3584631118851639,0.5,0.25,1.0,0.0,0.3333333333333333,0.24813363229166538,0.1624845459218916,1.0
eeg_rest_native,eeg,,rest,signal_qc,hist_gradient_boosting,20260707,233,fixed_0_5,3,0.5,188,64,124,0.4601184475806452,0.3245243959791446,0.4944556451612903,0.49443402126328956,0.34375,0.6451612903225806,0.5425531914893617,0.2493708275673343,0.14726614307240538,0.35106382978723405
eeg_rest_native,eeg,,rest,signal_qc,hist_gradient_boosting,20260707,233,inner_cv,3,0.55,188,64,124,0.4601184475806452,0.3245243959791446,0.49899193548387094,0.439298245614035,0.0625,0.9354838709677419,0.6382978723404256,0.2493708275673343,0.14726614307240538,0.06382978723404255
eeg_rest_native,eeg,,rest,signal_qc,hist_gradient_boosting,20260707,233,fixed_0_5,4,0.5,214,76,138,0.4833142639206713,0.36849374059815054,0.47969107551487417,0.47969107551487417,0.32894736842105265,0.6304347826086957,0.5233644859813084,0.2490933224899546,0.13579614786743915,0.35514018691588783
eeg_rest_native,eeg,,rest,signal_qc,hist_gradient_boosting,20260707,233,inner_cv,4,0.55,214,76,138,0.4833142639206713,0.36849374059815054,0.4959954233409611,0.44107529621607855,0.07894736842105263,0.9130434782608695,0.616822429906542,0.2490933224899546,0.13579614786743915,0.08411214953271028
eeg_rest_native,eeg,,rest,signal_demographics,logistic_regression,20260707,221,fixed_0_5,0,0.5,223,69,154,0.5998494259363825,0.42584581599485927,0.5538302277432712,0.5362841622814463,0.5362318840579711,0.5714285714285714,0.5605381165919282,0.23532363699507228,0.16539657666033925,0.4618834080717489
eeg_rest_native,eeg,,rest,signal_demographics,logistic_regression,20260707,221,inner_cv,0,0.5,223,69,154,0.5998494259363825,0.42584581599485927,0.5538302277432712,0.5362841622814463,0.5362318840579711,0.5714285714285714,0.5605381165919282,0.23532363699507228,0.16539657666033925,0.4618834080717489
eeg_rest_native,eeg,,rest,signal_demographics,logistic_regression,20260707,221,fixed_0_5,1,0.5,199,76,123,0.5500641848523748,0.4359091910399236,0.5624197689345314,0.5570910973084886,0.5394736842105263,0.5853658536585366,0.5678391959798995,0.252734355082158,0.11902678726607523,0.4623115577889447
eeg_rest_native,eeg,,rest,signal_demographics,logistic_regression,20260707,221,inner_cv,1,0.45,199,76,123,0.5500641848523748,0.4359091910399236,0.4952396234488661,0.47214854111405835,0.5921052631578947,0.3983739837398374,0.4723618090452261,0.252734355082158,0.11902678726607523,0.5979899497487438
eeg_rest_native,eeg,,rest,signal_demographics,logistic_regression,20260707,221,fixed_0_5,2,0.5,198,66,132,0.5637052341597796,0.4035235462688087,0.5416666666666666,0.5228915662650602,0.5606060606060606,0.5227272727272727,0.5353535353535354,0.2526132312433207,0.18013865841960708,0.5050505050505051
eeg_rest_native,eeg,,rest,signal_demographics,logistic_regression,20260707,221,inner_cv,2,0.5,198,66,132,0.5637052341597796,0.4035235462688087,0.5416666666666666,0.5228915662650602,0.5606060606060606,0.5227272727272727,0.5353535353535354,0.2526132312433207,0.18013865841960708,0.5050505050505051
eeg_rest_native,eeg,,rest,signal_demographics,logistic_regression,20260707,221,fixed_0_5,3,0.5,188,64,124,0.5719506048387097,0.3772073002282152,0.5524193548387097,0.5453649798477385,0.5,0.6048387096774194,0.5691489361702128,0.24861691200733038,0.14945372333240206,0.4308510638297872
eeg_rest_native,eeg,,rest,signal_demographics,logistic_regression,20260707,221,inner_cv,3,0.5,188,64,124,0.5719506048387097,0.3772073002282152,0.5524193548387097,0.5453649798477385,0.5,0.6048387096774194,0.5691489361702128,0.24861691200733038,0.14945372333240206,0.4308510638297872
eeg_rest_native,eeg,,rest,signal_demographics,logistic_regression,20260707,221,fixed_0_5,4,0.5,214,76,138,0.5183066361556063,0.35975542075217615,0.5167810831426392,0.5042765502494654,0.5263157894736842,0.5072463768115942,0.514018691588785,0.26681900929305336,0.16565395901476332,0.5046728971962616
eeg_rest_native,eeg,,rest,signal_demographics,logistic_regression,20260707,221,inner_cv,4,0.4,214,76,138,0.5183066361556063,0.35975542075217615,0.5491990846681922,0.4657918572028188,0.8157894736842105,0.2826086956521739,0.4719626168224299,0.26681900929305336,0.16565395901476332,0.7523364485981309
eeg_rest_native,eeg,,rest,signal_demographics,random_forest,20260707,221,fixed_0_5,0,0.5,223,69,154,0.5680406549971768,0.3700093809421622,0.5125164690382081,0.48227828509518644,0.11594202898550725,0.9090909090909091,0.6636771300448431,0.21896784096060365,0.08731558082118776,0.09865470852017937
eeg_rest_native,eeg,,rest,signal_demographics,random_forest,20260707,221,inner_cv,0,0.4,223,69,154,0.5680406549971768,0.3700093809421622,0.5673348390739695,0.5374211749087289,0.6086956521739131,0.525974025974026,0.5515695067264574,0.21896784096060365,0.08731558082118776,0.515695067264574
eeg_rest_native,eeg,,rest,signal_demographics,random_forest,20260707,221,fixed_0_5,1,0.5,199,76,123,0.48224219084296105,0.3984858066638469,0.5082905434317502,0.4789910600255428,0.17105263157894737,0.8455284552845529,0.5879396984924623,0.24467383897003897,0.05680697409875303,0.16080402010050251
eeg_rest_native,eeg,,rest,signal_demographics,random_forest,20260707,221,inner_cv,1,0.4,199,76,123,0.48224219084296105,0.3984858066638469,0.5134253316217373,0.48235977473040886,0.6447368421052632,0.3821138211382114,0.4824120603015075,0.24467383897003897,0.05680697409875303,0.628140703517588
eeg_rest_native,eeg,,rest,signal_demographics,random_forest,20260707,221,fixed_0_5,2,0.5,198,66,132,0.5151515151515151,0.36634072613369373,0.5303030303030303,0.5117655347329858,0.18181818181818182,0.8787878787878788,0.6464646464646465,0.23208105245855107,0.07997130663816766,0.1414141414141414
eeg_rest_native,eeg,,rest,signal_demographics,random_forest,20260707,221,inner_cv,2,0.45,198,66,132,0.5151515151515151,0.36634072613369373,0.5227272727272727,0.5217391304347826,0.30303030303030304,0.7424242424242424,0.5959595959595959,0.23208105245855107,0.07997130663816766,0.2727272727272727
eeg_rest_native,eeg,,rest,signal_demographics,random_forest,20260707,221,fixed_0_5,3,0.5,188,64,124,0.5194052419354838,0.3440319006462986,0.48966733870967744,0.4642653596261256,0.140625,0.8387096774193549,0.601063829787234,0.2342290482141756,0.061447118829957084,0.15425531914893617
eeg_rest_native,eeg,,rest,signal_demographics,random_forest,20260707,221,inner_cv,3,0.35,188,64,124,0.5194052419354838,0.3440319006462986,0.517641129032258,0.47303151278348765,0.65625,0.3790322580645161,0.4734042553191489,0.2342290482141756,0.061447118829957084,0.6329787234042553
eeg_rest_native,eeg,,rest,signal_demographics,random_forest,20260707,221,fixed_0_5,4,0.5,214,76,138,0.520785659801678,0.3632240408370425,0.4808352402745995,0.4362794077572895,0.09210526315789473,0.8695652173913043,0.5934579439252337,0.23859270228967916,0.04888089902722504,0.11682242990654206
eeg_rest_native,eeg,,rest,signal_demographics,random_forest,20260707,221,inner_cv,4,0.55,214,76,138,0.520785659801678,0.3632240408370425,0.49008390541571323,0.42314266929651545,0.05263157894736842,0.927536231884058,0.616822429906542,0.23859270228967916,0.04888089902722504,0.06542056074766354
eeg_rest_native,eeg,,rest,signal_demographics,hist_gradient_boosting,20260707,221,fixed_0_5,0,0.5,223,69,154,0.6205533596837945,0.38853393501295025,0.6030491247882552,0.5797709034703256,0.6086956521739131,0.5974025974025974,0.600896860986547,0.2407287003906169,0.18217258003479875,0.4663677130044843
eeg_rest_native,eeg,,rest,signal_demographics,hist_gradient_boosting,20260707,221,inner_cv,0,0.5,223,69,154,0.6205533596837945,0.38853393501295025,0.6030491247882552,0.5797709034703256,0.6086956521739131,0.5974025974025974,0.600896860986547,0.2407287003906169,0.18217258003479875,0.4663677130044843
eeg_rest_native,eeg,,rest,signal_demographics,hist_gradient_boosting,20260707,221,fixed_0_5,1,0.5,199,76,123,0.5463735558408215,0.46901452785297193,0.5579803166452717,0.5572155117609663,0.47368421052631576,0.6422764227642277,0.5778894472361809,0.24648418416774734,0.11008584705838273,0.4020100502512563
eeg_rest_native,eeg,,rest,signal_demographics,hist_gradient_boosting,20260707,221,inner_cv,1,0.5,199,76,123,0.5463735558408215,0.46901452785297193,0.5579803166452717,0.5572155117609663,0.47368421052631576,0.6422764227642277,0.5778894472361809,0.24648418416774734,0.11008584705838273,0.4020100502512563
eeg_rest_native,eeg,,rest,signal_demographics,hist_gradient_boosting,20260707,221,fixed_0_5,2,0.5,198,66,132,0.5592860422405878,0.38143406905049193,0.5643939393939394,0.5143587123147675,0.7121212121212122,0.4166666666666667,0.5151515151515151,0.24663096379938076,0.16374951503843901,0.6262626262626263
eeg_rest_native,eeg,,rest,signal_demographics,hist_gradient_boosting,20260707,221,inner_cv,2,0.45,198,66,132,0.5592860422405878,0.38143406905049193,0.5303030303030303,0.43418376541461784,0.803030303030303,0.25757575757575757,0.4393939393939394,0.24663096379938076,0.16374951503843901,0.7626262626262627
eeg_rest_native,eeg,,rest,signal_demographics,hist_gradient_boosting,20260707,221,fixed_0_5,3,0.5,188,64,124,0.49143145161290325,0.3245709614513125,0.49974798387096775,0.48403871154123934,0.515625,0.4838709677419355,0.4946808510638298,0.24973680776446802,0.15412071973635338,0.5159574468085106
eeg_rest_native,eeg,,rest,signal_demographics,hist_gradient_boosting,20260707,221,inner_cv,3,0.45,188,64,124,0.49143145161290325,0.3245709614513125,0.5189012096774194,0.4080023111367904,0.828125,0.20967741935483872,0.42021276595744683,0.24973680776446802,0.15412071973635338,0.8031914893617021
eeg_rest_native,eeg,,rest,signal_demographics,hist_gradient_boosting,20260707,221,fixed_0_5,4,0.5,214,76,138,0.5590198321891686,0.39630422400888277,0.5237414187643021,0.5198717948717948,0.4605263157894737,0.5869565217391305,0.5420560747663551,0.24481753677665044,0.1324379399271202,0.42990654205607476
eeg_rest_native,eeg,,rest,signal_demographics,hist_gradient_boosting,20260707,221,inner_cv,4,0.55,214,76,138,0.5590198321891686,0.39630422400888277,0.4910373760488177,0.44923850183183456,0.10526315789473684,0.8768115942028986,0.602803738317757,0.24481753677665044,0.1324379399271202,0.11682242990654206
eeg_rest_native,eeg,,rest,signal_qc_demographics,logistic_regression,20260707,237,fixed_0_5,0,0.5,223,69,154,0.6004140786749483,0.4337418678291439,0.5700639939770376,0.5548902195608783,0.5362318840579711,0.6038961038961039,0.5829596412556054,0.23524738780826568,0.1638873517123109,0.43946188340807174
eeg_rest_native,eeg,,rest,signal_qc_demographics,logistic_regression,20260707,237,inner_cv,0,0.45,223,69,154,0.6004140786749483,0.4337418678291439,0.5928383210991907,0.5385083590326245,0.7246376811594203,0.461038961038961,0.5426008968609866,0.23524738780826568,0.1638873517123109,0.5964125560538116
eeg_rest_native,eeg,,rest,signal_qc_demographics,logistic_regression,20260707,237,fixed_0_5,1,0.5,199,76,123,0.5452503209242618,0.43723703049923945,0.5188810440735987,0.5168515859548362,0.4605263157894737,0.5772357723577236,0.5326633165829145,0.25291000361300586,0.11815368047365135,0.4371859296482412
eeg_rest_native,eeg,,rest,signal_qc_demographics,logistic_regression,20260707,237,inner_cv,1,0.45,199,76,123,0.5452503209242618,0.43723703049923945,0.4977535301668806,0.4723085082203198,0.6052631578947368,0.3902439024390244,0.4723618090452261,0.25291000361300586,0.11815368047365135,0.6080402010050251
eeg_rest_native,eeg,,rest,signal_qc_demographics,logistic_regression,20260707,237,fixed_0_5,2,0.5,198,66,132,0.5680670339761249,0.4043652310725553,0.5568181818181819,0.5376623376623377,0.5757575757575758,0.5378787878787878,0.5505050505050505,0.25244821584132204,0.17659471698243745,0.5
eeg_rest_native,eeg,,rest,signal_qc_demographics,logistic_regression,20260707,237,inner_cv,2,0.45,198,66,132,0.5680670339761249,0.4043652310725553,0.5568181818181819,0.4998851894374282,0.7272727272727273,0.38636363636363635,0.5,0.25244821584132204,0.17659471698243745,0.6515151515151515
eeg_rest_native,eeg,,rest,signal_qc_demographics,logistic_regression,20260707,237,fixed_0_5,3,0.5,188,64,124,0.5704385080645161,0.3786594694338667,0.556703629032258,0.5517730496453901,0.484375,0.6290322580645161,0.5797872340425532,0.24873287430147603,0.14057387580566405,0.4095744680851064
eeg_rest_native,eeg,,rest,signal_qc_demographics,logistic_regression,20260707,237,inner_cv,3,0.5,188,64,124,0.5704385080645161,0.3786594694338667,0.556703629032258,0.5517730496453901,0.484375,0.6290322580645161,0.5797872340425532,0.24873287430147603,0.14057387580566405,0.4095744680851064
eeg_rest_native,eeg,,rest,signal_qc_demographics,logistic_regression,20260707,237,fixed_0_5,4,0.5,214,76,138,0.5177345537757437,0.3594197144197657,0.49208619374523266,0.4782801418439717,0.5131578947368421,0.47101449275362317,0.48598130841121495,0.2682328127927567,0.18212376091348026,0.5233644859813084
eeg_rest_native,eeg,,rest,signal_qc_demographics,logistic_regression,20260707,237,inner_cv,4,0.55,214,76,138,0.5177345537757437,0.3594197144197657,0.5060068649885584,0.5057503770739065,0.3815789473684211,0.6304347826086957,0.5420560747663551,0.2682328127927567,0.18212376091348026,0.37383177570093457
eeg_rest_native,eeg,,rest,signal_qc_demographics,random_forest,20260707,237,fixed_0_5,0,0.5,223,69,154,0.5809335591944288,0.38287122643823346,0.5132693393562958,0.48779013539651833,0.13043478260869565,0.8961038961038961,0.6591928251121076,0.21966714293289472,0.09134292381322535,0.11210762331838565
eeg_rest_native,eeg,,rest,signal_qc_demographics,random_forest,20260707,237,inner_cv,0,0.45,223,69,154,0.5809335591944288,0.38287122643823346,0.5740165631469979,0.5761607385283736,0.36231884057971014,0.7857142857142857,0.6547085201793722,0.21966714293289472,0.09134292381322535,0.2600896860986547
eeg_rest_native,eeg,,rest,signal_qc_demographics,random_forest,20260707,237,fixed_0_5,1,0.5,199,76,123,0.4979674796747967,0.4029253177060574,0.5088789045785195,0.4657718120805369,0.13157894736842105,0.8861788617886179,0.5979899497487438,0.2437913387258974,0.07088620690551023,0.12060301507537688
eeg_rest_native,eeg,,rest,signal_qc_demographics,random_forest,20260707,237,inner_cv,1,0.4,199,76,123,0.4979674796747967,0.4029253177060574,0.5016581086863501,0.5003138731952291,0.4342105263157895,0.5691056910569106,0.5175879396984925,0.2437913387258974,0.07088620690551023,0.4321608040201005
eeg_rest_native,eeg,,rest,signal_qc_demographics,random_forest,20260707,237,fixed_0_5,2,0.5,198,66,132,0.5024104683195592,0.3678006465653716,0.5075757575757576,0.4792289677535579,0.13636363636363635,0.8787878787878788,0.6313131313131313,0.23381197361547087,0.0926886166395083,0.12626262626262627
eeg_rest_native,eeg,,rest,signal_qc_demographics,random_forest,20260707,237,inner_cv,2,0.4,198,66,132,0.5024104683195592,0.3678006465653716,0.5227272727272727,0.49431158579057344,0.5909090909090909,0.45454545454545453,0.5,0.23381197361547087,0.0926886166395083,0.5606060606060606
eeg_rest_native,eeg,,rest,signal_qc_demographics,random_forest,20260707,237,fixed_0_5,3,0.5,188,64,124,0.530241935483871,0.3603738152109372,0.5022681451612903,0.46347031963470314,0.109375,0.8951612903225806,0.6276595744680851,0.2312319396165188,0.09247653580946238,0.10638297872340426
eeg_rest_native,eeg,,rest,signal_qc_demographics,random_forest,20260707,237,inner_cv,3,0.35,188,64,124,0.530241935483871,0.3603738152109372,0.5252016129032258,0.4733893557422969,0.6875,0.3629032258064516,0.4734042553191489,0.2312319396165188,0.09247653580946238,0.6542553191489362
eeg_rest_native,eeg,,rest,signal_qc_demographics,random_forest,20260707,237,fixed_0_5,4,0.5,214,76,138,0.51906941266209,0.36396627478195465,0.4946605644546148,0.4519512195121951,0.10526315789473684,0.8840579710144928,0.6074766355140186,0.23662676512240588,0.07615638655326047,0.11214953271028037
eeg_rest_native,eeg,,rest,signal_qc_demographics,random_forest,20260707,237,inner_cv,4,0.5,214,76,138,0.51906941266209,0.36396627478195465,0.4946605644546148,0.4519512195121951,0.10526315789473684,0.8840579710144928,0.6074766355140186,0.23662676512240588,0.07615638655326047,0.11214953271028037
eeg_rest_native,eeg,,rest,signal_qc_demographics,hist_gradient_boosting,20260707,237,fixed_0_5,0,0.5,223,69,154,0.6247412008281574,0.38919801933395387,0.6070487483530962,0.581507643647865,0.6231884057971014,0.5909090909090909,0.600896860986547,0.2404648152473547,0.1819095798697207,0.47533632286995514
eeg_rest_native,eeg,,rest,signal_qc_demographics,hist_gradient_boosting,20260707,237,inner_cv,0,0.5,223,69,154,0.6247412008281574,0.38919801933395387,0.6070487483530962,0.581507643647865,0.6231884057971014,0.5909090909090909,0.600896860986547,0.2404648152473547,0.1819095798697207,0.47533632286995514
eeg_rest_native,eeg,,rest,signal_qc_demographics,hist_gradient_boosting,20260707,237,fixed_0_5,1,0.5,199,76,123,0.5486735130509198,0.46444141975736347,0.5564291827128798,0.5548801347332964,0.4868421052631579,0.6260162601626016,0.5728643216080402,0.2464766291548332,0.11612575454808957,0.41708542713567837
eeg_rest_native,eeg,,rest,signal_qc_demographics,hist_gradient_boosting,20260707,237,inner_cv,1,0.5,199,76,123,0.5486735130509198,0.46444141975736347,0.5564291827128798,0.5548801347332964,0.4868421052631579,0.6260162601626016,0.5728643216080402,0.2464766291548332,0.11612575454808957,0.41708542713567837
eeg_rest_native,eeg,,rest,signal_qc_demographics,hist_gradient_boosting,20260707,237,fixed_0_5,2,0.5,198,66,132,0.5675505050505051,0.3814175341812231,0.5643939393939394,0.5143587123147675,0.7121212121212122,0.4166666666666667,0.5151515151515151,0.24605991963581583,0.16325870505358248,0.6262626262626263
eeg_rest_native,eeg,,rest,signal_qc_demographics,hist_gradient_boosting,20260707,237,inner_cv,2,0.5,198,66,132,0.5675505050505051,0.3814175341812231,0.5643939393939394,0.5143587123147675,0.7121212121212122,0.4166666666666667,0.5151515151515151,0.24605991963581583,0.16325870505358248,0.6262626262626263
eeg_rest_native,eeg,,rest,signal_qc_demographics,hist_gradient_boosting,20260707,237,fixed_0_5,3,0.5,188,64,124,0.46629284274193544,0.30767400015836754,0.4760584677419355,0.46231402571139674,0.484375,0.46774193548387094,0.4734042553191489,0.2511269762600914,0.16078438102497153,0.5159574468085106
eeg_rest_native,eeg,,rest,signal_qc_demographics,hist_gradient_boosting,20260707,237,inner_cv,3,0.5,188,64,124,0.46629284274193544,0.30767400015836754,0.4760584677419355,0.46231402571139674,0.484375,0.46774193548387094,0.4734042553191489,0.2511269762600914,0.16078438102497153,0.5159574468085106
eeg_rest_native,eeg,,rest,signal_qc_demographics,hist_gradient_boosting,20260707,237,fixed_0_5,4,0.5,214,76,138,0.561832570556827,0.39737957033763505,0.5237414187643021,0.5198717948717948,0.4605263157894737,0.5869565217391305,0.5420560747663551,0.244892351141438,0.1328935419581837,0.42990654205607476
eeg_rest_native,eeg,,rest,signal_qc_demographics,hist_gradient_boosting,20260707,237,inner_cv,4,0.55,214,76,138,0.561832570556827,0.39737957033763505,0.4946605644546148,0.4519512195121951,0.10526315789473684,0.8840579710144928,0.6074766355140186,0.244892351141438,0.1328935419581837,0.11214953271028037
eeg_oddball_native,eeg,,oddball,no_information,no_information_prior,20260707,0,fixed_0_5,0,0.5,362,122,240,0.5,0.3370165745856354,0.5,0.3986710963455149,0.0,1.0,0.6629834254143646,0.223446824177798,0.003228178681198457,0.0
eeg_oddball_native,eeg,,oddball,no_information,no_information_prior,20260707,0,inner_cv,0,0.5,362,122,240,0.5,0.3370165745856354,0.5,0.3986710963455149,0.0,1.0,0.6629834254143646,0.223446824177798,0.003228178681198457,0.0
eeg_oddball_native,eeg,,oddball,no_information,no_information_prior,20260707,0,fixed_0_5,1,0.5,368,122,246,0.5,0.33152173913043476,0.5,0.4006514657980456,0.0,1.0,0.6684782608695652,0.22162832033790755,0.003639330095062121,0.0
eeg_oddball_native,eeg,,oddball,no_information,no_information_prior,20260707,0,inner_cv,1,0.5,368,122,246,0.5,0.33152173913043476,0.5,0.4006514657980456,0.0,1.0,0.6684782608695652,0.22162832033790755,0.003639330095062121,0.0
eeg_oddball_native,eeg,,oddball,no_information,no_information_prior,20260707,0,fixed_0_5,2,0.5,369,128,241,0.5,0.34688346883468835,0.5,0.3950819672131148,0.0,1.0,0.6531165311653117,0.2267989297024505,0.015607748670079302,0.0
eeg_oddball_native,eeg,,oddball,no_information,no_information_prior,20260707,0,inner_cv,2,0.5,369,128,241,0.5,0.34688346883468835,0.5,0.3950819672131148,0.0,1.0,0.6531165311653117,0.2267989297024505,0.015607748670079302,0.0
eeg_oddball_native,eeg,,oddball,no_information,no_information_prior,20260707,0,fixed_0_5,3,0.5,363,123,240,0.5,0.33884297520661155,0.5,0.39800995024875624,0.0,1.0,0.6611570247933884,0.22405876951331502,0.0055096418732781816,0.0
eeg_oddball_native,eeg,,oddball,no_information,no_information_prior,20260707,0,inner_cv,3,0.5,363,123,240,0.5,0.33884297520661155,0.5,0.39800995024875624,0.0,1.0,0.6611570247933884,0.22405876951331502,0.0055096418732781816,0.0
eeg_oddball_native,eeg,,oddball,no_information,no_information_prior,20260707,0,fixed_0_5,4,0.5,365,116,249,0.5,0.3178082191780822,0.5,0.40553745928338764,0.0,1.0,0.6821917808219178,0.2172375093611361,0.020769072203586703,0.0
eeg_oddball_native,eeg,,oddball,no_information,no_information_prior,20260707,0,inner_cv,4,0.5,365,116,249,0.5,0.3178082191780822,0.5,0.40553745928338764,0.0,1.0,0.6821917808219178,0.2172375093611361,0.020769072203586703,0.0
eeg_oddball_native,eeg,,oddball,demographics,logistic_regression,20260707,4,fixed_0_5,0,0.5,362,122,240,0.596653005464481,0.41695688902517136,0.5782103825136612,0.5560502737874847,0.6147540983606558,0.5416666666666666,0.5662983425414365,0.24292362742272347,0.16133247225164116,0.511049723756906
eeg_oddball_native,eeg,,oddball,demographics,logistic_regression,20260707,4,inner_cv,0,0.5,362,122,240,0.596653005464481,0.41695688902517136,0.5782103825136612,0.5560502737874847,0.6147540983606558,0.5416666666666666,0.5662983425414365,0.24292362742272347,0.16133247225164116,0.511049723756906
eeg_oddball_native,eeg,,oddball,demographics,logistic_regression,20260707,4,fixed_0_5,1,0.5,368,122,246,0.6015427162468345,0.42338256538029134,0.5959616153538585,0.5770892709386779,0.6065573770491803,0.5853658536585366,0.592391304347826,0.23919743426152212,0.15314349476929223,0.4782608695652174
eeg_oddball_native,eeg,,oddball,demographics,logistic_regression,20260707,4,inner_cv,1,0.5,368,122,246,0.6015427162468345,0.42338256538029134,0.5959616153538585,0.5770892709386779,0.6065573770491803,0.5853658536585366,0.592391304347826,0.23919743426152212,0.15314349476929223,0.4782608695652174
eeg_oddball_native,eeg,,oddball,demographics,logistic_regression,20260707,4,fixed_0_5,2,0.5,369,128,241,0.6012545383817427,0.4346658944299574,0.5645098547717842,0.5461935329053932,0.59375,0.5352697095435685,0.5555555555555556,0.24392327440822414,0.15001887248705267,0.5094850948509485
eeg_oddball_native,eeg,,oddball,demographics,logistic_regression,20260707,4,inner_cv,2,0.5,369,128,241,0.6012545383817427,0.4346658944299574,0.5645098547717842,0.5461935329053932,0.59375,0.5352697095435685,0.5555555555555556,0.24392327440822414,0.15001887248705267,0.5094850948509485
eeg_oddball_native,eeg,,oddball,demographics,logistic_regression,20260707,4,fixed_0_5,3,0.5,363,123,240,0.6136517615176152,0.4338395351453084,0.5941565040650407,0.5714285714285714,0.6341463414634146,0.5541666666666667,0.581267217630854,0.24128617026829366,0.153465800020186,0.509641873278237
eeg_oddball_native,eeg,,oddball,demographics,logistic_regression,20260707,4,inner_cv,3,0.5,363,123,240,0.6136517615176152,0.4338395351453084,0.5941565040650407,0.5714285714285714,0.6341463414634146,0.5541666666666667,0.581267217630854,0.24128617026829366,0.153465800020186,0.509641873278237
eeg_oddball_native,eeg,,oddball,demographics,logistic_regression,20260707,4,fixed_0_5,4,0.5,365,116,249,0.6172967733000971,0.4126248216489059,0.6026866085029774,0.5715962441314553,0.6551724137931034,0.5502008032128514,0.5835616438356165,0.24172005884582182,0.18094079220255926,0.5150684931506849
eeg_oddball_native,eeg,,oddball,demographics,logistic_regression,20260707,4,inner_cv,4,0.5,365,116,249,0.6172967733000971,0.4126248216489059,0.6026866085029774,0.5715962441314553,0.6551724137931034,0.5502008032128514,0.5835616438356165,0.24172005884582182,0.18094079220255926,0.5150684931506849
eeg_oddball_native,eeg,,oddball,demographics,random_forest,20260707,4,fixed_0_5,0,0.5,362,122,240,0.5865437158469946,0.40768012408624876,0.5502732240437158,0.5460870847982691,0.4672131147540984,0.6333333333333333,0.5773480662983426,0.24324831000899075,0.15422352790395893,0.4005524861878453
eeg_oddball_native,eeg,,oddball,demographics,random_forest,20260707,4,inner_cv,0,0.55,362,122,240,0.5865437158469946,0.40768012408624876,0.5446379781420765,0.544724211390878,0.39344262295081966,0.6958333333333333,0.5939226519337016,0.24324831000899075,0.15422352790395893,0.3342541436464088
eeg_oddball_native,eeg,,oddball,demographics,random_forest,20260707,4,fixed_0_5,1,0.5,368,122,246,0.6059742769558844,0.42836486151389963,0.6040250566440091,0.5892857142857143,0.5901639344262295,0.6178861788617886,0.6086956521739131,0.23876594788848898,0.14767716066010675,0.45108695652173914
eeg_oddball_native,eeg,,oddball,demographics,random_forest,20260707,4,inner_cv,1,0.55,368,122,246,0.6059742769558844,0.42836486151389963,0.5767026522724243,0.5785764622973926,0.36885245901639346,0.7845528455284553,0.6467391304347826,0.23876594788848898,0.14767716066010675,0.266304347826087
eeg_oddball_native,eeg,,oddball,demographics,random_forest,20260707,4,fixed_0_5,2,0.5,369,128,241,0.5829713433609958,0.4132238476220403,0.5543795383817427,0.5358490566037737,0.5859375,0.5228215767634855,0.5447154471544715,0.2457329730871377,0.14657833292374522,0.5149051490514905
eeg_oddball_native,eeg,,oddball,demographics,random_forest,20260707,4,inner_cv,2,0.5,369,128,241,0.5829713433609958,0.4132238476220403,0.5543795383817427,0.5358490566037737,0.5859375,0.5228215767634855,0.5447154471544715,0.2457329730871377,0.14657833292374522,0.5149051490514905
eeg_oddball_native,eeg,,oddball,demographics,random_forest,20260707,4,fixed_0_5,3,0.5,363,123,240,0.5976964769647697,0.41477608420299933,0.5818597560975609,0.5601503759398496,0.6178861788617886,0.5458333333333333,0.5702479338842975,0.24230113040896126,0.15065624134470962,0.509641873278237
eeg_oddball_native,eeg,,oddball,demographics,random_forest,20260707,4,inner_cv,3,0.5,363,123,240,0.5976964769647697,0.41477608420299933,0.5818597560975609,0.5601503759398496,0.6178861788617886,0.5458333333333333,0.5702479338842975,0.24230113040896126,0.15065624134470962,0.509641873278237
eeg_oddball_native,eeg,,oddball,demographics,random_forest,20260707,4,fixed_0_5,4,0.5,365,116,249,0.6260213266860546,0.40783137061679636,0.5960220191109264,0.5793894889095519,0.5775862068965517,0.6144578313253012,0.6027397260273972,0.23905337525798062,0.17571020918196323,0.4465753424657534
eeg_oddball_native,eeg,,oddball,demographics,random_forest,20260707,4,inner_cv,4,0.55,365,116,249,0.6260213266860546,0.40783137061679636,0.5890631491483174,0.5840853704181187,0.49137931034482757,0.6867469879518072,0.6246575342465753,0.23905337525798062,0.17571020918196323,0.3698630136986301
eeg_oddball_native,eeg,,oddball,demographics,hist_gradient_boosting,20260707,4,fixed_0_5,0,0.5,362,122,240,0.5974556010928962,0.41611855615538174,0.5523565573770491,0.5483468496568933,0.4672131147540984,0.6375,0.580110497237569,0.24473489993022213,0.16045994659393917,0.39779005524861877
eeg_oddball_native,eeg,,oddball,demographics,hist_gradient_boosting,20260707,4,inner_cv,0,0.5,362,122,240,0.5974556010928962,0.41611855615538174,0.5523565573770491,0.5483468496568933,0.4672131147540984,0.6375,0.580110497237569,0.24473489993022213,0.16045994659393917,0.39779005524861877
eeg_oddball_native,eeg,,oddball,demographics,hist_gradient_boosting,20260707,4,fixed_0_5,1,0.5,368,122,246,0.5979108356657337,0.40154945915990303,0.5697054511528722,0.5374532395630705,0.6475409836065574,0.491869918699187,0.5434782608695652,0.24316639295591644,0.16030590677075568,0.5543478260869565
eeg_oddball_native,eeg,,oddball,demographics,hist_gradient_boosting,20260707,4,inner_cv,1,0.5,368,122,246,0.5979108356657337,0.40154945915990303,0.5697054511528722,0.5374532395630705,0.6475409836065574,0.491869918699187,0.5434782608695652,0.24316639295591644,0.16030590677075568,0.5543478260869565
eeg_oddball_native,eeg,,oddball,demographics,hist_gradient_boosting,20260707,4,fixed_0_5,2,0.5,369,128,241,0.5865372147302904,0.41451660076100005,0.5601173495850622,0.5396355812546224,0.6015625,0.5186721991701245,0.5474254742547425,0.24561772232820267,0.1513636807782845,0.5230352303523035
eeg_oddball_native,eeg,,oddball,demographics,hist_gradient_boosting,20260707,4,inner_cv,2,0.5,369,128,241,0.5865372147302904,0.41451660076100005,0.5601173495850622,0.5396355812546224,0.6015625,0.5186721991701245,0.5474254742547425,0.24561772232820267,0.1513636807782845,0.5230352303523035
eeg_oddball_native,eeg,,oddball,demographics,hist_gradient_boosting,20260707,4,fixed_0_5,3,0.5,363,123,240,0.607909891598916,0.410825344400908,0.5884146341463414,0.5722030169704588,0.5934959349593496,0.5833333333333334,0.5867768595041323,0.2439114760326731,0.1579812244884115,0.4765840220385675
eeg_oddball_native,eeg,,oddball,demographics,hist_gradient_boosting,20260707,4,inner_cv,3,0.5,363,123,240,0.607909891598916,0.410825344400908,0.5884146341463414,0.5722030169704588,0.5934959349593496,0.5833333333333334,0.5867768595041323,0.2439114760326731,0.1579812244884115,0.4765840220385675
eeg_oddball_native,eeg,,oddball,demographics,hist_gradient_boosting,20260707,4,fixed_0_5,4,0.5,365,116,249,0.6306605733277939,0.4073117472291996,0.6104244564464756,0.5827792940956913,0.646551724137931,0.5742971887550201,0.5972602739726027,0.24338578525147425,0.18124410106271888,0.4958904109589041
eeg_oddball_native,eeg,,oddball,demographics,hist_gradient_boosting,20260707,4,inner_cv,4,0.5,365,116,249,0.6306605733277939,0.4073117472291996,0.6104244564464756,0.5827792940956913,0.646551724137931,0.5742971887550201,0.5972602739726027,0.24338578525147425,0.18124410106271888,0.4958904109589041
eeg_oddball_native,eeg,,oddball,qc,logistic_regression,20260707,16,fixed_0_5,0,0.5,362,122,240,0.5042008196721312,0.35811635111447665,0.49576502732240435,0.48014485514485516,0.5081967213114754,0.48333333333333334,0.49171270718232046,0.2508658284638207,0.16167337724476502,0.5138121546961326
eeg_oddball_native,eeg,,oddball,qc,logistic_regression,20260707,16,inner_cv,0,0.5,362,122,240,0.5042008196721312,0.35811635111447665,0.49576502732240435,0.48014485514485516,0.5081967213114754,0.48333333333333334,0.49171270718232046,0.2508658284638207,0.16167337724476502,0.5138121546961326
eeg_oddball_native,eeg,,oddball,qc,logistic_regression,20260707,16,fixed_0_5,1,0.5,368,122,246,0.5034652805544448,0.3444274174678391,0.5059309609489537,0.49801587301587297,0.45901639344262296,0.5528455284552846,0.5217391304347826,0.24972178139506165,0.16781198026733674,0.45108695652173914
eeg_oddball_native,eeg,,oddball,qc,logistic_regression,20260707,16,inner_cv,1,0.2,368,122,246,0.5034652805544448,0.3444274174678391,0.5,0.24897959183673468,1.0,0.0,0.33152173913043476,0.24972178139506165,0.16781198026733674,1.0
eeg_oddball_native,eeg,,oddball,qc,logistic_regression,20260707,16,fixed_0_5,2,0.5,369,128,241,0.4626880186721992,0.32742246472437964,0.4771135892116183,0.4669555796316359,0.46875,0.4854771784232365,0.4796747967479675,0.2524904063058407,0.15610221834384697,0.4986449864498645
eeg_oddball_native,eeg,,oddball,qc,logistic_regression,20260707,16,inner_cv,2,0.5,369,128,241,0.4626880186721992,0.32742246472437964,0.4771135892116183,0.4669555796316359,0.46875,0.4854771784232365,0.4796747967479675,0.2524904063058407,0.15610221834384697,0.4986449864498645
eeg_oddball_native,eeg,,oddball,qc,logistic_regression,20260707,16,fixed_0_5,3,0.5,363,123,240,0.5080962059620596,0.35882125574817814,0.5030487804878049,0.4995121951219513,0.42276422764227645,0.5833333333333334,0.5289256198347108,0.24992000219282587,0.1601393125021676,0.418732782369146
eeg_oddball_native,eeg,,oddball,qc,logistic_regression,20260707,16,inner_cv,3,0.6,363,123,240,0.5080962059620596,0.35882125574817814,0.4979166666666667,0.39700996677740863,0.0,0.9958333333333333,0.6584022038567493,0.24992000219282587,0.1601393125021676,0.0027548209366391185
eeg_oddball_native,eeg,,oddball,qc,logistic_regression,20260707,16,fixed_0_5,4,0.5,365,116,249,0.5334095000692425,0.3347374626681873,0.5119270184185016,0.4917063811351117,0.5258620689655172,0.4979919678714859,0.5068493150684932,0.24968918591459152,0.18217644468755162,0.5095890410958904
eeg_oddball_native,eeg,,oddball,qc,logistic_regression,20260707,16,inner_cv,4,0.55,365,116,249,0.5334095000692425,0.3347374626681873,0.4919678714859438,0.4016393442622951,0.0,0.9839357429718876,0.6712328767123288,0.24968918591459152,0.18217644468755162,0.010958904109589041
eeg_oddball_native,eeg,,oddball,qc,random_forest,20260707,16,fixed_0_5,0,0.5,362,122,240,0.4908640710382513,0.34851531621719434,0.5031079234972677,0.5023287979403261,0.3770491803278688,0.6291666666666667,0.5441988950276243,0.24924156553029805,0.1577592996122208,0.3729281767955801
eeg_oddball_native,eeg,,oddball,qc,random_forest,20260707,16,inner_cv,0,0.3,362,122,240,0.4908640710382513,0.34851531621719434,0.5001366120218579,0.2673061877062285,0.9836065573770492,0.016666666666666666,0.3425414364640884,0.24924156553029805,0.1577592996122208,0.9834254143646409
eeg_oddball_native,eeg,,oddball,qc,random_forest,20260707,16,fixed_0_5,1,0.5,368,122,246,0.47520991603358653,0.342043766623086,0.4853058776489404,0.4831091536721818,0.38524590163934425,0.5853658536585366,0.5190217391304348,0.25004756579977,0.15487484223893253,0.4048913043478261
eeg_oddball_native,eeg,,oddball,qc,random_forest,20260707,16,inner_cv,1,0.4,368,122,246,0.47520991603358653,0.342043766623086,0.48730507796881245,0.3214610806395145,0.8770491803278688,0.0975609756097561,0.35597826086956524,0.25004756579977,0.15487484223893253,0.8940217391304348
eeg_oddball_native,eeg,,oddball,qc,random_forest,20260707,16,fixed_0_5,2,0.5,369,128,241,0.48497471473029047,0.3487799496499008,0.4936948910788382,0.49367921081476074,0.3359375,0.6514522821576764,0.5420054200542005,0.25074038230991935,0.15679870564873902,0.34417344173441733
eeg_oddball_native,eeg,,oddball,qc,random_forest,20260707,16,inner_cv,2,0.3,369,128,241,0.48497471473029047,0.3487799496499008,0.5020746887966805,0.2621967475339909,1.0,0.004149377593360996,0.34959349593495936,0.25074038230991935,0.15679870564873902,0.997289972899729
eeg_oddball_native,eeg,,oddball,qc,random_forest,20260707,16,fixed_0_5,3,0.5,363,123,240,0.4732215447154472,0.3223500662103823,0.4764735772357723,0.4745894282318123,0.3821138211382114,0.5708333333333333,0.5068870523415978,0.25007969724621043,0.15480172814748572,0.4132231404958678
eeg_oddball_native,eeg,,oddball,qc,random_forest,20260707,16,inner_cv,3,0.6,363,123,240,0.4732215447154472,0.3223500662103823,0.49375,0.39499999999999996,0.0,0.9875,0.6528925619834711,0.25007969724621043,0.15480172814748572,0.008264462809917356
eeg_oddball_native,eeg,,oddball,qc,random_forest,20260707,16,fixed_0_5,4,0.5,365,116,249,0.4506301066334302,0.282224393222276,0.4592681069104002,0.4584347769061145,0.33620689655172414,0.5823293172690763,0.5041095890410959,0.25419989824489064,0.1647189087267929,0.3917808219178082
eeg_oddball_native,eeg,,oddball,qc,random_forest,20260707,16,inner_cv,4,0.5,365,116,249,0.4506301066334302,0.282224393222276,0.4592681069104002,0.4584347769061145,0.33620689655172414,0.5823293172690763,0.5041095890410959,0.25419989824489064,0.1647189087267929,0.3917808219178082
eeg_oddball_native,eeg,,oddball,qc,hist_gradient_boosting,20260707,16,fixed_0_5,0,0.5,362,122,240,0.4908299180327869,0.337896054675198,0.5078893442622952,0.507038766270515,0.30327868852459017,0.7125,0.574585635359116,0.25059863689986006,0.16184090859551065,0.292817679558011
eeg_oddball_native,eeg,,oddball,qc,hist_gradient_boosting,20260707,16,inner_cv,0,0.45,362,122,240,0.4908299180327869,0.337896054675198,0.5001366120218579,0.2673061877062285,0.9836065573770492,0.016666666666666666,0.3425414364640884,0.25059863689986006,0.16184090859551065,0.9834254143646409
eeg_oddball_native,eeg,,oddball,qc,hist_gradient_boosting,20260707,16,fixed_0_5,1,0.5,368,122,246,0.48653871784619485,0.3311524826252961,0.47694255631080895,0.47698238964942663,0.32786885245901637,0.6260162601626016,0.5271739130434783,0.24932548139606117,0.1669517556888441,0.358695652173913
eeg_oddball_native,eeg,,oddball,qc,hist_gradient_boosting,20260707,16,inner_cv,1,0.2,368,122,246,0.48653871784619485,0.3311524826252961,0.5,0.24897959183673468,1.0,0.0,0.33152173913043476,0.24932548139606117,0.1669517556888441,1.0
eeg_oddball_native,eeg,,oddball,qc,hist_gradient_boosting,20260707,16,fixed_0_5,2,0.5,369,128,241,0.4480517375518672,0.3231361879881428,0.4622017634854772,0.4616229508196722,0.28125,0.6431535269709544,0.5176151761517616,0.2515890043393896,0.15216896879952033,0.33062330623306235
eeg_oddball_native,eeg,,oddball,qc,hist_gradient_boosting,20260707,16,inner_cv,2,0.5,369,128,241,0.4480517375518672,0.3231361879881428,0.4622017634854772,0.4616229508196722,0.28125,0.6431535269709544,0.5176151761517616,0.2515890043393896,0.15216896879952033,0.33062330623306235
eeg_oddball_native,eeg,,oddball,qc,hist_gradient_boosting,20260707,16,fixed_0_5,3,0.5,363,123,240,0.4803523035230352,0.3341201240723971,0.4793191056910569,0.46518300248138966,0.4878048780487805,0.4708333333333333,0.4765840220385675,0.2496550759702596,0.16050283721241101,0.5151515151515151
eeg_oddball_native,eeg,,oddball,qc,hist_gradient_boosting,20260707,16,inner_cv,3,0.45,363,123,240,0.4803523035230352,0.3341201240723971,0.5145833333333333,0.2851250496564198,1.0,0.029166666666666667,0.3581267217630854,0.2496550759702596,0.16050283721241101,0.9807162534435262
eeg_oddball_native,eeg,,oddball,qc,hist_gradient_boosting,20260707,16,fixed_0_5,4,0.5,365,116,249,0.49537806398005824,0.31427071847943755,0.5143158842265614,0.5140247879973907,0.3017241379310345,0.7269076305220884,0.5917808219178082,0.25132482036679826,0.18105421198159377,0.2821917808219178
eeg_oddball_native,eeg,,oddball,qc,hist_gradient_boosting,20260707,16,inner_cv,4,0.2,365,116,249,0.49537806398005824,0.31427071847943755,0.5,0.24116424116424118,1.0,0.0,0.3178082191780822,0.25132482036679826,0.18105421198159377,1.0
eeg_oddball_native,eeg,,oddball,signal,logistic_regression,20260707,231,fixed_0_5,0,0.5,362,122,240,0.5884562841530054,0.39562666058241114,0.5582650273224044,0.550375842823499,0.5081967213114754,0.6083333333333333,0.574585635359116,0.24232782557613686,0.1458963188372276,0.430939226519337
eeg_oddball_native,eeg,,oddball,signal,logistic_regression,20260707,231,inner_cv,0,0.4,362,122,240,0.5884562841530054,0.39562666058241114,0.5823428961748633,0.4841279011546846,0.8688524590163934,0.29583333333333334,0.4889502762430939,0.24232782557613686,0.1458963188372276,0.7596685082872928
eeg_oddball_native,eeg,,oddball,signal,logistic_regression,20260707,231,fixed_0_5,1,0.5,368,122,246,0.5831334133013462,0.43015161412741754,0.5776022924163668,0.5587428876923665,0.5901639344262295,0.5650406504065041,0.5733695652173914,0.24670284519011154,0.16709193373069264,0.48641304347826086
eeg_oddball_native,eeg,,oddball,signal,logistic_regression,20260707,231,inner_cv,1,0.35,368,122,246,0.5831334133013462,0.43015161412741754,0.5260562441689991,0.3698630136986301,0.9098360655737705,0.14227642276422764,0.3967391304347826,0.24670284519011154,0.16709193373069264,0.875
eeg_oddball_native,eeg,,oddball,signal,logistic_regression,20260707,231,fixed_0_5,2,0.5,369,128,241,0.5025933609958506,0.3535523547277259,0.5087201763485477,0.5035632740607487,0.453125,0.5643153526970954,0.5257452574525745,0.2710249520870169,0.16818281217225928,0.44173441734417346
eeg_oddball_native,eeg,,oddball,signal,logistic_regression,20260707,231,inner_cv,2,0.45,369,128,241,0.5025933609958506,0.3535523547277259,0.5186235736514523,0.49029007881693343,0.6015625,0.43568464730290457,0.4932249322493225,0.2710249520870169,0.16818281217225928,0.5772357723577236
eeg_oddball_native,eeg,,oddball,signal,logistic_regression,20260707,231,fixed_0_5,3,0.5,363,123,240,0.5447493224932249,0.39210216503211637,0.5170223577235773,0.5096153846153846,0.4715447154471545,0.5625,0.5316804407713499,0.25147867973736376,0.1410867776814308,0.4490358126721763
eeg_oddball_native,eeg,,oddball,signal,logistic_regression,20260707,231,inner_cv,3,0.55,363,123,240,0.5447493224932249,0.39210216503211637,0.5391768292682927,0.5395666692552613,0.36585365853658536,0.7125,0.5950413223140496,0.25147867973736376,0.1410867776814308,0.3140495867768595
eeg_oddball_native,eeg,,oddball,signal,logistic_regression,20260707,231,fixed_0_5,4,0.5,365,116,249,0.5150602409638555,0.32905761480032414,0.5044315191801689,0.4908307210031348,0.4827586206896552,0.5261044176706827,0.5123287671232877,0.2572057535880233,0.18138952092103053,0.4767123287671233
eeg_oddball_native,eeg,,oddball,signal,logistic_regression,20260707,231,inner_cv,4,0.45,365,116,249,0.5150602409638555,0.32905761480032414,0.5114423210081707,0.46598793363499247,0.6293103448275862,0.39357429718875503,0.4684931506849315,0.2572057535880233,0.18138952092103053,0.6136986301369863
eeg_oddball_native,eeg,,oddball,signal,random_forest,20260707,231,fixed_0_5,0,0.5,362,122,240,0.5615437158469945,0.3618573370464661,0.478620218579235,0.42804261466233295,0.06557377049180328,0.8916666666666667,0.6132596685082873,0.22603548634584075,0.0604569345215595,0.09392265193370165
eeg_oddball_native,eeg,,oddball,signal,random_forest,20260707,231,inner_cv,0,0.35,362,122,240,0.5615437158469945,0.3618573370464661,0.5765710382513661,0.4988948797369126,0.8114754098360656,0.3416666666666667,0.5,0.22603548634584075,0.0604569345215595,0.7099447513812155
eeg_oddball_native,eeg,,oddball,signal,random_forest,20260707,231,fixed_0_5,1,0.5,368,122,246,0.536818605890977,0.35978305926646065,0.5022657603625217,0.44155166690377956,0.05737704918032787,0.9471544715447154,0.6521739130434783,0.22554479541737216,0.06241070521522238,0.05434782608695652
eeg_oddball_native,eeg,,oddball,signal,random_forest,20260707,231,inner_cv,1,0.35,368,122,246,0.536818605890977,0.35978305926646065,0.5111955217912835,0.42648499421141683,0.7540983606557377,0.2682926829268293,0.42934782608695654,0.22554479541737216,0.06241070521522238,0.7391304347826086
eeg_oddball_native,eeg,,oddball,signal,random_forest,20260707,231,fixed_0_5,2,0.5,369,128,241,0.45406509336099576,0.31036304122671055,0.47108402489626555,0.4184673964778676,0.0625,0.8796680497925311,0.5962059620596206,0.24116715108976813,0.08870771949968675,0.1002710027100271
eeg_oddball_native,eeg,,oddball,signal,random_forest,20260707,231,inner_cv,2,0.3,369,128,241,0.45406509336099576,0.31036304122671055,0.5038900414937759,0.3601698507255647,0.875,0.13278008298755187,0.3902439024390244,0.24116715108976813,0.08870771949968675,0.8699186991869918
eeg_oddball_native,eeg,,oddball,signal,random_forest,20260707,231,fixed_0_5,3,0.5,363,123,240,0.5185975609756098,0.35379448884242437,0.5005589430894308,0.4672801088342099,0.12195121951219512,0.8791666666666667,0.6225895316804407,0.23213707997269536,0.06348844647604072,0.12121212121212122
eeg_oddball_native,eeg,,oddball,signal,random_forest,20260707,231,inner_cv,3,0.3,363,123,240,0.5185975609756098,0.35379448884242437,0.5203760162601626,0.3874643874643875,0.8699186991869918,0.17083333333333334,0.40771349862258954,0.23213707997269536,0.06348844647604072,0.8429752066115702
eeg_oddball_native,eeg,,oddball,signal,random_forest,20260707,231,fixed_0_5,4,0.5,365,116,249,0.479711951253289,0.3068882308485052,0.4963301481789226,0.4477668838827272,0.06896551724137931,0.9236947791164659,0.6520547945205479,0.2309612331024633,0.08095081724193907,0.07397260273972603
eeg_oddball_native,eeg,,oddball,signal,random_forest,20260707,231,inner_cv,4,0.35,365,116,249,0.479711951253289,0.3068882308485052,0.49229677330009697,0.4098248463927682,0.7155172413793104,0.26907630522088355,0.410958904109589,0.2309612331024633,0.08095081724193907,0.726027397260274
eeg_oddball_native,eeg,,oddball,signal,hist_gradient_boosting,20260707,231,fixed_0_5,0,0.5,362,122,240,0.571584699453552,0.3983489580100148,0.5430669398907104,0.5212534229524521,0.5819672131147541,0.5041666666666667,0.5303867403314917,0.2457023446116954,0.15810578620976184,0.5248618784530387
eeg_oddball_native,eeg,,oddball,signal,hist_gradient_boosting,20260707,231,inner_cv,0,0.2,362,122,240,0.571584699453552,0.3983489580100148,0.5,0.2520661157024794,1.0,0.0,0.3370165745856354,0.2457023446116954,0.15810578620976184,1.0
eeg_oddball_native,eeg,,oddball,signal,hist_gradient_boosting,20260707,231,fixed_0_5,1,0.5,368,122,246,0.5404338264694123,0.36602911623615764,0.5615087298413968,0.5313436413760038,0.6311475409836066,0.491869918699187,0.5380434782608695,0.24530618403112942,0.15919097254076978,0.5489130434782609
eeg_oddball_native,eeg,,oddball,signal,hist_gradient_boosting,20260707,231,inner_cv,1,0.45,368,122,246,0.5404338264694123,0.36602911623615764,0.5135612421697988,0.3912944961819953,0.8360655737704918,0.1910569105691057,0.4048913043478261,0.24530618403112942,0.15919097254076978,0.8179347826086957
eeg_oddball_native,eeg,,oddball,signal,hist_gradient_boosting,20260707,231,fixed_0_5,2,0.5,369,128,241,0.48181405601659755,0.34681292759480087,0.4931113848547718,0.4700159914712153,0.5546875,0.4315352697095436,0.4742547425474255,0.251334502663561,0.15095772637527033,0.5636856368563685
eeg_oddball_native,eeg,,oddball,signal,hist_gradient_boosting,20260707,231,inner_cv,2,0.45,369,128,241,0.48181405601659755,0.34681292759480087,0.48106846473029047,0.31901782921488897,0.875,0.08713692946058091,0.3604336043360434,0.251334502663561,0.15095772637527033,0.8997289972899729
eeg_oddball_native,eeg,,oddball,signal,hist_gradient_boosting,20260707,231,fixed_0_5,3,0.5,363,123,240,0.5128048780487805,0.33593067804241405,0.5221544715447155,0.5012812596480396,0.5609756097560976,0.48333333333333334,0.509641873278237,0.24809392660934892,0.15501117501710132,0.5316804407713499
eeg_oddball_native,eeg,,oddball,signal,hist_gradient_boosting,20260707,231,inner_cv,3,0.45,363,123,240,0.5128048780487805,0.33593067804241405,0.5140243902439025,0.37198720227515103,0.8780487804878049,0.15,0.39669421487603307,0.24809392660934892,0.15501117501710132,0.859504132231405
eeg_oddball_native,eeg,,oddball,signal,hist_gradient_boosting,20260707,231,fixed_0_5,4,0.5,365,116,249,0.5162373632460877,0.322116144291454,0.5257408946129345,0.4970296423321901,0.5775862068965517,0.4738955823293173,0.5068493150684932,0.24797835891812756,0.1778515880781954,0.5424657534246575
eeg_oddball_native,eeg,,oddball,signal,hist_gradient_boosting,20260707,231,inner_cv,4,0.5,365,116,249,0.5162373632460877,0.322116144291454,0.5257408946129345,0.4970296423321901,0.5775862068965517,0.4738955823293173,0.5068493150684932,0.24797835891812756,0.1778515880781954,0.5424657534246575
eeg_oddball_native,eeg,,oddball,signal_qc,logistic_regression,20260707,247,fixed_0_5,0,0.5,362,122,240,0.5868169398907104,0.38844517835188946,0.5458333333333334,0.5376236112561554,0.5,0.5916666666666667,0.5607734806629834,0.24300505165104322,0.1449339073151811,0.43922651933701656
eeg_oddball_native,eeg,,oddball,signal_qc,logistic_regression,20260707,247,inner_cv,0,0.4,362,122,240,0.5868169398907104,0.38844517835188946,0.567964480874317,0.47352545111769456,0.8442622950819673,0.2916666666666667,0.47790055248618785,0.24300505165104322,0.1449339073151811,0.7541436464088398
eeg_oddball_native,eeg,,oddball,signal_qc,logistic_regression,20260707,247,fixed_0_5,1,0.5,368,122,246,0.580134612821538,0.42520087878255075,0.5755697720911636,0.5563829462569048,0.5901639344262295,0.5609756097560976,0.5706521739130435,0.24743441382499065,0.16343490154870793,0.4891304347826087
eeg_oddball_native,eeg,,oddball,signal_qc,logistic_regression,20260707,247,inner_cv,1,0.4,368,122,246,0.580134612821538,0.42520087878255075,0.5338531254165001,0.42732305850665864,0.8278688524590164,0.23983739837398374,0.43478260869565216,0.24743441382499065,0.16343490154870793,0.782608695652174
eeg_oddball_native,eeg,,oddball,signal_qc,logistic_regression,20260707,247,fixed_0_5,2,0.5,369,128,241,0.500745591286307,0.35504385054694587,0.5126264263485477,0.5069875299465569,0.4609375,0.5643153526970954,0.5284552845528455,0.2721022195738607,0.1712503461951548,0.4444444444444444
eeg_oddball_native,eeg,,oddball,signal_qc,logistic_regression,20260707,247,inner_cv,2,0.45,369,128,241,0.500745591286307,0.35504385054694587,0.5105679460580913,0.4823232323232323,0.59375,0.42738589211618255,0.48509485094850946,0.2721022195738607,0.1712503461951548,0.5799457994579946
eeg_oddball_native,eeg,,oddball,signal_qc,logistic_regression,20260707,247,fixed_0_5,3,0.5,363,123,240,0.540989159891599,0.38885380955084803,0.5129573170731707,0.5061224489795919,0.4634146341463415,0.5625,0.5289256198347108,0.2520620940011618,0.14050167163853075,0.4462809917355372
eeg_oddball_native,eeg,,oddball,signal_qc,logistic_regression,20260707,247,inner_cv,3,0.55,363,123,240,0.540989159891599,0.38885380955084803,0.5289634146341464,0.5291421653407127,0.34959349593495936,0.7083333333333334,0.5867768595041323,0.2520620940011618,0.14050167163853075,0.31129476584022037
eeg_oddball_native,eeg,,oddball,signal_qc,logistic_regression,20260707,247,fixed_0_5,4,0.5,365,116,249,0.514333194848359,0.32673446224685376,0.49781886165351064,0.486121707395726,0.46551724137931033,0.5301204819277109,0.5095890410958904,0.25734743526091186,0.17262202025874027,0.4684931506849315
eeg_oddball_native,eeg,,oddball,signal_qc,logistic_regression,20260707,247,inner_cv,4,0.45,365,116,249,0.514333194848359,0.32673446224685376,0.4944952222683839,0.45201397219141604,0.603448275862069,0.3855421686746988,0.4547945205479452,0.25734743526091186,0.17262202025874027,0.6109589041095891
eeg_oddball_native,eeg,,oddball,signal_qc,random_forest,20260707,247,fixed_0_5,0,0.5,362,122,240,0.5573087431693988,0.35924456477771893,0.5065573770491804,0.49628942486085337,0.21311475409836064,0.8,0.6022099447513812,0.23407639573459763,0.10826856930083276,0.20441988950276244
eeg_oddball_native,eeg,,oddball,signal_qc,random_forest,20260707,247,inner_cv,0,0.4,362,122,240,0.5573087431693988,0.35924456477771893,0.539207650273224,0.45228604563642927,0.7950819672131147,0.2833333333333333,0.4558011049723757,0.23407639573459763,0.10826856930083276,0.7430939226519337
eeg_oddball_native,eeg,,oddball,signal_qc,random_forest,20260707,247,fixed_0_5,1,0.5,368,122,246,0.5776689324270292,0.390931164655206,0.5268559242969478,0.48409634123919837,0.10655737704918032,0.9471544715447154,0.6684782608695652,0.22170238510018758,0.06611713032745618,0.07065217391304347
eeg_oddball_native,eeg,,oddball,signal_qc,random_forest,20260707,247,inner_cv,1,0.3,368,122,246,0.5776689324270292,0.390931164655206,0.5364520858323337,0.35072463768115947,0.9672131147540983,0.10569105691056911,0.391304347826087,0.22170238510018758,0.06611713032745618,0.9184782608695652
eeg_oddball_native,eeg,,oddball,signal_qc,random_forest,20260707,247,fixed_0_5,2,0.5,369,128,241,0.47883169087136934,0.33380965457896544,0.47962590767634855,0.4201658664338717,0.0546875,0.9045643153526971,0.6097560975609756,0.23831978884203547,0.0774540065937013,0.08130081300813008
eeg_oddball_native,eeg,,oddball,signal_qc,random_forest,20260707,247,inner_cv,2,0.3,369,128,241,0.47883169087136934,0.33380965457896544,0.5059647302904564,0.3637931034482758,0.875,0.13692946058091288,0.39295392953929537,0.23831978884203547,0.0774540065937013,0.8672086720867209
eeg_oddball_native,eeg,,oddball,signal_qc,random_forest,20260707,247,fixed_0_5,3,0.5,363,123,240,0.4987804878048781,0.3296657035539588,0.4942073170731707,0.4649991115199281,0.13008130081300814,0.8583333333333333,0.6115702479338843,0.23456610152804036,0.0689941760527237,0.13774104683195593
eeg_oddball_native,eeg,,oddball,signal_qc,random_forest,20260707,247,inner_cv,3,0.3,363,123,240,0.4987804878048781,0.3296657035539588,0.5202743902439024,0.38265306122448983,0.8780487804878049,0.1625,0.4049586776859504,0.23456610152804036,0.0689941760527237,0.8512396694214877
eeg_oddball_native,eeg,,oddball,signal_qc,random_forest,20260707,247,fixed_0_5,4,0.5,365,116,249,0.4862553662927572,0.3040936649892161,0.48369339426672203,0.43037371487115955,0.05172413793103448,0.9156626506024096,0.6410958904109589,0.22911129573900615,0.07271067797970909,0.07397260273972603
eeg_oddball_native,eeg,,oddball,signal_qc,random_forest,20260707,247,inner_cv,4,0.35,365,116,249,0.4862553662927572,0.3040936649892161,0.4971437474034067,0.4301327088212334,0.6810344827586207,0.3132530120481928,0.4301369863013699,0.22911129573900615,0.07271067797970909,0.684931506849315
eeg_oddball_native,eeg,,oddball,signal_qc,hist_gradient_boosting,20260707,247,fixed_0_5,0,0.5,362,122,240,0.5687841530054645,0.3910167851315026,0.5718920765027322,0.5469477546388066,0.6229508196721312,0.5208333333333334,0.5552486187845304,0.24593612834536127,0.15850445939950034,0.5276243093922652
eeg_oddball_native,eeg,,oddball,signal_qc,hist_gradient_boosting,20260707,247,inner_cv,0,0.2,362,122,240,0.5687841530054645,0.3910167851315026,0.5,0.2520661157024794,1.0,0.0,0.3370165745856354,0.24593612834536127,0.15850445939950034,1.0
eeg_oddball_native,eeg,,oddball,signal_qc,hist_gradient_boosting,20260707,247,fixed_0_5,1,0.5,368,122,246,0.5404338264694123,0.36602911623615764,0.5615087298413968,0.5313436413760038,0.6311475409836066,0.491869918699187,0.5380434782608695,0.24530618403112942,0.15919097254076978,0.5489130434782609
eeg_oddball_native,eeg,,oddball,signal_qc,hist_gradient_boosting,20260707,247,inner_cv,1,0.45,368,122,246,0.5404338264694123,0.36602911623615764,0.5135612421697988,0.3912944961819953,0.8360655737704918,0.1910569105691057,0.4048913043478261,0.24530618403112942,0.15919097254076978,0.8179347826086957
eeg_oddball_native,eeg,,oddball,signal_qc,hist_gradient_boosting,20260707,247,fixed_0_5,2,0.5,369,128,241,0.48181405601659755,0.34681292759480087,0.4931113848547718,0.4700159914712153,0.5546875,0.4315352697095436,0.4742547425474255,0.251334502663561,0.15095772637527033,0.5636856368563685
eeg_oddball_native,eeg,,oddball,signal_qc,hist_gradient_boosting,20260707,247,inner_cv,2,0.45,369,128,241,0.48181405601659755,0.34681292759480087,0.48106846473029047,0.31901782921488897,0.875,0.08713692946058091,0.3604336043360434,0.251334502663561,0.15095772637527033,0.8997289972899729
eeg_oddball_native,eeg,,oddball,signal_qc,hist_gradient_boosting,20260707,247,fixed_0_5,3,0.5,363,123,240,0.5128048780487805,0.33593067804241405,0.5221544715447155,0.5012812596480396,0.5609756097560976,0.48333333333333334,0.509641873278237,0.24809392660934892,0.15501117501710132,0.5316804407713499
eeg_oddball_native,eeg,,oddball,signal_qc,hist_gradient_boosting,20260707,247,inner_cv,3,0.45,363,123,240,0.5128048780487805,0.33593067804241405,0.5140243902439025,0.37198720227515103,0.8780487804878049,0.15,0.39669421487603307,0.24809392660934892,0.15501117501710132,0.859504132231405
eeg_oddball_native,eeg,,oddball,signal_qc,hist_gradient_boosting,20260707,247,fixed_0_5,4,0.5,365,116,249,0.5162373632460877,0.322116144291454,0.5257408946129345,0.4970296423321901,0.5775862068965517,0.4738955823293173,0.5068493150684932,0.24797835891812756,0.1778515880781954,0.5424657534246575
eeg_oddball_native,eeg,,oddball,signal_qc,hist_gradient_boosting,20260707,247,inner_cv,4,0.5,365,116,249,0.5162373632460877,0.322116144291454,0.5257408946129345,0.4970296423321901,0.5775862068965517,0.4738955823293173,0.5068493150684932,0.24797835891812756,0.1778515880781954,0.5424657534246575
eeg_oddball_native,eeg,,oddball,signal_demographics,logistic_regression,20260707,235,fixed_0_5,0,0.5,362,122,240,0.633948087431694,0.4357119512765976,0.5993169398907103,0.5862526475642409,0.5819672131147541,0.6166666666666667,0.6049723756906077,0.23539639083841016,0.14992509398979448,0.45027624309392267
eeg_oddball_native,eeg,,oddball,signal_demographics,logistic_regression,20260707,235,inner_cv,0,0.45,362,122,240,0.633948087431694,0.4357119512765976,0.6249658469945355,0.58053946207267,0.7540983606557377,0.49583333333333335,0.5828729281767956,0.23539639083841016,0.14992509398979448,0.5883977900552486
eeg_oddball_native,eeg,,oddball,signal_demographics,logistic_regression,20260707,235,fixed_0_5,1,0.5,368,122,246,0.6004264960682394,0.4641130104721234,0.5509462881514061,0.5378700914490866,0.5327868852459017,0.5691056910569106,0.5570652173913043,0.24088630514055293,0.1524935748669522,0.46467391304347827
eeg_oddball_native,eeg,,oddball,signal_demographics,logistic_regression,20260707,235,inner_cv,1,0.5,368,122,246,0.6004264960682394,0.4641130104721234,0.5509462881514061,0.5378700914490866,0.5327868852459017,0.5691056910569106,0.5570652173913043,0.24088630514055293,0.1524935748669522,0.46467391304347827
eeg_oddball_native,eeg,,oddball,signal_demographics,logistic_regression,20260707,235,fixed_0_5,2,0.5,369,128,241,0.5605225622406639,0.41570129780780385,0.5501004927385892,0.540781969353398,0.5234375,0.5767634854771784,0.5582655826558266,0.2533914998053628,0.15995594966151783,0.45799457994579945
eeg_oddball_native,eeg,,oddball,signal_demographics,logistic_regression,20260707,235,inner_cv,2,0.55,369,128,241,0.5605225622406639,0.41570129780780385,0.5516727178423236,0.5519253494152642,0.40625,0.6970954356846473,0.5962059620596206,0.2533914998053628,0.15995594966151783,0.33875338753387535
eeg_oddball_native,eeg,,oddball,signal_demographics,logistic_regression,20260707,235,fixed_0_5,3,0.5,363,123,240,0.5832317073170732,0.43535544143779675,0.5456808943089431,0.5361408967164842,0.5121951219512195,0.5791666666666667,0.5564738292011019,0.2460329639103786,0.15162879364945808,0.45179063360881544
eeg_oddball_native,eeg,,oddball,signal_demographics,logistic_regression,20260707,235,inner_cv,3,0.5,363,123,240,0.5832317073170732,0.43535544143779675,0.5456808943089431,0.5361408967164842,0.5121951219512195,0.5791666666666667,0.5564738292011019,0.2460329639103786,0.15162879364945808,0.45179063360881544
eeg_oddball_native,eeg,,oddball,signal_demographics,logistic_regression,20260707,235,fixed_0_5,4,0.5,365,116,249,0.5568827032266999,0.34747955994106017,0.5360234039606703,0.5194357366771161,0.5258620689655172,0.5461847389558233,0.5397260273972603,0.25278295380862437,0.16845646465856243,0.4767123287671233
eeg_oddball_native,eeg,,oddball,signal_demographics,logistic_regression,20260707,235,inner_cv,4,0.45,365,116,249,0.5568827032266999,0.34747955994106017,0.5590984628167843,0.5138342313979537,0.6724137931034483,0.4457831325301205,0.5178082191780822,0.25278295380862437,0.16845646465856243,0.5917808219178082
eeg_oddball_native,eeg,,oddball,signal_demographics,random_forest,20260707,235,fixed_0_5,0,0.5,362,122,240,0.5781420765027323,0.3704750466544968,0.4984972677595628,0.48269291838678946,0.18032786885245902,0.8166666666666667,0.6022099447513812,0.23048340033261175,0.10186831429846062,0.18232044198895028
eeg_oddball_native,eeg,,oddball,signal_demographics,random_forest,20260707,235,inner_cv,0,0.4,362,122,240,0.5781420765027323,0.3704750466544968,0.5621926229508196,0.48807130462700365,0.7868852459016393,0.3375,0.4889502762430939,0.23048340033261175,0.10186831429846062,0.7044198895027625
eeg_oddball_native,eeg,,oddball,signal_demographics,random_forest,20260707,235,fixed_0_5,1,0.5,368,122,246,0.5805011328801812,0.39164952089133054,0.5331534053045448,0.5074893735478967,0.1557377049180328,0.9105691056910569,0.6603260869565217,0.22090207795688538,0.058053419761814495,0.11141304347826086
eeg_oddball_native,eeg,,oddball,signal_demographics,random_forest,20260707,235,inner_cv,1,0.35,368,122,246,0.5805011328801812,0.39164952089133054,0.5845328535252565,0.513497145473748,0.7950819672131147,0.37398373983739835,0.5135869565217391,0.22090207795688538,0.058053419761814495,0.6820652173913043
eeg_oddball_native,eeg,,oddball,signal_demographics,random_forest,20260707,235,fixed_0_5,2,0.5,369,128,241,0.5302126556016598,0.3727214604367024,0.5135665197095436,0.48948533480907586,0.1640625,0.8630705394190872,0.6205962059620597,0.23455873131805977,0.09066807895153753,0.14634146341463414
eeg_oddball_native,eeg,,oddball,signal_demographics,random_forest,20260707,235,inner_cv,2,0.3,369,128,241,0.5302126556016598,0.3727214604367024,0.49473223547717843,0.3674815824959432,0.8359375,0.15352697095435686,0.3902439024390244,0.23455873131805977,0.09066807895153753,0.8428184281842819
eeg_oddball_native,eeg,,oddball,signal_demographics,random_forest,20260707,235,fixed_0_5,3,0.5,363,123,240,0.5211043360433605,0.3566608720869391,0.5083841463414633,0.4864471418026737,0.16260162601626016,0.8541666666666666,0.6198347107438017,0.23340371571222826,0.07907109080882828,0.15151515151515152
eeg_oddball_native,eeg,,oddball,signal_demographics,random_forest,20260707,235,inner_cv,3,0.3,363,123,240,0.5211043360433605,0.3566608720869391,0.5125508130081301,0.3966165413533834,0.8292682926829268,0.19583333333333333,0.41046831955922863,0.23340371571222826,0.07907109080882828,0.8126721763085399
eeg_oddball_native,eeg,,oddball,signal_demographics,random_forest,20260707,235,fixed_0_5,4,0.5,365,116,249,0.5602063426118267,0.3607195514054592,0.5124463370724277,0.48472115694578755,0.12931034482758622,0.8955823293172691,0.6520547945205479,0.22342676940875922,0.08746895776759706,0.11232876712328767
eeg_oddball_native,eeg,,oddball,signal_demographics,random_forest,20260707,235,inner_cv,4,0.35,365,116,249,0.5602063426118267,0.3607195514054592,0.5528839495914692,0.46800997716071646,0.7844827586206896,0.321285140562249,0.4684931506849315,0.22342676940875922,0.08746895776759706,0.7123287671232876
eeg_oddball_native,eeg,,oddball,signal_demographics,hist_gradient_boosting,20260707,235,fixed_0_5,0,0.5,362,122,240,0.6309938524590165,0.43436595245026577,0.6339139344262295,0.6087406015037593,0.680327868852459,0.5875,0.6187845303867403,0.24183316097884935,0.1564688731752819,0.5027624309392266
eeg_oddball_native,eeg,,oddball,signal_demographics,hist_gradient_boosting,20260707,235,inner_cv,0,0.45,362,122,240,0.6309938524590165,0.43436595245026577,0.5278346994535519,0.375802279911869,0.9098360655737705,0.14583333333333334,0.40331491712707185,0.24183316097884935,0.1564688731752819,0.8729281767955801
eeg_oddball_native,eeg,,oddball,signal_demographics,hist_gradient_boosting,20260707,235,fixed_0_5,1,0.5,368,122,246,0.606607357057177,0.4173683188917757,0.5880314540850327,0.5576923076923077,0.6557377049180327,0.5203252032520326,0.5652173913043478,0.2429470046019699,0.1629445431232615,0.5380434782608695
eeg_oddball_native,eeg,,oddball,signal_demographics,hist_gradient_boosting,20260707,235,inner_cv,1,0.45,368,122,246,0.606607357057177,0.4173683188917757,0.5686058909769426,0.4572637095264833,0.8770491803278688,0.2601626016260163,0.46467391304347827,0.2429470046019699,0.1629445431232615,0.7853260869565217
eeg_oddball_native,eeg,,oddball,signal_demographics,hist_gradient_boosting,20260707,235,fixed_0_5,2,0.5,369,128,241,0.5350589989626557,0.368046898513183,0.5452379408713692,0.503539998676636,0.6796875,0.4107883817427386,0.5040650406504065,0.24912653705828167,0.14745197383579073,0.6205962059620597
eeg_oddball_native,eeg,,oddball,signal_demographics,hist_gradient_boosting,20260707,235,inner_cv,2,0.45,369,128,241,0.5350589989626557,0.368046898513183,0.5092550570539419,0.3914760348583878,0.8359375,0.1825726141078838,0.4092140921409214,0.24912653705828167,0.14745197383579073,0.8238482384823849
eeg_oddball_native,eeg,,oddball,signal_demographics,hist_gradient_boosting,20260707,235,fixed_0_5,3,0.5,363,123,240,0.567039295392954,0.3823043885741412,0.5654979674796747,0.5456609112747118,0.5934959349593496,0.5375,0.5564738292011019,0.24532019018150217,0.15700731632069193,0.5068870523415978
eeg_oddball_native,eeg,,oddball,signal_demographics,hist_gradient_boosting,20260707,235,inner_cv,3,0.5,363,123,240,0.567039295392954,0.3823043885741412,0.5654979674796747,0.5456609112747118,0.5934959349593496,0.5375,0.5564738292011019,0.24532019018150217,0.15700731632069193,0.5068870523415978
eeg_oddball_native,eeg,,oddball,signal_demographics,hist_gradient_boosting,20260707,235,fixed_0_5,4,0.5,365,116,249,0.5928887965655726,0.3737903175824967,0.5699695333056364,0.5361495590396865,0.6379310344827587,0.5020080321285141,0.5452054794520548,0.2445985105691921,0.17867545928958747,0.5424657534246575
eeg_oddball_native,eeg,,oddball,signal_demographics,hist_gradient_boosting,20260707,235,inner_cv,4,0.5,365,116,249,0.5928887965655726,0.3737903175824967,0.5699695333056364,0.5361495590396865,0.6379310344827587,0.5020080321285141,0.5452054794520548,0.2445985105691921,0.17867545928958747,0.5424657534246575
eeg_oddball_native,eeg,,oddball,signal_qc_demographics,logistic_regression,20260707,251,fixed_0_5,0,0.5,362,122,240,0.632889344262295,0.4281271148925272,0.6096653005464481,0.596820589248656,0.5901639344262295,0.6291666666666667,0.6160220994475138,0.2363718592562126,0.149205454415467,0.4447513812154696
eeg_oddball_native,eeg,,oddball,signal_qc_demographics,logistic_regression,20260707,251,inner_cv,0,0.45,362,122,240,0.632889344262295,0.4281271148925272,0.6085040983606558,0.5664670658682636,0.7295081967213115,0.4875,0.569060773480663,0.2363718592562126,0.149205454415467,0.585635359116022
eeg_oddball_native,eeg,,oddball,signal_qc_demographics,logistic_regression,20260707,251,fixed_0_5,1,0.5,368,122,246,0.5995601759296281,0.45804701642465395,0.5509796081567373,0.5366093366093366,0.5409836065573771,0.5609756097560976,0.5543478260869565,0.24133846508415688,0.1567381446498218,0.47282608695652173
eeg_oddball_native,eeg,,oddball,signal_qc_demographics,logistic_regression,20260707,251,inner_cv,1,0.5,368,122,246,0.5995601759296281,0.45804701642465395,0.5509796081567373,0.5366093366093366,0.5409836065573771,0.5609756097560976,0.5543478260869565,0.24133846508415688,0.1567381446498218,0.47282608695652173
eeg_oddball_native,eeg,,oddball,signal_qc_demographics,logistic_regression,20260707,251,fixed_0_5,2,0.5,369,128,241,0.555433091286307,0.41288274124763835,0.5501004927385892,0.540781969353398,0.5234375,0.5767634854771784,0.5582655826558266,0.25506929292614994,0.1677717631899981,0.45799457994579945
eeg_oddball_native,eeg,,oddball,signal_qc_demographics,logistic_regression,20260707,251,inner_cv,2,0.5,369,128,241,0.555433091286307,0.41288274124763835,0.5501004927385892,0.540781969353398,0.5234375,0.5767634854771784,0.5582655826558266,0.25506929292614994,0.1677717631899981,0.45799457994579945
eeg_oddball_native,eeg,,oddball,signal_qc_demographics,logistic_regression,20260707,251,fixed_0_5,3,0.5,363,123,240,0.5805555555555556,0.4328931706448493,0.5416158536585366,0.5326923076923077,0.5040650406504065,0.5791666666666667,0.5537190082644629,0.24635263202061153,0.15308187565920298,0.4490358126721763
eeg_oddball_native,eeg,,oddball,signal_qc_demographics,logistic_regression,20260707,251,inner_cv,3,0.5,363,123,240,0.5805555555555556,0.4328931706448493,0.5416158536585366,0.5326923076923077,0.5040650406504065,0.5791666666666667,0.5537190082644629,0.24635263202061153,0.15308187565920298,0.4490358126721763
eeg_oddball_native,eeg,,oddball,signal_qc_demographics,logistic_regression,20260707,251,fixed_0_5,4,0.5,365,116,249,0.5571596731754604,0.34708879387280434,0.5210843373493976,0.5068187531422825,0.5,0.5421686746987951,0.5287671232876713,0.25302138690814147,0.16841249197987268,0.4712328767123288
eeg_oddball_native,eeg,,oddball,signal_qc_demographics,logistic_regression,20260707,251,inner_cv,4,0.45,365,116,249,0.5571596731754604,0.34708879387280434,0.5634088076443706,0.516834214567212,0.6810344827586207,0.4457831325301205,0.5205479452054794,0.25302138690814147,0.16841249197987268,0.5945205479452055
eeg_oddball_native,eeg,,oddball,signal_qc_demographics,random_forest,20260707,251,fixed_0_5,0,0.5,362,122,240,0.5488387978142077,0.35692477891639374,0.49224726775956285,0.47728455939412395,0.18032786885245902,0.8041666666666667,0.5939226519337016,0.2343096174088359,0.10694062107467124,0.19060773480662985
eeg_oddball_native,eeg,,oddball,signal_qc_demographics,random_forest,20260707,251,inner_cv,0,0.45,362,122,240,0.5488387978142077,0.35692477891639374,0.5372267759562841,0.5233048675671627,0.5327868852459017,0.5416666666666666,0.5386740331491713,0.2343096174088359,0.10694062107467124,0.48342541436464087
eeg_oddball_native,eeg,,oddball,signal_qc_demographics,random_forest,20260707,251,fixed_0_5,1,0.5,368,122,246,0.613621218179395,0.4079915301461122,0.5249566839930694,0.49515527950310556,0.13934426229508196,0.9105691056910569,0.654891304347826,0.2190155431180054,0.06338325025750612,0.10597826086956522
eeg_oddball_native,eeg,,oddball,signal_qc_demographics,random_forest,20260707,251,inner_cv,1,0.3,368,122,246,0.613621218179395,0.4079915301461122,0.552578968412635,0.4009828009828009,0.9344262295081968,0.17073170731707318,0.42391304347826086,0.2190155431180054,0.06338325025750612,0.8641304347826086
eeg_oddball_native,eeg,,oddball,signal_qc_demographics,random_forest,20260707,251,fixed_0_5,2,0.5,369,128,241,0.5262253630705395,0.3610088724817352,0.5018477697095436,0.47265168247369105,0.140625,0.8630705394190872,0.6124661246612466,0.2350318001442337,0.09374953873697223,0.13821138211382114
eeg_oddball_native,eeg,,oddball,signal_qc_demographics,random_forest,20260707,251,inner_cv,2,0.3,369,128,241,0.5262253630705395,0.3610088724817352,0.48691973547717843,0.36319818758220124,0.8203125,0.15352697095435686,0.38482384823848237,0.2350318001442337,0.09374953873697223,0.8373983739837398
eeg_oddball_native,eeg,,oddball,signal_qc_demographics,random_forest,20260707,251,fixed_0_5,3,0.5,363,123,240,0.5073848238482386,0.33732006359785205,0.4980691056910569,0.4755189255189255,0.15447154471544716,0.8416666666666667,0.6088154269972452,0.23671429323878304,0.08908208720083792,0.15702479338842976
eeg_oddball_native,eeg,,oddball,signal_qc_demographics,random_forest,20260707,251,inner_cv,3,0.35,363,123,240,0.5073848238482386,0.33732006359785205,0.5018800813008131,0.4433191618584877,0.6829268292682927,0.32083333333333336,0.44352617079889806,0.23671429323878304,0.08908208720083792,0.6804407713498623
eeg_oddball_native,eeg,,oddball,signal_qc_demographics,random_forest,20260707,251,fixed_0_5,4,0.5,365,116,249,0.558371416701288,0.36052828072745047,0.5064222406868855,0.47971491228070173,0.12931034482758622,0.8835341365461847,0.6438356164383562,0.22403106763161426,0.09019837541813577,0.12054794520547946
eeg_oddball_native,eeg,,oddball,signal_qc_demographics,random_forest,20260707,251,inner_cv,4,0.35,365,116,249,0.558371416701288,0.36052828072745047,0.5545977011494253,0.4737790592899621,0.7758620689655172,0.3333333333333333,0.473972602739726,0.22403106763161426,0.09019837541813577,0.7013698630136986
eeg_oddball_native,eeg,,oddball,signal_qc_demographics,hist_gradient_boosting,20260707,251,fixed_0_5,0,0.5,362,122,240,0.6309938524590165,0.43436595245026577,0.6339139344262295,0.6087406015037593,0.680327868852459,0.5875,0.6187845303867403,0.24183316097884935,0.1564688731752819,0.5027624309392266
eeg_oddball_native,eeg,,oddball,signal_qc_demographics,hist_gradient_boosting,20260707,251,inner_cv,0,0.45,362,122,240,0.6309938524590165,0.43436595245026577,0.5278346994535519,0.375802279911869,0.9098360655737705,0.14583333333333334,0.40331491712707185,0.24183316097884935,0.1564688731752819,0.8729281767955801
eeg_oddball_native,eeg,,oddball,signal_qc_demographics,hist_gradient_boosting,20260707,251,fixed_0_5,1,0.5,368,122,246,0.6059076369452219,0.41997899312767767,0.583933093429295,0.5546033392721559,0.6475409836065574,0.5203252032520326,0.5625,0.24291277127973318,0.1629150711792637,0.5353260869565217
eeg_oddball_native,eeg,,oddball,signal_qc_demographics,hist_gradient_boosting,20260707,251,inner_cv,1,0.45,368,122,246,0.6059076369452219,0.41997899312767767,0.5706384113021458,0.4603621128235822,0.8770491803278688,0.26422764227642276,0.4673913043478261,0.24291277127973318,0.1629150711792637,0.782608695652174
eeg_oddball_native,eeg,,oddball,signal_qc_demographics,hist_gradient_boosting,20260707,251,fixed_0_5,2,0.5,369,128,241,0.5537636151452283,0.39102657151587533,0.5477988848547718,0.5108983799705449,0.6640625,0.4315352697095436,0.5121951219512195,0.24830641833304512,0.14709888430671667,0.6016260162601627
eeg_oddball_native,eeg,,oddball,signal_qc_demographics,hist_gradient_boosting,20260707,251,inner_cv,2,0.45,369,128,241,0.5537636151452283,0.39102657151587533,0.49729317946058094,0.38031045751633985,0.8203125,0.17427385892116182,0.3983739837398374,0.24830641833304512,0.14709888430671667,0.8238482384823849
eeg_oddball_native,eeg,,oddball,signal_qc_demographics,hist_gradient_boosting,20260707,251,fixed_0_5,3,0.5,363,123,240,0.567039295392954,0.3823043885741412,0.5654979674796747,0.5456609112747118,0.5934959349593496,0.5375,0.5564738292011019,0.24532019018150217,0.15700731632069193,0.5068870523415978
eeg_oddball_native,eeg,,oddball,signal_qc_demographics,hist_gradient_boosting,20260707,251,inner_cv,3,0.5,363,123,240,0.567039295392954,0.3823043885741412,0.5654979674796747,0.5456609112747118,0.5934959349593496,0.5375,0.5564738292011019,0.24532019018150217,0.15700731632069193,0.5068870523415978
eeg_oddball_native,eeg,,oddball,signal_qc_demographics,hist_gradient_boosting,20260707,251,fixed_0_5,4,0.5,365,116,249,0.5928887965655726,0.3737903175824967,0.5699695333056364,0.5361495590396865,0.6379310344827587,0.5020080321285141,0.5452054794520548,0.2445985105691921,0.17867545928958747,0.5424657534246575
eeg_oddball_native,eeg,,oddball,signal_qc_demographics,hist_gradient_boosting,20260707,251,inner_cv,4,0.5,365,116,249,0.5928887965655726,0.3737903175824967,0.5699695333056364,0.5361495590396865,0.6379310344827587,0.5020080321285141,0.5452054794520548,0.2445985105691921,0.17867545928958747,0.5424657534246575
eeg_1back_native,eeg,,1back,no_information,no_information_prior,20260707,0,fixed_0_5,0,0.5,230,72,158,0.5,0.3130434782608696,0.5,0.4072164948453608,0.0,1.0,0.6869565217391305,0.21568052062123208,0.025164690382081634,0.0
eeg_1back_native,eeg,,1back,no_information,no_information_prior,20260707,0,inner_cv,0,0.5,230,72,158,0.5,0.3130434782608696,0.5,0.4072164948453608,0.0,1.0,0.6869565217391305,0.21568052062123208,0.025164690382081634,0.0
eeg_1back_native,eeg,,1back,no_information,no_information_prior,20260707,0,fixed_0_5,1,0.5,230,58,172,0.5,0.25217391304347825,0.5,0.42786069651741293,0.0,1.0,0.7478260869565218,0.19116860302631053,0.050856389986824846,0.0
eeg_1back_native,eeg,,1back,no_information,no_information_prior,20260707,0,inner_cv,1,0.5,230,58,172,0.5,0.25217391304347825,0.5,0.42786069651741293,0.0,1.0,0.7478260869565218,0.19116860302631053,0.050856389986824846,0.0
eeg_1back_native,eeg,,1back,no_information,no_information_prior,20260707,0,fixed_0_5,2,0.5,226,65,161,0.5,0.28761061946902655,0.5,0.4160206718346253,0.0,1.0,0.7123893805309734,0.204933921391122,0.006570415013732067,0.0
eeg_1back_native,eeg,,1back,no_information,no_information_prior,20260707,0,inner_cv,2,0.5,226,65,161,0.5,0.28761061946902655,0.5,0.4160206718346253,0.0,1.0,0.7123893805309734,0.204933921391122,0.006570415013732067,0.0
eeg_1back_native,eeg,,1back,no_information,no_information_prior,20260707,0,fixed_0_5,3,0.5,237,74,163,0.5,0.31223628691983124,0.5,0.40750000000000003,0.0,1.0,0.6877637130801688,0.2153372711690054,0.02434097612375713,0.0
eeg_1back_native,eeg,,1back,no_information,no_information_prior,20260707,0,inner_cv,3,0.5,237,74,163,0.5,0.31223628691983124,0.5,0.40750000000000003,0.0,1.0,0.6877637130801688,0.2153372711690054,0.02434097612375713,0.0
eeg_1back_native,eeg,,1back,no_information,no_information_prior,20260707,0,fixed_0_5,4,0.5,231,69,162,0.5,0.2987012987012987,0.5,0.4122137404580153,0.0,1.0,0.7012987012987013,0.20953154546916467,0.0072603452885143804,0.0
eeg_1back_native,eeg,,1back,no_information,no_information_prior,20260707,0,inner_cv,4,0.5,231,69,162,0.5,0.2987012987012987,0.5,0.4122137404580153,0.0,1.0,0.7012987012987013,0.20953154546916467,0.0072603452885143804,0.0
eeg_1back_native,eeg,,1back,demographics,logistic_regression,20260707,4,fixed_0_5,0,0.5,230,72,158,0.6220552039381154,0.4026450002606562,0.5840365682137834,0.557727022996625,0.6111111111111112,0.5569620253164557,0.5739130434782609,0.24068380336417916,0.1837060611459408,0.4956521739130435
eeg_1back_native,eeg,,1back,demographics,logistic_regression,20260707,4,inner_cv,0,0.5,230,72,158,0.6220552039381154,0.4026450002606562,0.5840365682137834,0.557727022996625,0.6111111111111112,0.5569620253164557,0.5739130434782609,0.24068380336417916,0.1837060611459408,0.4956521739130435
eeg_1back_native,eeg,,1back,demographics,logistic_regression,20260707,4,fixed_0_5,1,0.5,230,58,172,0.5735765838011226,0.2992832512629618,0.5806936647955092,0.5321342973958229,0.6206896551724138,0.5406976744186046,0.5608695652173913,0.24241961086739142,0.22825596372024265,0.5
eeg_1back_native,eeg,,1back,demographics,logistic_regression,20260707,4,inner_cv,1,0.5,230,58,172,0.5735765838011226,0.2992832512629618,0.5806936647955092,0.5321342973958229,0.6206896551724138,0.5406976744186046,0.5608695652173913,0.24241961086739142,0.22825596372024265,0.5
eeg_1back_native,eeg,,1back,demographics,logistic_regression,20260707,4,fixed_0_5,2,0.5,226,65,161,0.5876731963688485,0.3687317963122663,0.5687052078356427,0.5384424961320269,0.5846153846153846,0.5527950310559007,0.5619469026548672,0.24508025565140873,0.21111835271717858,0.48672566371681414
eeg_1back_native,eeg,,1back,demographics,logistic_regression,20260707,4,inner_cv,2,0.5,226,65,161,0.5876731963688485,0.3687317963122663,0.5687052078356427,0.5384424961320269,0.5846153846153846,0.5527950310559007,0.5619469026548672,0.24508025565140873,0.21111835271717858,0.48672566371681414
eeg_1back_native,eeg,,1back,demographics,logistic_regression,20260707,4,fixed_0_5,3,0.5,237,74,163,0.63969490963356,0.45219345118759435,0.6083568230807495,0.5841173835125448,0.6216216216216216,0.5950920245398773,0.6033755274261603,0.2380095009170318,0.17812523560098042,0.47257383966244726
eeg_1back_native,eeg,,1back,demographics,logistic_regression,20260707,4,inner_cv,3,0.5,237,74,163,0.63969490963356,0.45219345118759435,0.6083568230807495,0.5841173835125448,0.6216216216216216,0.5950920245398773,0.6033755274261603,0.2380095009170318,0.17812523560098042,0.47257383966244726
eeg_1back_native,eeg,,1back,demographics,logistic_regression,20260707,4,fixed_0_5,4,0.5,231,69,162,0.5790391841116479,0.350012265037041,0.595679012345679,0.5543981481481481,0.6666666666666666,0.5246913580246914,0.5670995670995671,0.2451442675571073,0.1984850892637633,0.5324675324675324
eeg_1back_native,eeg,,1back,demographics,logistic_regression,20260707,4,inner_cv,4,0.45,231,69,162,0.5790391841116479,0.350012265037041,0.5641438539989265,0.4761512079014937,0.782608695652174,0.345679012345679,0.47619047619047616,0.2451442675571073,0.1984850892637633,0.6926406926406926
eeg_1back_native,eeg,,1back,demographics,random_forest,20260707,4,fixed_0_5,0,0.5,230,72,158,0.5885636427566807,0.38732033397568233,0.5644338959212376,0.5374763271442238,0.5972222222222222,0.5316455696202531,0.5521739130434783,0.2420578023208477,0.17238168267884635,0.508695652173913
eeg_1back_native,eeg,,1back,demographics,random_forest,20260707,4,inner_cv,0,0.6,230,72,158,0.5885636427566807,0.38732033397568233,0.5447433192686357,0.5215493246608655,0.1527777777777778,0.9367088607594937,0.691304347826087,0.2420578023208477,0.17238168267884635,0.09130434782608696
eeg_1back_native,eeg,,1back,demographics,random_forest,20260707,4,fixed_0_5,1,0.5,230,58,172,0.5514234161988774,0.3142233987532824,0.5487169206094628,0.49275362318840576,0.6206896551724138,0.47674418604651164,0.5130434782608696,0.24646745195891928,0.2305914434270169,0.5478260869565217
eeg_1back_native,eeg,,1back,demographics,random_forest,20260707,4,inner_cv,1,0.45,230,58,172,0.5514234161988774,0.3142233987532824,0.5429029671210907,0.4855191900164822,0.6206896551724138,0.46511627906976744,0.5043478260869565,0.24646745195891928,0.2305914434270169,0.5565217391304348
eeg_1back_native,eeg,,1back,demographics,random_forest,20260707,4,fixed_0_5,2,0.5,226,65,161,0.535260391782131,0.30372499037415585,0.5345437171524128,0.4975341579755842,0.5846153846153846,0.484472049689441,0.5132743362831859,0.25020464775682444,0.20149047979265536,0.5353982300884956
eeg_1back_native,eeg,,1back,demographics,random_forest,20260707,4,inner_cv,2,0.45,226,65,161,0.535260391782131,0.30372499037415585,0.5388437649307214,0.48087128712871285,0.6615384615384615,0.4161490683229814,0.48672566371681414,0.25020464775682444,0.20149047979265536,0.6061946902654868
eeg_1back_native,eeg,,1back,demographics,random_forest,20260707,4,fixed_0_5,3,0.5,237,74,163,0.6106781628254021,0.4025848761876076,0.589330127673686,0.5644110275689223,0.6081081081081081,0.5705521472392638,0.5822784810126582,0.23908992886165287,0.1713226767194003,0.48523206751054854
eeg_1back_native,eeg,,1back,demographics,random_forest,20260707,4,inner_cv,3,0.5,237,74,163,0.6106781628254021,0.4025848761876076,0.589330127673686,0.5644110275689223,0.6081081081081081,0.5705521472392638,0.5822784810126582,0.23908992886165287,0.1713226767194003,0.48523206751054854
eeg_1back_native,eeg,,1back,demographics,random_forest,20260707,4,fixed_0_5,4,0.5,231,69,162,0.5795312220432994,0.3500014053362078,0.5885668276972624,0.5376565448618973,0.6956521739130435,0.48148148148148145,0.5454545454545454,0.243706252250639,0.1935220108319491,0.5714285714285714
eeg_1back_native,eeg,,1back,demographics,random_forest,20260707,4,inner_cv,4,0.45,231,69,162,0.5795312220432994,0.3500014053362078,0.5568974771873323,0.4717723796671165,0.7681159420289855,0.345679012345679,0.47186147186147187,0.243706252250639,0.1935220108319491,0.6883116883116883
eeg_1back_native,eeg,,1back,demographics,hist_gradient_boosting,20260707,4,fixed_0_5,0,0.5,230,72,158,0.5762570323488045,0.3502169412719792,0.5120428973277075,0.498015873015873,0.4861111111111111,0.5379746835443038,0.5217391304347826,0.24517953140645768,0.1838900376005812,0.46956521739130436
eeg_1back_native,eeg,,1back,demographics,hist_gradient_boosting,20260707,4,inner_cv,0,0.5,230,72,158,0.5762570323488045,0.3502169412719792,0.5120428973277075,0.498015873015873,0.4861111111111111,0.5379746835443038,0.5217391304347826,0.24517953140645768,0.1838900376005812,0.46956521739130436
eeg_1back_native,eeg,,1back,demographics,hist_gradient_boosting,20260707,4,fixed_0_5,1,0.5,230,58,172,0.5457598235765837,0.29097562586362846,0.5748797113071371,0.5250125313283208,0.6206896551724138,0.5290697674418605,0.5521739130434783,0.2448487910654386,0.23900431073974954,0.508695652173913
eeg_1back_native,eeg,,1back,demographics,hist_gradient_boosting,20260707,4,inner_cv,1,0.5,230,58,172,0.5457598235765837,0.29097562586362846,0.5748797113071371,0.5250125313283208,0.6206896551724138,0.5290697674418605,0.5521739130434783,0.2448487910654386,0.23900431073974954,0.508695652173913
eeg_1back_native,eeg,,1back,demographics,hist_gradient_boosting,20260707,4,fixed_0_5,2,0.5,226,65,161,0.5595795508838987,0.31698955160230546,0.5528905876731964,0.5033165507871813,0.6461538461538462,0.45962732919254656,0.5132743362831859,0.24724708325045797,0.21060120433834048,0.5707964601769911
eeg_1back_native,eeg,,1back,demographics,hist_gradient_boosting,20260707,4,inner_cv,2,0.5,226,65,161,0.5595795508838987,0.31698955160230546,0.5528905876731964,0.5033165507871813,0.6461538461538462,0.45962732919254656,0.5132743362831859,0.24724708325045797,0.21060120433834048,0.5707964601769911
eeg_1back_native,eeg,,1back,demographics,hist_gradient_boosting,20260707,4,fixed_0_5,3,0.5,237,74,163,0.6100149228983586,0.37372337650118076,0.6034654286188028,0.5724226804123712,0.6486486486486487,0.558282208588957,0.5864978902953587,0.2436733649069142,0.1843943971435452,0.5063291139240507
eeg_1back_native,eeg,,1back,demographics,hist_gradient_boosting,20260707,4,inner_cv,3,0.5,237,74,163,0.6100149228983586,0.37372337650118076,0.6034654286188028,0.5724226804123712,0.6486486486486487,0.558282208588957,0.5864978902953587,0.2436733649069142,0.1843943971435452,0.5063291139240507
eeg_1back_native,eeg,,1back,demographics,hist_gradient_boosting,20260707,4,fixed_0_5,4,0.5,231,69,162,0.6038200035784577,0.3665123515387594,0.5743424584004294,0.500817407971137,0.7536231884057971,0.3950617283950617,0.5021645021645021,0.24613603373747497,0.20178072647175632,0.6493506493506493
eeg_1back_native,eeg,,1back,demographics,hist_gradient_boosting,20260707,4,inner_cv,4,0.5,231,69,162,0.6038200035784577,0.3665123515387594,0.5743424584004294,0.500817407971137,0.7536231884057971,0.3950617283950617,0.5021645021645021,0.24613603373747497,0.20178072647175632,0.6493506493506493
eeg_1back_native,eeg,,1back,qc,logistic_regression,20260707,16,fixed_0_5,0,0.5,230,72,158,0.510196905766526,0.35245428250169664,0.5120428973277075,0.498015873015873,0.4861111111111111,0.5379746835443038,0.5217391304347826,0.2513314310670977,0.1872279309632459,0.46956521739130436
eeg_1back_native,eeg,,1back,qc,logistic_regression,20260707,16,inner_cv,0,0.5,230,72,158,0.510196905766526,0.35245428250169664,0.5120428973277075,0.498015873015873,0.4861111111111111,0.5379746835443038,0.5217391304347826,0.2513314310670977,0.1872279309632459,0.46956521739130436
eeg_1back_native,eeg,,1back,qc,logistic_regression,20260707,16,fixed_0_5,1,0.5,230,58,172,0.5602445870088212,0.29606730335770337,0.5579390537289495,0.5269947443860488,0.5344827586206896,0.5813953488372093,0.5695652173913044,0.2513208149948751,0.2469468472426397,0.44782608695652176
eeg_1back_native,eeg,,1back,qc,logistic_regression,20260707,16,inner_cv,1,0.5,230,58,172,0.5602445870088212,0.29606730335770337,0.5579390537289495,0.5269947443860488,0.5344827586206896,0.5813953488372093,0.5695652173913044,0.2513208149948751,0.2469468472426397,0.44782608695652176
eeg_1back_native,eeg,,1back,qc,logistic_regression,20260707,16,fixed_0_5,2,0.5,226,65,161,0.5611084567606307,0.31969659683662327,0.5118967988533206,0.49970200085142613,0.4461538461538462,0.577639751552795,0.5398230088495575,0.24687891995539604,0.20783721909995287,0.42920353982300885
eeg_1back_native,eeg,,1back,qc,logistic_regression,20260707,16,inner_cv,2,0.5,226,65,161,0.5611084567606307,0.31969659683662327,0.5118967988533206,0.49970200085142613,0.4461538461538462,0.577639751552795,0.5398230088495575,0.24687891995539604,0.20783721909995287,0.42920353982300885
eeg_1back_native,eeg,,1back,qc,logistic_regression,20260707,16,fixed_0_5,3,0.5,237,74,163,0.5177416680484165,0.3599332451340549,0.5278975294312718,0.5176054328596702,0.47297297297297297,0.5828220858895705,0.5485232067510548,0.24777195237945826,0.17876349898163935,0.4345991561181435
eeg_1back_native,eeg,,1back,qc,logistic_regression,20260707,16,inner_cv,3,0.5,237,74,163,0.5177416680484165,0.3599332451340549,0.5278975294312718,0.5176054328596702,0.47297297297297297,0.5828220858895705,0.5485232067510548,0.24777195237945826,0.17876349898163935,0.4345991561181435
eeg_1back_native,eeg,,1back,qc,logistic_regression,20260707,16,fixed_0_5,4,0.5,231,69,162,0.566648774378243,0.38512405443948666,0.5573000536768653,0.5321955919073553,0.5652173913043478,0.5493827160493827,0.5541125541125541,0.2512010109564788,0.21234918659210822,0.48484848484848486
eeg_1back_native,eeg,,1back,qc,logistic_regression,20260707,16,inner_cv,4,0.45,231,69,162,0.566648774378243,0.38512405443948666,0.4985238862050456,0.33892250072025354,0.855072463768116,0.1419753086419753,0.354978354978355,0.2512010109564788,0.21234918659210822,0.8571428571428571
eeg_1back_native,eeg,,1back,qc,random_forest,20260707,16,fixed_0_5,0,0.5,230,72,158,0.5316895218002813,0.328667150346651,0.5235583684950773,0.5216874628639334,0.3888888888888889,0.6582278481012658,0.5739130434782609,0.24060129845168382,0.1465857363650813,0.3565217391304348
eeg_1back_native,eeg,,1back,qc,random_forest,20260707,16,inner_cv,0,0.5,230,72,158,0.5316895218002813,0.328667150346651,0.5235583684950773,0.5216874628639334,0.3888888888888889,0.6582278481012658,0.5739130434782609,0.24060129845168382,0.1465857363650813,0.3565217391304348
eeg_1back_native,eeg,,1back,qc,random_forest,20260707,16,fixed_0_5,1,0.5,230,58,172,0.4439153969526864,0.23312967100050727,0.4489775461106656,0.44844124700239807,0.27586206896551724,0.622093023255814,0.5347826086956522,0.2447707412790669,0.21690725453242765,0.3521739130434783
eeg_1back_native,eeg,,1back,qc,random_forest,20260707,16,inner_cv,1,0.45,230,58,172,0.4439153969526864,0.23312967100050727,0.48195669607056935,0.41365892929021875,0.603448275862069,0.36046511627906974,0.4217391304347826,0.2447707412790669,0.21690725453242765,0.6304347826086957
eeg_1back_native,eeg,,1back,qc,random_forest,20260707,16,fixed_0_5,2,0.5,226,65,161,0.4304825609173435,0.24620912113331264,0.4213569039655996,0.4234031305307192,0.2153846153846154,0.6273291925465838,0.5088495575221239,0.2510769555297494,0.178285569112209,0.3274336283185841
eeg_1back_native,eeg,,1back,qc,random_forest,20260707,16,inner_cv,2,0.45,226,65,161,0.4304825609173435,0.24620912113331264,0.45733397037744866,0.4279630373644034,0.49230769230769234,0.422360248447205,0.4424778761061947,0.2510769555297494,0.178285569112209,0.5530973451327433
eeg_1back_native,eeg,,1back,qc,random_forest,20260707,16,fixed_0_5,3,0.5,237,74,163,0.5313380865528106,0.3552388353323994,0.5247885922732548,0.5217236467236468,0.40540540540540543,0.6441717791411042,0.569620253164557,0.2405891295078148,0.16671949342610895,0.37130801687763715
eeg_1back_native,eeg,,1back,qc,random_forest,20260707,16,inner_cv,3,0.6,237,74,163,0.5313380865528106,0.3552388353323994,0.5245813297960538,0.46913887506222,0.06756756756756757,0.9815950920245399,0.6962025316455697,0.2405891295078148,0.16671949342610895,0.03375527426160337
eeg_1back_native,eeg,,1back,qc,random_forest,20260707,16,fixed_0_5,4,0.5,231,69,162,0.5246913580246914,0.3230062818168933,0.5029522275899088,0.5028882093102276,0.2898550724637681,0.7160493827160493,0.5887445887445888,0.23955053118614564,0.15153361764136933,0.2857142857142857
eeg_1back_native,eeg,,1back,qc,random_forest,20260707,16,inner_cv,4,0.25,231,69,162,0.5246913580246914,0.3230062818168933,0.4926194310252281,0.2653759225553533,0.9420289855072463,0.043209876543209874,0.3116883116883117,0.23955053118614564,0.15153361764136933,0.9523809523809523
eeg_1back_native,eeg,,1back,qc,hist_gradient_boosting,20260707,16,fixed_0_5,0,0.5,230,72,158,0.510548523206751,0.3207784240871405,0.5222398030942335,0.5167270929466051,0.4305555555555556,0.6139240506329114,0.5565217391304348,0.24985353438890964,0.18412134761521104,0.4
eeg_1back_native,eeg,,1back,qc,hist_gradient_boosting,20260707,16,inner_cv,0,0.5,230,72,158,0.510548523206751,0.3207784240871405,0.5222398030942335,0.5167270929466051,0.4305555555555556,0.6139240506329114,0.5565217391304348,0.24985353438890964,0.18412134761521104,0.4
eeg_1back_native,eeg,,1back,qc,hist_gradient_boosting,20260707,16,fixed_0_5,1,0.5,230,58,172,0.4949879711307137,0.25680405820221175,0.4855653568564555,0.4546258339361787,0.4827586206896552,0.4883720930232558,0.48695652173913045,0.24934103580960412,0.24321285235218593,0.5043478260869565
eeg_1back_native,eeg,,1back,qc,hist_gradient_boosting,20260707,16,inner_cv,1,0.5,230,58,172,0.4949879711307137,0.25680405820221175,0.4855653568564555,0.4546258339361787,0.4827586206896552,0.4883720930232558,0.48695652173913045,0.24934103580960412,0.24321285235218593,0.5043478260869565
eeg_1back_native,eeg,,1back,qc,hist_gradient_boosting,20260707,16,fixed_0_5,2,0.5,226,65,161,0.41892021022455805,0.2508124245847203,0.42269469660774006,0.42432498283385384,0.26153846153846155,0.5838509316770186,0.4911504424778761,0.2524671815207054,0.2113521695918887,0.37168141592920356
eeg_1back_native,eeg,,1back,qc,hist_gradient_boosting,20260707,16,inner_cv,2,0.6,226,65,161,0.41892021022455805,0.2508124245847203,0.5,0.4160206718346253,0.0,1.0,0.7123893805309734,0.2524671815207054,0.2113521695918887,0.0
eeg_1back_native,eeg,,1back,qc,hist_gradient_boosting,20260707,16,fixed_0_5,3,0.5,237,74,163,0.4980517327143094,0.3204923204278358,0.5033576521306583,0.49022725147292623,0.47297297297297297,0.5337423312883436,0.5147679324894515,0.25062984892023565,0.1888064242338936,0.46835443037974683
eeg_1back_native,eeg,,1back,qc,hist_gradient_boosting,20260707,16,inner_cv,3,0.5,237,74,163,0.4980517327143094,0.3204923204278358,0.5033576521306583,0.49022725147292623,0.47297297297297297,0.5337423312883436,0.5147679324894515,0.25062984892023565,0.1888064242338936,0.46835443037974683
eeg_1back_native,eeg,,1back,qc,hist_gradient_boosting,20260707,16,fixed_0_5,4,0.5,231,69,162,0.49642154231526214,0.3189328285135048,0.47436929683306495,0.3847163865546218,0.6956521739130435,0.25308641975308643,0.3852813852813853,0.2508070538780504,0.19994943830148262,0.7316017316017316
eeg_1back_native,eeg,,1back,qc,hist_gradient_boosting,20260707,16,inner_cv,4,0.45,231,69,162,0.49642154231526214,0.3189328285135048,0.47799248523886206,0.2922821738706215,0.8695652173913043,0.08641975308641975,0.3203463203463203,0.2508070538780504,0.19994943830148262,0.9004329004329005
eeg_1back_native,eeg,,1back,signal,logistic_regression,20260707,246,fixed_0_5,0,0.5,230,72,158,0.3936357243319269,0.2597826486394661,0.4217651195499297,0.42183891602460605,0.3055555555555556,0.5379746835443038,0.4652173913043478,0.31209100256184535,0.25547311722910365,0.41304347826086957
eeg_1back_native,eeg,,1back,signal,logistic_regression,20260707,246,inner_cv,0,0.4,230,72,158,0.3936357243319269,0.2597826486394661,0.4291490857946554,0.40484177033217683,0.4722222222222222,0.3860759493670886,0.41304347826086957,0.31209100256184535,0.25547311722910365,0.5695652173913044
eeg_1back_native,eeg,,1back,signal,logistic_regression,20260707,246,fixed_0_5,1,0.5,230,58,172,0.5473135525260626,0.3197551867302893,0.5349839615076183,0.5116772823779193,0.4827586206896552,0.5872093023255814,0.5608695652173913,0.2494931796677516,0.25838139622963835,0.43043478260869567
eeg_1back_native,eeg,,1back,signal,logistic_regression,20260707,246,inner_cv,1,0.55,230,58,172,0.5473135525260626,0.3197551867302893,0.5299719326383321,0.5268496843299993,0.3448275862068966,0.7151162790697675,0.6217391304347826,0.2494931796677516,0.25838139622963835,0.3
eeg_1back_native,eeg,,1back,signal,logistic_regression,20260707,246,fixed_0_5,2,0.5,226,65,161,0.5223124701385571,0.31190674866117263,0.547396082178691,0.5320910973084886,0.49230769230769234,0.6024844720496895,0.5707964601769911,0.2575324030539608,0.20398028403366847,0.4247787610619469
eeg_1back_native,eeg,,1back,signal,logistic_regression,20260707,246,inner_cv,2,0.7,226,65,161,0.5223124701385571,0.31190674866117263,0.5059245102723364,0.459948051948052,0.06153846153846154,0.9503105590062112,0.6946902654867256,0.2575324030539608,0.20398028403366847,0.05309734513274336
eeg_1back_native,eeg,,1back,signal,logistic_regression,20260707,246,fixed_0_5,3,0.5,237,74,163,0.5386337257502902,0.3343710618560159,0.5537224340905322,0.5308493515623554,0.5675675675675675,0.5398773006134969,0.5485232067510548,0.26256782121569466,0.17963393157958615,0.4936708860759494
eeg_1back_native,eeg,,1back,signal,logistic_regression,20260707,246,inner_cv,3,0.5,237,74,163,0.5386337257502902,0.3343710618560159,0.5537224340905322,0.5308493515623554,0.5675675675675675,0.5398773006134969,0.5485232067510548,0.26256782121569466,0.17963393157958615,0.4936708860759494
eeg_1back_native,eeg,,1back,signal,logistic_regression,20260707,246,fixed_0_5,4,0.5,231,69,162,0.5001789228842369,0.3289443199243848,0.4888620504562534,0.4833699242875023,0.391304347826087,0.5864197530864198,0.5281385281385281,0.2778882138080415,0.2193290326064152,0.4069264069264069
eeg_1back_native,eeg,,1back,signal,logistic_regression,20260707,246,inner_cv,4,0.55,231,69,162,0.5001789228842369,0.3289443199243848,0.5279119699409555,0.526077097505669,0.37681159420289856,0.6790123456790124,0.5887445887445888,0.2778882138080415,0.2193290326064152,0.33766233766233766
eeg_1back_native,eeg,,1back,signal,random_forest,20260707,246,fixed_0_5,0,0.5,230,72,158,0.4861990154711674,0.32732337060521366,0.4917369901547117,0.423108244568227,0.027777777777777776,0.9556962025316456,0.6652173913043479,0.22371125695905936,0.08217308517774904,0.0391304347826087
eeg_1back_native,eeg,,1back,signal,random_forest,20260707,246,inner_cv,0,0.45,230,72,158,0.4861990154711674,0.32732337060521366,0.5327004219409283,0.5144444444444444,0.16666666666666666,0.8987341772151899,0.6695652173913044,0.22371125695905936,0.08217308517774904,0.12173913043478261
eeg_1back_native,eeg,,1back,signal,random_forest,20260707,246,fixed_0_5,1,0.5,230,58,172,0.5216519647153168,0.2959539101682943,0.4938853247794707,0.456615120274914,0.05172413793103448,0.936046511627907,0.7130434782608696,0.206907155612524,0.1463808826871112,0.06086956521739131
eeg_1back_native,eeg,,1back,signal,random_forest,20260707,246,inner_cv,1,0.4,230,58,172,0.5216519647153168,0.2959539101682943,0.5353849238171612,0.5244447408790769,0.41379310344827586,0.6569767441860465,0.5956521739130435,0.206907155612524,0.1463808826871112,0.36086956521739133
eeg_1back_native,eeg,,1back,signal,random_forest,20260707,246,fixed_0_5,2,0.5,226,65,161,0.5077878643096035,0.33044714857074875,0.5414237935977066,0.5096584546472565,0.1076923076923077,0.9751552795031055,0.7256637168141593,0.21236086033590626,0.09377279698183397,0.048672566371681415
eeg_1back_native,eeg,,1back,signal,random_forest,20260707,246,inner_cv,2,0.2,226,65,161,0.5077878643096035,0.33044714857074875,0.5093167701863354,0.2439871273712737,1.0,0.018633540372670808,0.3008849557522124,0.21236086033590626,0.09377279698183397,0.9867256637168141
eeg_1back_native,eeg,,1back,signal,random_forest,20260707,246,fixed_0_5,3,0.5,237,74,163,0.5447686950754436,0.3661893621608018,0.5252031172276571,0.4767579011038863,0.08108108108108109,0.9693251533742331,0.6919831223628692,0.21729635341529335,0.05484904256227325,0.046413502109704644
eeg_1back_native,eeg,,1back,signal,random_forest,20260707,246,inner_cv,3,0.3,237,74,163,0.5447686950754436,0.3661893621608018,0.526280882109103,0.4015151515151515,0.8378378378378378,0.2147239263803681,0.4092827004219409,0.21729635341529335,0.05484904256227325,0.8016877637130801
eeg_1back_native,eeg,,1back,signal,random_forest,20260707,246,fixed_0_5,4,0.5,231,69,162,0.4727142601538737,0.3080293482399993,0.5148953301127214,0.49949260854063243,0.15942028985507245,0.8703703703703703,0.658008658008658,0.22989824449711924,0.13622617866546752,0.13852813852813853
eeg_1back_native,eeg,,1back,signal,random_forest,20260707,246,inner_cv,4,0.35,231,69,162,0.4727142601538737,0.3080293482399993,0.5159688674181427,0.37676698586411306,0.8405797101449275,0.19135802469135801,0.3852813852813853,0.22989824449711924,0.13622617866546752,0.8181818181818182
eeg_1back_native,eeg,,1back,signal,hist_gradient_boosting,20260707,246,fixed_0_5,0,0.5,230,72,158,0.5218442334739803,0.3702015684230239,0.4937587904360056,0.48581096050432016,0.4305555555555556,0.5569620253164557,0.5173913043478261,0.2454850296700103,0.17322497454635677,0.4391304347826087
eeg_1back_native,eeg,,1back,signal,hist_gradient_boosting,20260707,246,inner_cv,0,0.45,230,72,158,0.5218442334739803,0.3702015684230239,0.5116033755274262,0.38076923076923086,0.8333333333333334,0.189873417721519,0.391304347826087,0.2454850296700103,0.17322497454635677,0.8173913043478261
eeg_1back_native,eeg,,1back,signal,hist_gradient_boosting,20260707,246,fixed_0_5,1,0.5,230,58,172,0.4928327987169206,0.27186297416879635,0.4853648757016841,0.4454107044035101,0.5172413793103449,0.45348837209302323,0.46956521739130436,0.2492314165149083,0.24323984477690436,0.5391304347826087
eeg_1back_native,eeg,,1back,signal,hist_gradient_boosting,20260707,246,inner_cv,1,0.5,230,58,172,0.4928327987169206,0.27186297416879635,0.4853648757016841,0.4454107044035101,0.5172413793103449,0.45348837209302323,0.46956521739130436,0.2492314165149083,0.24323984477690436,0.5391304347826087
eeg_1back_native,eeg,,1back,signal,hist_gradient_boosting,20260707,246,fixed_0_5,2,0.5,226,65,161,0.47907310081223126,0.2688717099518251,0.48380315336837076,0.4624784712539982,0.47692307692307695,0.4906832298136646,0.48672566371681414,0.24828223758796056,0.20097406786659217,0.5
eeg_1back_native,eeg,,1back,signal,hist_gradient_boosting,20260707,246,inner_cv,2,0.45,226,65,161,0.47907310081223126,0.2688717099518251,0.5088389870998566,0.39704959196484624,0.7692307692307693,0.2484472049689441,0.39823008849557523,0.24828223758796056,0.20097406786659217,0.7566371681415929
eeg_1back_native,eeg,,1back,signal,hist_gradient_boosting,20260707,246,fixed_0_5,3,0.5,237,74,163,0.5244569723097331,0.3444459356514037,0.47637207759907146,0.45710934779820045,0.4864864864864865,0.4662576687116564,0.47257383966244726,0.24652375719820896,0.17905746976172854,0.5189873417721519
eeg_1back_native,eeg,,1back,signal,hist_gradient_boosting,20260707,246,inner_cv,3,0.45,237,74,163,0.5244569723097331,0.3444459356514037,0.5502404244735533,0.41120681838788653,0.8918918918918919,0.2085889570552147,0.4219409282700422,0.24652375719820896,0.17905746976172854,0.8227848101265823
eeg_1back_native,eeg,,1back,signal,hist_gradient_boosting,20260707,246,fixed_0_5,4,0.5,231,69,162,0.536455537663267,0.3427121516756827,0.5293880837359098,0.5085106382978724,0.5217391304347826,0.5370370370370371,0.5324675324675324,0.2442795131033046,0.19009597185451738,0.4805194805194805
eeg_1back_native,eeg,,1back,signal,hist_gradient_boosting,20260707,246,inner_cv,4,0.4,231,69,162,0.536455537663267,0.3427121516756827,0.5009393451422437,0.25825474079609023,0.9710144927536232,0.030864197530864196,0.3116883116883117,0.2442795131033046,0.19009597185451738,0.9696969696969697
eeg_1back_native,eeg,,1back,signal_qc,logistic_regression,20260707,262,fixed_0_5,0,0.5,230,72,158,0.39539381153305203,0.2615465611338751,0.4116561181434599,0.41243792278923386,0.2916666666666667,0.5316455696202531,0.45652173913043476,0.3123019963199182,0.2711681388960374,0.41304347826086957
eeg_1back_native,eeg,,1back,signal_qc,logistic_regression,20260707,262,inner_cv,0,0.4,230,72,158,0.39539381153305203,0.2615465611338751,0.43609353023909986,0.4098498774509804,0.4861111111111111,0.3860759493670886,0.41739130434782606,0.3123019963199182,0.2711681388960374,0.5739130434782609
eeg_1back_native,eeg,,1back,signal_qc,logistic_regression,20260707,262,fixed_0_5,1,0.5,230,58,172,0.5373897353648758,0.2907701229769809,0.5263632718524459,0.5053137651821863,0.46551724137931033,0.5872093023255814,0.5565217391304348,0.2534867125828162,0.25476009593424864,0.4260869565217391
eeg_1back_native,eeg,,1back,signal_qc,logistic_regression,20260707,262,inner_cv,1,0.65,230,58,172,0.5373897353648758,0.2907701229769809,0.5252606255012029,0.5165490196078432,0.15517241379310345,0.8953488372093024,0.7086956521739131,0.2534867125828162,0.25476009593424864,0.11739130434782609
eeg_1back_native,eeg,,1back,signal_qc,logistic_regression,20260707,262,fixed_0_5,2,0.5,226,65,161,0.5214524605828954,0.31066920197170406,0.5457716196846631,0.5275261324041811,0.5076923076923077,0.5838509316770186,0.5619469026548672,0.2563722330135154,0.20259710544304904,0.4424778761061947
eeg_1back_native,eeg,,1back,signal_qc,logistic_regression,20260707,262,inner_cv,2,0.7,226,65,161,0.5214524605828954,0.31066920197170406,0.5090301003344482,0.46220604703247475,0.06153846153846154,0.9565217391304348,0.6991150442477876,0.2563722330135154,0.20259710544304904,0.048672566371681415
eeg_1back_native,eeg,,1back,signal_qc,logistic_regression,20260707,262,fixed_0_5,3,0.5,237,74,163,0.5374730558779639,0.3385465292835145,0.5469656773337754,0.525648628613788,0.5540540540540541,0.5398773006134969,0.5443037974683544,0.2620239483886164,0.17741354360229822,0.48945147679324896
eeg_1back_native,eeg,,1back,signal_qc,logistic_regression,20260707,262,inner_cv,3,0.5,237,74,163,0.5374730558779639,0.3385465292835145,0.5469656773337754,0.525648628613788,0.5540540540540541,0.5398773006134969,0.5443037974683544,0.2620239483886164,0.17741354360229822,0.48945147679324896
eeg_1back_native,eeg,,1back,signal_qc,logistic_regression,20260707,262,fixed_0_5,4,0.5,231,69,162,0.4850599391662193,0.32231597932196965,0.49302200751476116,0.4861952861952862,0.4057971014492754,0.5802469135802469,0.5281385281385281,0.28578688795015195,0.2361350961654298,0.4155844155844156
eeg_1back_native,eeg,,1back,signal_qc,logistic_regression,20260707,262,inner_cv,4,0.35,231,69,162,0.4850599391662193,0.32231597932196965,0.45450885668276975,0.39713861925236105,0.5942028985507246,0.3148148148148148,0.39826839826839827,0.28578688795015195,0.2361350961654298,0.658008658008658
eeg_1back_native,eeg,,1back,signal_qc,random_forest,20260707,262,fixed_0_5,0,0.5,230,72,158,0.4687939521800282,0.31822392365545216,0.522063994374121,0.46806084888758587,0.06944444444444445,0.9746835443037974,0.691304347826087,0.22447069813603968,0.09909679582542628,0.0391304347826087
eeg_1back_native,eeg,,1back,signal_qc,random_forest,20260707,262,inner_cv,0,0.4,230,72,158,0.4687939521800282,0.31822392365545216,0.4883087201125176,0.4853146853146853,0.2361111111111111,0.740506329113924,0.5826086956521739,0.22447069813603968,0.09909679582542628,0.25217391304347825
eeg_1back_native,eeg,,1back,signal_qc,random_forest,20260707,262,fixed_0_5,1,0.5,230,58,172,0.49819566960705697,0.27437076914790914,0.4794506816359262,0.4382499734522672,0.034482758620689655,0.9244186046511628,0.7,0.2082503733547436,0.11659846048228231,0.06521739130434782
eeg_1back_native,eeg,,1back,signal_qc,random_forest,20260707,262,inner_cv,1,0.3,230,58,172,0.49819566960705697,0.27437076914790914,0.49558941459502803,0.3650253384766659,0.7586206896551724,0.23255813953488372,0.3652173913043478,0.2082503733547436,0.11659846048228231,0.7652173913043478
eeg_1back_native,eeg,,1back,signal_qc,random_forest,20260707,262,fixed_0_5,2,0.5,226,65,161,0.5425704730052556,0.34468923358543146,0.49956999522216916,0.4686745456856018,0.09230769230769231,0.906832298136646,0.672566371681416,0.21868616716161823,0.11744114074577733,0.09292035398230089
eeg_1back_native,eeg,,1back,signal_qc,random_forest,20260707,262,inner_cv,2,0.45,226,65,161,0.5425704730052556,0.34468923358543146,0.5266602962255136,0.526635879577056,0.27692307692307694,0.7763975155279503,0.6327433628318584,0.21868616716161823,0.11744114074577733,0.23893805309734514
eeg_1back_native,eeg,,1back,signal_qc,random_forest,20260707,262,fixed_0_5,3,0.5,237,74,163,0.5555463438899022,0.3807869615116951,0.5313380865528105,0.48149631775182566,0.08108108108108109,0.9815950920245399,0.70042194092827,0.21558177327338424,0.06293242198388072,0.0379746835443038
eeg_1back_native,eeg,,1back,signal_qc,random_forest,20260707,262,inner_cv,3,0.4,237,74,163,0.5555463438899022,0.3807869615116951,0.5351931686287514,0.535054207537429,0.36486486486486486,0.7055214723926381,0.5991561181434599,0.21558177327338424,0.06293242198388072,0.31645569620253167
eeg_1back_native,eeg,,1back,signal_qc,random_forest,20260707,262,fixed_0_5,4,0.5,231,69,162,0.49651100375738055,0.31718045043540316,0.5169082125603864,0.49761333145036013,0.14492753623188406,0.8888888888888888,0.6666666666666666,0.22864452022611684,0.11552166648738457,0.12121212121212122
eeg_1back_native,eeg,,1back,signal_qc,random_forest,20260707,262,inner_cv,4,0.3,231,69,162,0.49651100375738055,0.31718045043540316,0.5162372517444981,0.32260713168595556,0.927536231884058,0.10493827160493827,0.35064935064935066,0.22864452022611684,0.11552166648738457,0.9047619047619048
eeg_1back_native,eeg,,1back,signal_qc,hist_gradient_boosting,20260707,262,fixed_0_5,0,0.5,230,72,158,0.5218442334739803,0.3702015684230239,0.4937587904360056,0.48581096050432016,0.4305555555555556,0.5569620253164557,0.5173913043478261,0.2454850296700103,0.17322497454635677,0.4391304347826087
eeg_1back_native,eeg,,1back,signal_qc,hist_gradient_boosting,20260707,262,inner_cv,0,0.45,230,72,158,0.5218442334739803,0.3702015684230239,0.5116033755274262,0.38076923076923086,0.8333333333333334,0.189873417721519,0.391304347826087,0.2454850296700103,0.17322497454635677,0.8173913043478261
eeg_1back_native,eeg,,1back,signal_qc,hist_gradient_boosting,20260707,262,fixed_0_5,1,0.5,230,58,172,0.4928327987169206,0.27186297416879635,0.4853648757016841,0.4454107044035101,0.5172413793103449,0.45348837209302323,0.46956521739130436,0.2492314165149083,0.24323984477690436,0.5391304347826087
eeg_1back_native,eeg,,1back,signal_qc,hist_gradient_boosting,20260707,262,inner_cv,1,0.5,230,58,172,0.4928327987169206,0.27186297416879635,0.4853648757016841,0.4454107044035101,0.5172413793103449,0.45348837209302323,0.46956521739130436,0.2492314165149083,0.24323984477690436,0.5391304347826087
eeg_1back_native,eeg,,1back,signal_qc,hist_gradient_boosting,20260707,262,fixed_0_5,2,0.5,226,65,161,0.47907310081223126,0.2688717099518251,0.48380315336837076,0.4624784712539982,0.47692307692307695,0.4906832298136646,0.48672566371681414,0.24828223758796056,0.20097406786659217,0.5
eeg_1back_native,eeg,,1back,signal_qc,hist_gradient_boosting,20260707,262,inner_cv,2,0.45,226,65,161,0.47907310081223126,0.2688717099518251,0.5088389870998566,0.39704959196484624,0.7692307692307693,0.2484472049689441,0.39823008849557523,0.24828223758796056,0.20097406786659217,0.7566371681415929
eeg_1back_native,eeg,,1back,signal_qc,hist_gradient_boosting,20260707,262,fixed_0_5,3,0.5,237,74,163,0.5244569723097331,0.3444459356514037,0.47637207759907146,0.45710934779820045,0.4864864864864865,0.4662576687116564,0.47257383966244726,0.24652375719820896,0.17905746976172854,0.5189873417721519
eeg_1back_native,eeg,,1back,signal_qc,hist_gradient_boosting,20260707,262,inner_cv,3,0.45,237,74,163,0.5244569723097331,0.3444459356514037,0.5502404244735533,0.41120681838788653,0.8918918918918919,0.2085889570552147,0.4219409282700422,0.24652375719820896,0.17905746976172854,0.8227848101265823
eeg_1back_native,eeg,,1back,signal_qc,hist_gradient_boosting,20260707,262,fixed_0_5,4,0.5,231,69,162,0.5509930220075148,0.3470479689009133,0.5355609232420826,0.5156274727013768,0.5217391304347826,0.5493827160493827,0.5411255411255411,0.2442275950352889,0.19160686247884545,0.47186147186147187
eeg_1back_native,eeg,,1back,signal_qc,hist_gradient_boosting,20260707,262,inner_cv,4,0.4,231,69,162,0.5509930220075148,0.3470479689009133,0.5040257648953301,0.26474617244157933,0.9710144927536232,0.037037037037037035,0.31601731601731603,0.2442275950352889,0.19160686247884545,0.9653679653679653
eeg_1back_native,eeg,,1back,signal_demographics,logistic_regression,20260707,250,fixed_0_5,0,0.5,230,72,158,0.47767229254571025,0.2917451227021569,0.46853023909985936,0.46605033384694394,0.3611111111111111,0.5759493670886076,0.508695652173913,0.3028247858062719,0.22660330117513022,0.4043478260869565
eeg_1back_native,eeg,,1back,signal_demographics,logistic_regression,20260707,250,inner_cv,0,0.5,230,72,158,0.47767229254571025,0.2917451227021569,0.46853023909985936,0.46605033384694394,0.3611111111111111,0.5759493670886076,0.508695652173913,0.3028247858062719,0.22660330117513022,0.4043478260869565
eeg_1back_native,eeg,,1back,signal_demographics,logistic_regression,20260707,250,fixed_0_5,1,0.5,230,58,172,0.5748797113071371,0.3355243967211544,0.5784883720930232,0.5585027484512696,0.5,0.6569767441860465,0.6173913043478261,0.2396961938320437,0.216347543485605,0.3826086956521739
eeg_1back_native,eeg,,1back,signal_demographics,logistic_regression,20260707,250,inner_cv,1,0.45,230,58,172,0.5748797113071371,0.3355243967211544,0.5547313552526063,0.5100876135358894,0.5862068965517241,0.5232558139534884,0.5391304347826087,0.2396961938320437,0.216347543485605,0.5043478260869565
eeg_1back_native,eeg,,1back,signal_demographics,logistic_regression,20260707,250,fixed_0_5,2,0.5,226,65,161,0.5510750119445772,0.33693116672714707,0.5534639273769708,0.5334906057797624,0.5230769230769231,0.5838509316770186,0.5663716814159292,0.2532649981081753,0.20056454618865602,0.4469026548672566
eeg_1back_native,eeg,,1back,signal_demographics,logistic_regression,20260707,250,inner_cv,2,0.55,226,65,161,0.5510750119445772,0.33693116672714707,0.5370281892021023,0.5343406593406592,0.38461538461538464,0.6894409937888198,0.6017699115044248,0.2532649981081753,0.20056454618865602,0.33185840707964603
eeg_1back_native,eeg,,1back,signal_demographics,logistic_regression,20260707,250,fixed_0_5,3,0.5,237,74,163,0.5727076770021555,0.36693521945331586,0.5457221024705687,0.5291979010494753,0.527027027027027,0.5644171779141104,0.5527426160337553,0.25374107490506553,0.17264470958490602,0.4641350210970464
eeg_1back_native,eeg,,1back,signal_demographics,logistic_regression,20260707,250,inner_cv,3,0.5,237,74,163,0.5727076770021555,0.36693521945331586,0.5457221024705687,0.5291979010494753,0.527027027027027,0.5644171779141104,0.5527426160337553,0.25374107490506553,0.17264470958490602,0.4641350210970464
eeg_1back_native,eeg,,1back,signal_demographics,logistic_regression,20260707,250,fixed_0_5,4,0.5,231,69,162,0.5535874038289497,0.37546485178231565,0.5446859903381642,0.5333333333333333,0.4782608695652174,0.6111111111111112,0.5714285714285714,0.25386471748479206,0.1886568647423723,0.4155844155844156
eeg_1back_native,eeg,,1back,signal_demographics,logistic_regression,20260707,250,inner_cv,4,0.45,231,69,162,0.5535874038289497,0.37546485178231565,0.5512614063338701,0.5150143498276094,0.6086956521739131,0.49382716049382713,0.5281385281385281,0.25386471748479206,0.1886568647423723,0.5367965367965368
eeg_1back_native,eeg,,1back,signal_demographics,random_forest,20260707,250,fixed_0_5,0,0.5,230,72,158,0.45675105485232065,0.3043046909402273,0.5055379746835442,0.4787207252581215,0.125,0.8860759493670886,0.6478260869565218,0.2334198089463057,0.10669610902387083,0.11739130434782609
eeg_1back_native,eeg,,1back,signal_demographics,random_forest,20260707,250,inner_cv,0,0.45,230,72,158,0.45675105485232065,0.3043046909402273,0.46677215189873417,0.4660714285714286,0.25,0.6835443037974683,0.5478260869565217,0.2334198089463057,0.10669610902387083,0.2956521739130435
eeg_1back_native,eeg,,1back,signal_demographics,random_forest,20260707,250,fixed_0_5,1,0.5,230,58,172,0.5158380112269447,0.26219362255660217,0.5105252606255012,0.5072725222685759,0.1896551724137931,0.8313953488372093,0.6695652173913044,0.22038533403170515,0.1666363571599709,0.17391304347826086
eeg_1back_native,eeg,,1back,signal_demographics,random_forest,20260707,250,inner_cv,1,0.4,230,58,172,0.5158380112269447,0.26219362255660217,0.5197473937449879,0.4619883040935673,0.603448275862069,0.436046511627907,0.4782608695652174,0.22038533403170515,0.1666363571599709,0.5739130434782609
eeg_1back_native,eeg,,1back,signal_demographics,random_forest,20260707,250,fixed_0_5,2,0.5,226,65,161,0.5423793597706641,0.31318669409387073,0.49956999522216916,0.4686745456856018,0.09230769230769231,0.906832298136646,0.672566371681416,0.21917134929789206,0.11582475059842788,0.09292035398230089
eeg_1back_native,eeg,,1back,signal_demographics,random_forest,20260707,250,inner_cv,2,0.45,226,65,161,0.5423793597706641,0.31318669409387073,0.49737219302436697,0.49538211712168884,0.23076923076923078,0.7639751552795031,0.6106194690265486,0.21917134929789206,0.11582475059842788,0.2345132743362832
eeg_1back_native,eeg,,1back,signal_demographics,random_forest,20260707,250,fixed_0_5,3,0.5,237,74,163,0.565246227822915,0.3699860491561402,0.5147570883767203,0.4543927327028372,0.05405405405405406,0.9754601226993865,0.6877637130801688,0.21601493220956183,0.05785609300944014,0.03375527426160337
eeg_1back_native,eeg,,1back,signal_demographics,random_forest,20260707,250,inner_cv,3,0.25,237,74,163,0.565246227822915,0.3699860491561402,0.5226745150058033,0.3192743764172336,0.9594594594594594,0.08588957055214724,0.35864978902953587,0.21601493220956183,0.05785609300944014,0.9282700421940928
eeg_1back_native,eeg,,1back,signal_demographics,random_forest,20260707,250,fixed_0_5,4,0.5,231,69,162,0.5127035247808194,0.3373563025141153,0.4990606548577563,0.43305154076902097,0.028985507246376812,0.9691358024691358,0.6883116883116883,0.21710406294891876,0.0797932691429528,0.030303030303030304
eeg_1back_native,eeg,,1back,signal_demographics,random_forest,20260707,250,inner_cv,4,0.25,231,69,162,0.5127035247808194,0.3373563025141153,0.5059044551798175,0.31357522677510163,0.9130434782608695,0.09876543209876543,0.341991341991342,0.21710406294891876,0.0797932691429528,0.9047619047619048
eeg_1back_native,eeg,,1back,signal_demographics,hist_gradient_boosting,20260707,250,fixed_0_5,0,0.5,230,72,158,0.5274701125175809,0.3458705952628218,0.5348101265822784,0.5214468629961588,0.5,0.569620253164557,0.5478260869565217,0.24624156367582475,0.17362592706931324,0.45217391304347826
eeg_1back_native,eeg,,1back,signal_demographics,hist_gradient_boosting,20260707,250,inner_cv,0,0.45,230,72,158,0.5274701125175809,0.3458705952628218,0.4983298171589311,0.36675715743468296,0.8194444444444444,0.17721518987341772,0.3782608695652174,0.24624156367582475,0.17362592706931324,0.8217391304347826
eeg_1back_native,eeg,,1back,signal_demographics,hist_gradient_boosting,20260707,250,fixed_0_5,1,0.5,230,58,172,0.4901764234161989,0.24226124968871893,0.5146351242983159,0.48829927488464075,0.4827586206896552,0.5465116279069767,0.5304347826086957,0.24761042885730525,0.23948928400397793,0.4608695652173913
eeg_1back_native,eeg,,1back,signal_demographics,hist_gradient_boosting,20260707,250,inner_cv,1,0.5,230,58,172,0.4901764234161989,0.24226124968871893,0.5146351242983159,0.48829927488464075,0.4827586206896552,0.5465116279069767,0.5304347826086957,0.24761042885730525,0.23948928400397793,0.4608695652173913
eeg_1back_native,eeg,,1back,signal_demographics,hist_gradient_boosting,20260707,250,fixed_0_5,2,0.5,226,65,161,0.5329192546583851,0.3086728652704108,0.5274247491638796,0.5169167656266869,0.4461538461538462,0.6086956521739131,0.5619469026548672,0.24513162961109308,0.20116434304301034,0.40707964601769914
eeg_1back_native,eeg,,1back,signal_demographics,hist_gradient_boosting,20260707,250,inner_cv,2,0.5,226,65,161,0.5329192546583851,0.3086728652704108,0.5274247491638796,0.5169167656266869,0.4461538461538462,0.6086956521739131,0.5619469026548672,0.24513162961109308,0.20116434304301034,0.40707964601769914
eeg_1back_native,eeg,,1back,signal_demographics,hist_gradient_boosting,20260707,250,fixed_0_5,3,0.5,237,74,163,0.5632979605372244,0.3708927283474969,0.5285193168628752,0.5163265306122449,0.4864864864864865,0.5705521472392638,0.5443037974683544,0.24462553057785122,0.17850061500156664,0.4472573839662447
eeg_1back_native,eeg,,1back,signal_demographics,hist_gradient_boosting,20260707,250,inner_cv,3,0.45,237,74,163,0.5632979605372244,0.3708927283474969,0.5257005471729398,0.3702468434459125,0.8918918918918919,0.15950920245398773,0.3881856540084388,0.24462553057785122,0.17850061500156664,0.8565400843881856
eeg_1back_native,eeg,,1back,signal_demographics,hist_gradient_boosting,20260707,250,fixed_0_5,4,0.5,231,69,162,0.5588208981928788,0.3585618397856488,0.5479066022544283,0.5298132183908046,0.5217391304347826,0.5740740740740741,0.5584415584415584,0.2443050365071984,0.19279139098023895,0.45454545454545453
eeg_1back_native,eeg,,1back,signal_demographics,hist_gradient_boosting,20260707,250,inner_cv,4,0.5,231,69,162,0.5588208981928788,0.3585618397856488,0.5479066022544283,0.5298132183908046,0.5217391304347826,0.5740740740740741,0.5584415584415584,0.2443050365071984,0.19279139098023895,0.45454545454545453
eeg_1back_native,eeg,,1back,signal_qc_demographics,logistic_regression,20260707,266,fixed_0_5,0,0.5,230,72,158,0.45103727144866385,0.2841591595757893,0.4439170182841069,0.44416666666666665,0.3055555555555556,0.5822784810126582,0.4956521739130435,0.29788835925876556,0.2187017922692882,0.3826086956521739
eeg_1back_native,eeg,,1back,signal_qc_demographics,logistic_regression,20260707,266,inner_cv,0,0.45,230,72,158,0.45103727144866385,0.2841591595757893,0.4634317862165963,0.4580169583694185,0.3888888888888889,0.5379746835443038,0.49130434782608695,0.29788835925876556,0.2187017922692882,0.4391304347826087
eeg_1back_native,eeg,,1back,signal_qc_demographics,logistic_regression,20260707,266,fixed_0_5,1,0.5,230,58,172,0.5646551724137931,0.32661842395050944,0.5668604651162791,0.5449462365591398,0.5,0.6337209302325582,0.6,0.24389175093965404,0.222363707782537,0.4
eeg_1back_native,eeg,,1back,signal_qc_demographics,logistic_regression,20260707,266,inner_cv,1,0.55,230,58,172,0.5646551724137931,0.32661842395050944,0.5445068163592622,0.5426326510815793,0.3448275862068966,0.7441860465116279,0.6434782608695652,0.24389175093965404,0.222363707782537,0.2782608695652174
eeg_1back_native,eeg,,1back,signal_qc_demographics,logistic_regression,20260707,266,fixed_0_5,2,0.5,226,65,161,0.5502150023889155,0.33541395850610667,0.5611562350692785,0.539405399726862,0.5384615384615384,0.5838509316770186,0.5707964601769911,0.25222401593726185,0.19597780939505172,0.45132743362831856
eeg_1back_native,eeg,,1back,signal_qc_demographics,logistic_regression,20260707,266,inner_cv,2,0.55,226,65,161,0.5502150023889155,0.33541395850610667,0.540133779264214,0.5376835911462523,0.38461538461538464,0.6956521739130435,0.6061946902654868,0.25222401593726185,0.19597780939505172,0.3274336283185841
eeg_1back_native,eeg,,1back,signal_qc_demographics,logistic_regression,20260707,266,fixed_0_5,3,0.5,237,74,163,0.5769358315370585,0.37571278108931744,0.5555463438899022,0.5380809595202399,0.5405405405405406,0.5705521472392638,0.5611814345991561,0.25240379064269153,0.165461556927453,0.4641350210970464
eeg_1back_native,eeg,,1back,signal_qc_demographics,logistic_regression,20260707,266,inner_cv,3,0.5,237,74,163,0.5769358315370585,0.37571278108931744,0.5555463438899022,0.5380809595202399,0.5405405405405406,0.5705521472392638,0.5611814345991561,0.25240379064269153,0.165461556927453,0.4641350210970464
eeg_1back_native,eeg,,1back,signal_qc_demographics,logistic_regression,20260707,266,fixed_0_5,4,0.5,231,69,162,0.5392735730899982,0.3753789292907488,0.524020397208803,0.5144781144781145,0.4492753623188406,0.5987654320987654,0.5541125541125541,0.257054684331526,0.1974416907671479,0.4155844155844156
eeg_1back_native,eeg,,1back,signal_qc_demographics,logistic_regression,20260707,266,inner_cv,4,0.55,231,69,162,0.5392735730899982,0.3753789292907488,0.5123456790123456,0.5119718309859155,0.3333333333333333,0.691358024691358,0.5844155844155844,0.257054684331526,0.1974416907671479,0.31601731601731603
eeg_1back_native,eeg,,1back,signal_qc_demographics,random_forest,20260707,266,fixed_0_5,0,0.5,230,72,158,0.4537623066104079,0.3189158392018744,0.5258438818565401,0.47812470039308436,0.08333333333333333,0.9683544303797469,0.691304347826087,0.22686487587623635,0.07254863365411786,0.04782608695652174
eeg_1back_native,eeg,,1back,signal_qc_demographics,random_forest,20260707,266,inner_cv,0,0.4,230,72,158,0.4537623066104079,0.3189158392018744,0.46176160337552746,0.45814855875831484,0.20833333333333334,0.7151898734177216,0.5565217391304348,0.22686487587623635,0.07254863365411786,0.2608695652173913
eeg_1back_native,eeg,,1back,signal_qc_demographics,random_forest,20260707,266,fixed_0_5,1,0.5,230,58,172,0.5069165998396151,0.2636638719020098,0.5054129911788292,0.47308132875143194,0.06896551724137931,0.9418604651162791,0.7217391304347827,0.2079443324363356,0.12035730134340557,0.06086956521739131
eeg_1back_native,eeg,,1back,signal_qc_demographics,random_forest,20260707,266,inner_cv,1,0.3,230,58,172,0.5069165998396151,0.2636638719020098,0.5014033680834001,0.37386569872958253,0.7586206896551724,0.2441860465116279,0.3739130434782609,0.2079443324363356,0.12035730134340557,0.7565217391304347
eeg_1back_native,eeg,,1back,signal_qc_demographics,random_forest,20260707,266,fixed_0_5,2,0.5,226,65,161,0.5348303870043001,0.30361772503495155,0.49202102245580503,0.4422048539695599,0.046153846153846156,0.937888198757764,0.6814159292035398,0.21242968005770294,0.05759209238888042,0.05752212389380531
eeg_1back_native,eeg,,1back,signal_qc_demographics,random_forest,20260707,266,inner_cv,2,0.35,226,65,161,0.5348303870043001,0.30361772503495155,0.5303870043000478,0.5154435646506889,0.47692307692307695,0.5838509316770186,0.5530973451327433,0.21242968005770294,0.05759209238888042,0.4336283185840708
eeg_1back_native,eeg,,1back,signal_qc_demographics,random_forest,20260707,266,fixed_0_5,3,0.5,237,74,163,0.5659094677499585,0.3730829373223302,0.5123528436411872,0.4878241619228336,0.13513513513513514,0.8895705521472392,0.6540084388185654,0.2236035355851939,0.10487131754535434,0.11814345991561181
eeg_1back_native,eeg,,1back,signal_qc_demographics,random_forest,20260707,266,inner_cv,3,0.45,237,74,163,0.5659094677499585,0.3730829373223302,0.516166473221688,0.5157731284733573,0.35135135135135137,0.6809815950920245,0.5780590717299579,0.2236035355851939,0.10487131754535434,0.3291139240506329
eeg_1back_native,eeg,,1back,signal_qc_demographics,random_forest,20260707,266,fixed_0_5,4,0.5,231,69,162,0.5580604759348721,0.37250427193627067,0.5238862050456253,0.4755608974358974,0.07246376811594203,0.9753086419753086,0.7056277056277056,0.21255740763765335,0.07667790909034566,0.03896103896103896
eeg_1back_native,eeg,,1back,signal_qc_demographics,random_forest,20260707,266,inner_cv,4,0.25,231,69,162,0.5580604759348721,0.37250427193627067,0.5162372517444981,0.32260713168595556,0.927536231884058,0.10493827160493827,0.35064935064935066,0.21255740763765335,0.07667790909034566,0.9047619047619048
eeg_1back_native,eeg,,1back,signal_qc_demographics,hist_gradient_boosting,20260707,266,fixed_0_5,0,0.5,230,72,158,0.5305907172995782,0.3557619739161077,0.5177566807313643,0.5065664160401002,0.4722222222222222,0.5632911392405063,0.5347826086956522,0.24580597385397576,0.17392154758225042,0.44782608695652176
eeg_1back_native,eeg,,1back,signal_qc_demographics,hist_gradient_boosting,20260707,266,inner_cv,0,0.45,230,72,158,0.5305907172995782,0.3557619739161077,0.5084388185654009,0.3756137006873448,0.8333333333333334,0.18354430379746836,0.3869565217391304,0.24580597385397576,0.17392154758225042,0.8217391304347826
eeg_1back_native,eeg,,1back,signal_qc_demographics,hist_gradient_boosting,20260707,266,fixed_0_5,1,0.5,230,58,172,0.4901764234161989,0.24226124968871893,0.5146351242983159,0.48829927488464075,0.4827586206896552,0.5465116279069767,0.5304347826086957,0.24761042885730525,0.23948928400397793,0.4608695652173913
eeg_1back_native,eeg,,1back,signal_qc_demographics,hist_gradient_boosting,20260707,266,inner_cv,1,0.5,230,58,172,0.4901764234161989,0.24226124968871893,0.5146351242983159,0.48829927488464075,0.4827586206896552,0.5465116279069767,0.5304347826086957,0.24761042885730525,0.23948928400397793,0.4608695652173913
eeg_1back_native,eeg,,1back,signal_qc_demographics,hist_gradient_boosting,20260707,266,fixed_0_5,2,0.5,226,65,161,0.5329192546583851,0.3086728652704108,0.5274247491638796,0.5169167656266869,0.4461538461538462,0.6086956521739131,0.5619469026548672,0.24513162961109308,0.20116434304301034,0.40707964601769914
eeg_1back_native,eeg,,1back,signal_qc_demographics,hist_gradient_boosting,20260707,266,inner_cv,2,0.5,226,65,161,0.5329192546583851,0.3086728652704108,0.5274247491638796,0.5169167656266869,0.4461538461538462,0.6086956521739131,0.5619469026548672,0.24513162961109308,0.20116434304301034,0.40707964601769914
eeg_1back_native,eeg,,1back,signal_qc_demographics,hist_gradient_boosting,20260707,266,fixed_0_5,3,0.5,237,74,163,0.577557618968662,0.3624444336728938,0.5475460122699387,0.5356388746219255,0.5,0.5950920245398773,0.5654008438818565,0.2440715734933197,0.17820095620509757,0.4345991561181435
eeg_1back_native,eeg,,1back,signal_qc_demographics,hist_gradient_boosting,20260707,266,inner_cv,3,0.45,237,74,163,0.577557618968662,0.3624444336728938,0.5128088210910297,0.3562619292321245,0.8783783783783784,0.147239263803681,0.3755274261603376,0.2440715734933197,0.17820095620509757,0.8607594936708861
eeg_1back_native,eeg,,1back,signal_qc_demographics,hist_gradient_boosting,20260707,266,fixed_0_5,4,0.5,231,69,162,0.5445070674539274,0.3447023150270002,0.5375738056897477,0.5205938697318008,0.5072463768115942,0.5679012345679012,0.5497835497835498,0.24487706750400856,0.1934586093008976,0.45454545454545453
eeg_1back_native,eeg,,1back,signal_qc_demographics,hist_gradient_boosting,20260707,266,inner_cv,4,0.5,231,69,162,0.5445070674539274,0.3447023150270002,0.5375738056897477,0.5205938697318008,0.5072463768115942,0.5679012345679012,0.5497835497835498,0.24487706750400856,0.1934586093008976,0.45454545454545453
eeg_rest_v1_features_fixed_split,eeg,,rest_v1_control,signal,logistic_regression,20260707,527,fixed_0_5,0,0.5,216,65,151,0.5115639327559858,0.33099268204511906,0.5022924095771778,0.4888969785220241,0.46153846153846156,0.543046357615894,0.5185185185185185,0.27408893657578587,0.20821450062051644,0.4583333333333333
eeg_rest_v1_features_fixed_split,eeg,,rest_v1_control,signal,logistic_regression,20260707,527,inner_cv,0,0.4,216,65,151,0.5115639327559858,0.33099268204511906,0.512888436067244,0.4520123839009288,0.6615384615384615,0.36423841059602646,0.4537037037037037,0.27408893657578587,0.20821450062051644,0.6435185185185185
eeg_rest_v1_features_fixed_split,eeg,,rest_v1_control,signal,logistic_regression,20260707,527,fixed_0_5,1,0.5,196,75,121,0.4254545454545455,0.3280786852946497,0.4609917355371901,0.46111337961072546,0.36,0.5619834710743802,0.4846938775510204,0.35346036578676066,0.27172909675016477,0.40816326530612246
eeg_rest_v1_features_fixed_split,eeg,,rest_v1_control,signal,logistic_regression,20260707,527,inner_cv,1,0.2,196,75,121,0.4254545454545455,0.3280786852946497,0.463030303030303,0.41446540880503147,0.6533333333333333,0.2727272727272727,0.41836734693877553,0.35346036578676066,0.27172909675016477,0.6989795918367347
eeg_rest_v1_features_fixed_split,eeg,,rest_v1_control,signal,logistic_regression,20260707,527,fixed_0_5,2,0.5,195,65,130,0.4953846153846155,0.33433133095052625,0.5,0.4976076555023923,0.4,0.6,0.5333333333333333,0.26756798339579146,0.1567767078294401,0.4
eeg_rest_v1_features_fixed_split,eeg,,rest_v1_control,signal,logistic_regression,20260707,527,inner_cv,2,0.45,195,65,130,0.4953846153846155,0.33433133095052625,0.46153846153846156,0.4484848484848485,0.46153846153846156,0.46153846153846156,0.46153846153846156,0.26756798339579146,0.1567767078294401,0.5128205128205128
eeg_rest_v1_features_fixed_split,eeg,,rest_v1_control,signal,logistic_regression,20260707,527,fixed_0_5,3,0.5,184,62,122,0.5314648334214701,0.3766954931449567,0.5494447382337387,0.545131845841785,0.46774193548387094,0.6311475409836066,0.5760869565217391,0.2889493093238479,0.2158593625955626,0.40217391304347827
eeg_rest_v1_features_fixed_split,eeg,,rest_v1_control,signal,logistic_regression,20260707,527,inner_cv,3,0.35,184,62,122,0.5314648334214701,0.3766954931449567,0.5399259650978319,0.5071428571428571,0.6290322580645161,0.45081967213114754,0.5108695652173914,0.2889493093238479,0.2158593625955626,0.5760869565217391
eeg_rest_v1_features_fixed_split,eeg,,rest_v1_control,signal,logistic_regression,20260707,527,fixed_0_5,4,0.5,208,73,135,0.4574327752409944,0.31689032092337066,0.48214104515474376,0.4767985051385861,0.4383561643835616,0.5259259259259259,0.4951923076923077,0.35911887078088955,0.32107851626792966,0.46153846153846156
eeg_rest_v1_features_fixed_split,eeg,,rest_v1_control,signal,logistic_regression,20260707,527,inner_cv,4,0.35,208,73,135,0.4574327752409944,0.31689032092337066,0.47229832572298325,0.4371747727745785,0.589041095890411,0.35555555555555557,0.4375,0.35911887078088955,0.32107851626792966,0.625
eeg_rest_v1_features_fixed_split,eeg,,rest_v1_control,signal,random_forest,20260707,527,fixed_0_5,0,0.5,216,65,151,0.5616912888436068,0.37239535849703126,0.5359144167091187,0.5314258911819888,0.23076923076923078,0.8410596026490066,0.6574074074074074,0.22556587834345077,0.13384884044023523,0.18055555555555555
eeg_rest_v1_features_fixed_split,eeg,,rest_v1_control,signal,random_forest,20260707,527,inner_cv,0,0.45,216,65,151,0.5616912888436068,0.37239535849703126,0.5298522669383596,0.5173128758034418,0.47692307692307695,0.5827814569536424,0.5509259259259259,0.22556587834345077,0.13384884044023523,0.4351851851851852
eeg_rest_v1_features_fixed_split,eeg,,rest_v1_control,signal,random_forest,20260707,527,fixed_0_5,1,0.5,196,75,121,0.5670523415977962,0.4347917505056539,0.502809917355372,0.43752759381898454,0.08,0.9256198347107438,0.6020408163265306,0.23443273412689175,0.0393880302508877,0.07653061224489796
eeg_rest_v1_features_fixed_split,eeg,,rest_v1_control,signal,random_forest,20260707,527,inner_cv,1,0.35,196,75,121,0.5670523415977962,0.4347917505056539,0.5236914600550964,0.4705064652346106,0.7333333333333333,0.3140495867768595,0.4744897959183674,0.23443273412689175,0.0393880302508877,0.7040816326530612
eeg_rest_v1_features_fixed_split,eeg,,rest_v1_control,signal,random_forest,20260707,527,fixed_0_5,2,0.5,195,65,130,0.523905325443787,0.3646900231677905,0.5115384615384615,0.49206066012488847,0.16923076923076924,0.8538461538461538,0.6256410256410256,0.23434657478190152,0.1017268299467325,0.15384615384615385
eeg_rest_v1_features_fixed_split,eeg,,rest_v1_control,signal,random_forest,20260707,527,inner_cv,2,0.4,195,65,130,0.523905325443787,0.3646900231677905,0.5076923076923077,0.45628156565656564,0.6615384615384615,0.35384615384615387,0.4564102564102564,0.23434657478190152,0.1017268299467325,0.6512820512820513
eeg_rest_v1_features_fixed_split,eeg,,rest_v1_control,signal,random_forest,20260707,527,fixed_0_5,3,0.5,184,62,122,0.5130883130618721,0.33127164570616163,0.4705182443151772,0.4355135599460056,0.0967741935483871,0.8442622950819673,0.592391304347826,0.2353627278344694,0.07846276002439209,0.1358695652173913
eeg_rest_v1_features_fixed_split,eeg,,rest_v1_control,signal,random_forest,20260707,527,inner_cv,3,0.45,184,62,122,0.5130883130618721,0.33127164570616163,0.5133527234267583,0.5130525696736041,0.3709677419354839,0.6557377049180327,0.5597826086956522,0.2353627278344694,0.07846276002439209,0.3532608695652174
eeg_rest_v1_features_fixed_split,eeg,,rest_v1_control,signal,random_forest,20260707,527,fixed_0_5,4,0.5,208,73,135,0.5556570268899036,0.39130748234501533,0.50441400304414,0.48094948265368226,0.1643835616438356,0.8444444444444444,0.6057692307692307,0.23829511864170583,0.09887827145657539,0.15865384615384615
eeg_rest_v1_features_fixed_split,eeg,,rest_v1_control,signal,random_forest,20260707,527,inner_cv,4,0.55,208,73,135,0.5556570268899036,0.39130748234501533,0.49091831557584986,0.4182444061962135,0.0410958904109589,0.9407407407407408,0.625,0.23829511864170583,0.09887827145657539,0.052884615384615384
eeg_rest_v1_features_fixed_split,eeg,,rest_v1_control,signal,hist_gradient_boosting,20260707,527,fixed_0_5,0,0.5,216,65,151,0.5495669893020887,0.3499127577828732,0.5341314314824248,0.5111917725347853,0.5384615384615384,0.5298013245033113,0.5324074074074074,0.2443300524419041,0.18752664737411628,0.49074074074074076
eeg_rest_v1_features_fixed_split,eeg,,rest_v1_control,signal,hist_gradient_boosting,20260707,527,inner_cv,0,0.45,216,65,151,0.5495669893020887,0.3499127577828732,0.5235863474274071,0.40326340326340326,0.8153846153846154,0.23178807947019867,0.4074074074074074,0.2443300524419041,0.18752664737411628,0.7824074074074074
eeg_rest_v1_features_fixed_split,eeg,,rest_v1_control,signal,hist_gradient_boosting,20260707,527,fixed_0_5,1,0.5,196,75,121,0.5809917355371901,0.42870685274543463,0.5743250688705235,0.5649048625792812,0.5866666666666667,0.5619834710743802,0.5714285714285714,0.24242670854726364,0.1042207916607362,0.49489795918367346
eeg_rest_v1_features_fixed_split,eeg,,rest_v1_control,signal,hist_gradient_boosting,20260707,527,inner_cv,1,0.35,196,75,121,0.5809917355371901,0.42870685274543463,0.5,0.27675276752767525,1.0,0.0,0.3826530612244898,0.24242670854726364,0.1042207916607362,1.0
eeg_rest_v1_features_fixed_split,eeg,,rest_v1_control,signal,hist_gradient_boosting,20260707,527,fixed_0_5,2,0.5,195,65,130,0.5281065088757397,0.37821879012714676,0.5461538461538462,0.5342484557309541,0.5230769230769231,0.5692307692307692,0.5538461538461539,0.2458774383088732,0.15648485326113254,0.46153846153846156
eeg_rest_v1_features_fixed_split,eeg,,rest_v1_control,signal,hist_gradient_boosting,20260707,527,inner_cv,2,0.45,195,65,130,0.5281065088757397,0.37821879012714676,0.5269230769230769,0.39176543980037426,0.8769230769230769,0.17692307692307693,0.41025641025641024,0.2458774383088732,0.15648485326113254,0.841025641025641
eeg_rest_v1_features_fixed_split,eeg,,rest_v1_control,signal,hist_gradient_boosting,20260707,527,fixed_0_5,3,0.5,184,62,122,0.5387361184558435,0.3845232203487975,0.5088577472236911,0.5057983379151263,0.41935483870967744,0.5983606557377049,0.5380434782608695,0.2452021782345104,0.1506296223654255,0.4076086956521739
eeg_rest_v1_features_fixed_split,eeg,,rest_v1_control,signal,hist_gradient_boosting,20260707,527,inner_cv,3,0.55,184,62,122,0.5387361184558435,0.3845232203487975,0.5239291380222104,0.4677289325176649,0.08064516129032258,0.9672131147540983,0.6684782608695652,0.2452021782345104,0.1506296223654255,0.04891304347826087
eeg_rest_v1_features_fixed_split,eeg,,rest_v1_control,signal,hist_gradient_boosting,20260707,527,fixed_0_5,4,0.5,208,73,135,0.5084728564180618,0.3573644145621479,0.4752917300862506,0.47081413210445466,0.4246575342465753,0.5259259259259259,0.49038461538461536,0.2486443500819089,0.14530871222065192,0.4567307692307692
eeg_rest_v1_features_fixed_split,eeg,,rest_v1_control,signal,hist_gradient_boosting,20260707,527,inner_cv,4,0.55,208,73,135,0.5084728564180618,0.3573644145621479,0.5035007610350076,0.45571658615136873,0.0958904109589041,0.9111111111111111,0.625,0.2486443500819089,0.14530871222065192,0.09134615384615384
eeg_rest_v1_features_fixed_split,eeg,,rest_v1_control,demographics,logistic_regression,20260707,4,fixed_0_5,0,0.5,216,65,151,0.5988792664289353,0.35968280082536375,0.5880794701986755,0.5616883116883117,0.6,0.5761589403973509,0.5833333333333334,0.24216488851259793,0.19432820066218975,0.47685185185185186
eeg_rest_v1_features_fixed_split,eeg,,rest_v1_control,demographics,logistic_regression,20260707,4,inner_cv,0,0.5,216,65,151,0.5988792664289353,0.35968280082536375,0.5880794701986755,0.5616883116883117,0.6,0.5761589403973509,0.5833333333333334,0.24216488851259793,0.19432820066218975,0.47685185185185186
eeg_rest_v1_features_fixed_split,eeg,,rest_v1_control,demographics,logistic_regression,20260707,4,fixed_0_5,1,0.5,196,75,121,0.6146005509641874,0.49738866139123034,0.5851239669421487,0.5752642706131079,0.6,0.5702479338842975,0.5816326530612245,0.23924689947879185,0.11181933382102106,0.49489795918367346
eeg_rest_v1_features_fixed_split,eeg,,rest_v1_control,demographics,logistic_regression,20260707,4,inner_cv,1,0.5,196,75,121,0.6146005509641874,0.49738866139123034,0.5851239669421487,0.5752642706131079,0.6,0.5702479338842975,0.5816326530612245,0.23924689947879185,0.11181933382102106,0.49489795918367346
eeg_rest_v1_features_fixed_split,eeg,,rest_v1_control,demographics,logistic_regression,20260707,4,fixed_0_5,2,0.5,195,65,130,0.5900000000000001,0.3895084492213788,0.5653846153846154,0.5459714100064977,0.5846153846153846,0.5461538461538461,0.558974358974359,0.2434683765259305,0.16308551100499954,0.49743589743589745
eeg_rest_v1_features_fixed_split,eeg,,rest_v1_control,demographics,logistic_regression,20260707,4,inner_cv,2,0.5,195,65,130,0.5900000000000001,0.3895084492213788,0.5653846153846154,0.5459714100064977,0.5846153846153846,0.5461538461538461,0.558974358974359,0.2434683765259305,0.16308551100499954,0.49743589743589745
eeg_rest_v1_features_fixed_split,eeg,,rest_v1_control,demographics,logistic_regression,20260707,4,fixed_0_5,3,0.5,184,62,122,0.571853516657853,0.4453179632687072,0.5446853516657852,0.5292397660818713,0.5483870967741935,0.5409836065573771,0.5434782608695652,0.24851615812029465,0.16488530379489907,0.4891304347826087
eeg_rest_v1_features_fixed_split,eeg,,rest_v1_control,demographics,logistic_regression,20260707,4,inner_cv,3,0.5,184,62,122,0.571853516657853,0.4453179632687072,0.5446853516657852,0.5292397660818713,0.5483870967741935,0.5409836065573771,0.5434782608695652,0.24851615812029465,0.16488530379489907,0.4891304347826087
eeg_rest_v1_features_fixed_split,eeg,,rest_v1_control,demographics,logistic_regression,20260707,4,fixed_0_5,4,0.5,208,73,135,0.6190766108574328,0.4339585875935593,0.5943176052765093,0.5640428504890546,0.684931506849315,0.5037037037037037,0.5673076923076923,0.24017639640906202,0.14572090464631482,0.5625
eeg_rest_v1_features_fixed_split,eeg,,rest_v1_control,demographics,logistic_regression,20260707,4,inner_cv,4,0.5,208,73,135,0.6190766108574328,0.4339585875935593,0.5943176052765093,0.5640428504890546,0.684931506849315,0.5037037037037037,0.5673076923076923,0.24017639640906202,0.14572090464631482,0.5625
eeg_rest_v1_features_fixed_split,eeg,,rest_v1_control,demographics,random_forest,20260707,4,fixed_0_5,0,0.5,216,65,151,0.6004075394803872,0.389972647788574,0.5396841569027,0.5206087507926442,0.5230769230769231,0.5562913907284768,0.5462962962962963,0.2401068918420427,0.1785211739300541,0.4675925925925926
eeg_rest_v1_features_fixed_split,eeg,,rest_v1_control,demographics,random_forest,20260707,4,inner_cv,0,0.45,216,65,151,0.6004075394803872,0.389972647788574,0.5722873153336729,0.49892602457255775,0.7538461538461538,0.39072847682119205,0.5,0.2401068918420427,0.1785211739300541,0.6527777777777778
eeg_rest_v1_features_fixed_split,eeg,,rest_v1_control,demographics,random_forest,20260707,4,fixed_0_5,1,0.5,196,75,121,0.5991735537190083,0.49440675939753576,0.5555371900826447,0.5347332724664144,0.64,0.47107438016528924,0.5357142857142857,0.24241454689948996,0.1109730603662955,0.5714285714285714
eeg_rest_v1_features_fixed_split,eeg,,rest_v1_control,demographics,random_forest,20260707,4,inner_cv,1,0.45,196,75,121,0.5991735537190083,0.49440675939753576,0.5595592286501377,0.4923890063424947,0.8133333333333334,0.30578512396694213,0.5,0.24241454689948996,0.1109730603662955,0.7397959183673469
eeg_rest_v1_features_fixed_split,eeg,,rest_v1_control,demographics,random_forest,20260707,4,fixed_0_5,2,0.5,195,65,130,0.5607692307692308,0.3768600593723437,0.5076923076923077,0.48116219667943805,0.5692307692307692,0.4461538461538462,0.48717948717948717,0.24530808200431783,0.1551227439047418,0.558974358974359
eeg_rest_v1_features_fixed_split,eeg,,rest_v1_control,demographics,random_forest,20260707,4,inner_cv,2,0.4,195,65,130,0.5607692307692308,0.3768600593723437,0.5461538461538462,0.4231389845094665,0.8769230769230769,0.2153846153846154,0.4358974358974359,0.24530808200431783,0.1551227439047418,0.8153846153846154
eeg_rest_v1_features_fixed_split,eeg,,rest_v1_control,demographics,random_forest,20260707,4,fixed_0_5,3,0.5,184,62,122,0.520888418826018,0.3546385410627917,0.49629825489159174,0.4890781192151055,0.45161290322580644,0.5409836065573771,0.5108695652173914,0.2538464408867048,0.16273014653535864,0.45652173913043476
eeg_rest_v1_features_fixed_split,eeg,,rest_v1_control,demographics,random_forest,20260707,4,inner_cv,3,0.5,184,62,122,0.520888418826018,0.3546385410627917,0.49629825489159174,0.4890781192151055,0.45161290322580644,0.5409836065573771,0.5108695652173914,0.2538464408867048,0.16273014653535864,0.45652173913043476
eeg_rest_v1_features_fixed_split,eeg,,rest_v1_control,demographics,random_forest,20260707,4,fixed_0_5,4,0.5,208,73,135,0.6244545915778792,0.45656607812424144,0.560832064941654,0.5551667152717021,0.5068493150684932,0.6148148148148148,0.5769230769230769,0.23333388608163974,0.13002144733185847,0.42788461538461536
eeg_rest_v1_features_fixed_split,eeg,,rest_v1_control,demographics,random_forest,20260707,4,inner_cv,4,0.55,208,73,135,0.6244545915778792,0.45656607812424144,0.5464231354642314,0.5446086480569239,0.3150684931506849,0.7777777777777778,0.6153846153846154,0.23333388608163974,0.13002144733185847,0.2548076923076923
eeg_rest_v1_features_fixed_split,eeg,,rest_v1_control,demographics,hist_gradient_boosting,20260707,4,fixed_0_5,0,0.5,216,65,151,0.6183902190524707,0.4059855653751532,0.5724910850738665,0.5279307631785995,0.6615384615384615,0.48344370860927155,0.5370370370370371,0.24310527110821187,0.1922808532509788,0.5601851851851852
eeg_rest_v1_features_fixed_split,eeg,,rest_v1_control,demographics,hist_gradient_boosting,20260707,4,inner_cv,0,0.5,216,65,151,0.6183902190524707,0.4059855653751532,0.5724910850738665,0.5279307631785995,0.6615384615384615,0.48344370860927155,0.5370370370370371,0.24310527110821187,0.1922808532509788,0.5601851851851852
eeg_rest_v1_features_fixed_split,eeg,,rest_v1_control,demographics,hist_gradient_boosting,20260707,4,fixed_0_5,1,0.5,196,75,121,0.5997245179063361,0.4520966452632111,0.5622038567493113,0.5400500625782227,0.6533333333333333,0.47107438016528924,0.5408163265306123,0.2442417039816211,0.1162790841094605,0.576530612244898
eeg_rest_v1_features_fixed_split,eeg,,rest_v1_control,demographics,hist_gradient_boosting,20260707,4,inner_cv,1,0.5,196,75,121,0.5997245179063361,0.4520966452632111,0.5622038567493113,0.5400500625782227,0.6533333333333333,0.47107438016528924,0.5408163265306123,0.2442417039816211,0.1162790841094605,0.576530612244898
eeg_rest_v1_features_fixed_split,eeg,,rest_v1_control,demographics,hist_gradient_boosting,20260707,4,fixed_0_5,2,0.5,195,65,130,0.5926627218934911,0.3945376452026621,0.5615384615384615,0.5206058843744218,0.676923076923077,0.4461538461538462,0.5230769230769231,0.2442731159202223,0.16371004929159125,0.5948717948717949
eeg_rest_v1_features_fixed_split,eeg,,rest_v1_control,demographics,hist_gradient_boosting,20260707,4,inner_cv,2,0.5,195,65,130,0.5926627218934911,0.3945376452026621,0.5615384615384615,0.5206058843744218,0.676923076923077,0.4461538461538462,0.5230769230769231,0.2442731159202223,0.16371004929159125,0.5948717948717949
eeg_rest_v1_features_fixed_split,eeg,,rest_v1_control,demographics,hist_gradient_boosting,20260707,4,fixed_0_5,3,0.5,184,62,122,0.543032786885246,0.36670061254104025,0.5445531464833422,0.5262759351809784,0.5645161290322581,0.5245901639344263,0.5380434782608695,0.24807284491964618,0.1593698343453659,0.5054347826086957
eeg_rest_v1_features_fixed_split,eeg,,rest_v1_control,demographics,hist_gradient_boosting,20260707,4,inner_cv,3,0.5,184,62,122,0.543032786885246,0.36670061254104025,0.5445531464833422,0.5262759351809784,0.5645161290322581,0.5245901639344263,0.5380434782608695,0.24807284491964618,0.1593698343453659,0.5054347826086957
eeg_rest_v1_features_fixed_split,eeg,,rest_v1_control,demographics,hist_gradient_boosting,20260707,4,fixed_0_5,4,0.5,208,73,135,0.6336884830035514,0.4552914534374378,0.6043125317097919,0.569878482306745,0.7123287671232876,0.4962962962962963,0.5721153846153846,0.24197775673717242,0.14400352866614813,0.5769230769230769
eeg_rest_v1_features_fixed_split,eeg,,rest_v1_control,demographics,hist_gradient_boosting,20260707,4,inner_cv,4,0.5,208,73,135,0.6336884830035514,0.4552914534374378,0.6043125317097919,0.569878482306745,0.7123287671232876,0.4962962962962963,0.5721153846153846,0.24197775673717242,0.14400352866614813,0.5769230769230769
fnirs_yiruid_rest_native,fnirs,yiruid,rest,no_information,no_information_prior,20260707,0,fixed_0_5,0,0.5,297,114,183,0.5,0.3838383838383838,0.5,0.38125,0.0,1.0,0.6161616161616161,0.2365165841560575,0.003178871708041764,0.0
fnirs_yiruid_rest_native,fnirs,yiruid,rest,no_information,no_information_prior,20260707,0,inner_cv,0,0.5,297,114,183,0.5,0.3838383838383838,0.5,0.38125,0.0,1.0,0.6161616161616161,0.2365165841560575,0.003178871708041764,0.0
fnirs_yiruid_rest_native,fnirs,yiruid,rest,no_information,no_information_prior,20260707,0,fixed_0_5,1,0.5,309,121,188,0.5,0.39158576051779936,0.5,0.37826961770623746,0.0,1.0,0.6084142394822006,0.23828890898878025,0.006523519853898929,0.0
fnirs_yiruid_rest_native,fnirs,yiruid,rest,no_information,no_information_prior,20260707,0,inner_cv,1,0.5,309,121,188,0.5,0.39158576051779936,0.5,0.37826961770623746,0.0,1.0,0.6084142394822006,0.23828890898878025,0.006523519853898929,0.0
fnirs_yiruid_rest_native,fnirs,yiruid,rest,no_information,no_information_prior,20260707,0,fixed_0_5,2,0.5,305,120,185,0.5,0.39344262295081966,0.5,0.37755102040816324,0.0,1.0,0.6065573770491803,0.23872344553302946,0.008827238335435028,0.0
fnirs_yiruid_rest_native,fnirs,yiruid,rest,no_information,no_information_prior,20260707,0,inner_cv,2,0.5,305,120,185,0.5,0.39344262295081966,0.5,0.37755102040816324,0.0,1.0,0.6065573770491803,0.23872344553302946,0.008827238335435028,0.0
fnirs_yiruid_rest_native,fnirs,yiruid,rest,no_information,no_information_prior,20260707,0,fixed_0_5,3,0.5,300,115,185,0.5,0.38333333333333336,0.5,0.3814432989690722,0.0,1.0,0.6166666666666667,0.23640345520456463,0.003816584294343617,0.0
fnirs_yiruid_rest_native,fnirs,yiruid,rest,no_information,no_information_prior,20260707,0,inner_cv,3,0.5,300,115,185,0.5,0.38333333333333336,0.5,0.3814432989690722,0.0,1.0,0.6166666666666667,0.23640345520456463,0.003816584294343617,0.0
fnirs_yiruid_rest_native,fnirs,yiruid,rest,no_information,no_information_prior,20260707,0,fixed_0_5,4,0.5,303,115,188,0.5,0.3795379537953795,0.5,0.38289205702647655,0.0,1.0,0.6204620462046204,0.2355623582713929,0.00857104703038436,0.0
fnirs_yiruid_rest_native,fnirs,yiruid,rest,no_information,no_information_prior,20260707,0,inner_cv,4,0.5,303,115,188,0.5,0.3795379537953795,0.5,0.38289205702647655,0.0,1.0,0.6204620462046204,0.2355623582713929,0.00857104703038436,0.0
fnirs_yiruid_rest_native,fnirs,yiruid,rest,demographics,logistic_regression,20260707,4,fixed_0_5,0,0.5,297,114,183,0.613292110056562,0.4508746225237665,0.5862812769628991,0.5722222222222222,0.631578947368421,0.5409836065573771,0.5757575757575758,0.24031207955912323,0.11624120990594851,0.5252525252525253
fnirs_yiruid_rest_native,fnirs,yiruid,rest,demographics,logistic_regression,20260707,4,inner_cv,0,0.45,297,114,183,0.613292110056562,0.4508746225237665,0.5986482599942479,0.5370438290849073,0.8421052631578947,0.3551912568306011,0.5420875420875421,0.24031207955912323,0.11624120990594851,0.7205387205387206
fnirs_yiruid_rest_native,fnirs,yiruid,rest,demographics,logistic_regression,20260707,4,fixed_0_5,1,0.5,309,121,188,0.5860954809213996,0.4516972901684216,0.5699841744329173,0.5613399440630562,0.5867768595041323,0.5531914893617021,0.5663430420711975,0.24199141847104522,0.10090574767876602,0.5016181229773463
fnirs_yiruid_rest_native,fnirs,yiruid,rest,demographics,logistic_regression,20260707,4,inner_cv,1,0.45,309,121,188,0.5860954809213996,0.4516972901684216,0.55160893265342,0.5242519140735464,0.6776859504132231,0.425531914893617,0.5242718446601942,0.24199141847104522,0.10090574767876602,0.6148867313915858
fnirs_yiruid_rest_native,fnirs,yiruid,rest,demographics,logistic_regression,20260707,4,fixed_0_5,2,0.5,305,120,185,0.5737612612612613,0.43540760466989736,0.547972972972973,0.5415032679738563,0.55,0.5459459459459459,0.5475409836065573,0.2437600824572057,0.10029405131018787,0.4918032786885246
fnirs_yiruid_rest_native,fnirs,yiruid,rest,demographics,logistic_regression,20260707,4,inner_cv,2,0.5,305,120,185,0.5737612612612613,0.43540760466989736,0.547972972972973,0.5415032679738563,0.55,0.5459459459459459,0.5475409836065573,0.2437600824572057,0.10029405131018787,0.4918032786885246
fnirs_yiruid_rest_native,fnirs,yiruid,rest,demographics,logistic_regression,20260707,4,fixed_0_5,3,0.5,300,115,185,0.5958871915393654,0.47030363423029253,0.5893066980023501,0.5737062937062938,0.6434782608695652,0.5351351351351351,0.5766666666666667,0.24102001174055057,0.10982722771333044,0.5333333333333333
fnirs_yiruid_rest_native,fnirs,yiruid,rest,demographics,logistic_regression,20260707,4,inner_cv,3,0.45,300,115,185,0.5958871915393654,0.47030363423029253,0.5722679200940071,0.5328142380422691,0.7391304347826086,0.40540540540540543,0.5333333333333333,0.24102001174055057,0.10982722771333044,0.65
fnirs_yiruid_rest_native,fnirs,yiruid,rest,demographics,logistic_regression,20260707,4,fixed_0_5,4,0.5,303,115,188,0.5907493061979648,0.4442562334691926,0.5787465309898243,0.5591353149033466,0.6521739130434783,0.5053191489361702,0.5610561056105611,0.24302587848666718,0.12294460050122141,0.5544554455445545
fnirs_yiruid_rest_native,fnirs,yiruid,rest,demographics,logistic_regression,20260707,4,inner_cv,4,0.5,303,115,188,0.5907493061979648,0.4442562334691926,0.5787465309898243,0.5591353149033466,0.6521739130434783,0.5053191489361702,0.5610561056105611,0.24302587848666718,0.12294460050122141,0.5544554455445545
fnirs_yiruid_rest_native,fnirs,yiruid,rest,demographics,random_forest,20260707,4,fixed_0_5,0,0.5,297,114,183,0.6133160770779407,0.4560835418157091,0.5918895599654875,0.5622448979591836,0.7192982456140351,0.4644808743169399,0.5622895622895623,0.24082376950433101,0.11970921284640196,0.6060606060606061
fnirs_yiruid_rest_native,fnirs,yiruid,rest,demographics,random_forest,20260707,4,inner_cv,0,0.5,297,114,183,0.6133160770779407,0.4560835418157091,0.5918895599654875,0.5622448979591836,0.7192982456140351,0.4644808743169399,0.5622895622895623,0.24082376950433101,0.11970921284640196,0.6060606060606061
fnirs_yiruid_rest_native,fnirs,yiruid,rest,demographics,random_forest,20260707,4,fixed_0_5,1,0.5,309,121,188,0.6069324775804465,0.47911210929391423,0.5678960787761562,0.554375401328463,0.6198347107438017,0.5159574468085106,0.5566343042071198,0.2392436485729542,0.1002245466365265,0.5372168284789643
fnirs_yiruid_rest_native,fnirs,yiruid,rest,demographics,random_forest,20260707,4,inner_cv,1,0.4,309,121,188,0.6069324775804465,0.47911210929391423,0.5576973799894496,0.4679380993897123,0.8760330578512396,0.2393617021276596,0.4886731391585761,0.2392436485729542,0.1002245466365265,0.8058252427184466
fnirs_yiruid_rest_native,fnirs,yiruid,rest,demographics,random_forest,20260707,4,fixed_0_5,2,0.5,305,120,185,0.5637162162162161,0.4384784376563806,0.543018018018018,0.5317635357204635,0.5833333333333334,0.5027027027027027,0.5344262295081967,0.24458898325569667,0.10193870653982476,0.5311475409836065
fnirs_yiruid_rest_native,fnirs,yiruid,rest,demographics,random_forest,20260707,4,inner_cv,2,0.5,305,120,185,0.5637162162162161,0.4384784376563806,0.543018018018018,0.5317635357204635,0.5833333333333334,0.5027027027027027,0.5344262295081967,0.24458898325569667,0.10193870653982476,0.5311475409836065
fnirs_yiruid_rest_native,fnirs,yiruid,rest,demographics,random_forest,20260707,4,fixed_0_5,3,0.5,300,115,185,0.5955581668625147,0.45221010748306584,0.5625146886016451,0.5226916187318505,0.7304347826086957,0.3945945945945946,0.5233333333333333,0.24458658162955885,0.11891937032371976,0.6533333333333333
fnirs_yiruid_rest_native,fnirs,yiruid,rest,demographics,random_forest,20260707,4,inner_cv,3,0.4,300,115,185,0.5955581668625147,0.45221010748306584,0.5298472385428907,0.4363177369713318,0.8434782608695652,0.21621621621621623,0.45666666666666667,0.24458658162955885,0.11891937032371976,0.8066666666666666
fnirs_yiruid_rest_native,fnirs,yiruid,rest,demographics,random_forest,20260707,4,fixed_0_5,4,0.5,303,115,188,0.598704902867715,0.44844284584751987,0.5512257169287696,0.5413807961287329,0.5652173913043478,0.5372340425531915,0.5478547854785478,0.23989168855444923,0.11276931229616745,0.5016501650165016
fnirs_yiruid_rest_native,fnirs,yiruid,rest,demographics,random_forest,20260707,4,inner_cv,4,0.5,303,115,188,0.598704902867715,0.44844284584751987,0.5512257169287696,0.5413807961287329,0.5652173913043478,0.5372340425531915,0.5478547854785478,0.23989168855444923,0.11276931229616745,0.5016501650165016
fnirs_yiruid_rest_native,fnirs,yiruid,rest,demographics,hist_gradient_boosting,20260707,4,fixed_0_5,0,0.5,297,114,183,0.5967069312625827,0.4369387476254692,0.5846275524877769,0.5716738393919971,0.6228070175438597,0.546448087431694,0.5757575757575758,0.2443256771261829,0.11604865974524578,0.5185185185185185
fnirs_yiruid_rest_native,fnirs,yiruid,rest,demographics,hist_gradient_boosting,20260707,4,inner_cv,0,0.5,297,114,183,0.5967069312625827,0.4369387476254692,0.5846275524877769,0.5716738393919971,0.6228070175438597,0.546448087431694,0.5757575757575758,0.2443256771261829,0.11604865974524578,0.5185185185185185
fnirs_yiruid_rest_native,fnirs,yiruid,rest,demographics,hist_gradient_boosting,20260707,4,fixed_0_5,1,0.5,309,121,188,0.5915025496746966,0.44720013232850264,0.5669949006506066,0.5492365010232461,0.6446280991735537,0.48936170212765956,0.5501618122977346,0.2433156781475569,0.10448546349369313,0.5631067961165048
fnirs_yiruid_rest_native,fnirs,yiruid,rest,demographics,hist_gradient_boosting,20260707,4,inner_cv,1,0.45,309,121,188,0.5915025496746966,0.44720013232850264,0.5609284332688588,0.4576014837548713,0.9090909090909091,0.2127659574468085,0.4854368932038835,0.2433156781475569,0.10448546349369313,0.8349514563106796
fnirs_yiruid_rest_native,fnirs,yiruid,rest,demographics,hist_gradient_boosting,20260707,4,fixed_0_5,2,0.5,305,120,185,0.5606081081081081,0.42072267826856113,0.5509009009009009,0.542818039624609,0.5666666666666667,0.5351351351351351,0.5475409836065573,0.24483335405638537,0.10287517444802174,0.5049180327868853
fnirs_yiruid_rest_native,fnirs,yiruid,rest,demographics,hist_gradient_boosting,20260707,4,inner_cv,2,0.5,305,120,185,0.5606081081081081,0.42072267826856113,0.5509009009009009,0.542818039624609,0.5666666666666667,0.5351351351351351,0.5475409836065573,0.24483335405638537,0.10287517444802174,0.5049180327868853
fnirs_yiruid_rest_native,fnirs,yiruid,rest,demographics,hist_gradient_boosting,20260707,4,fixed_0_5,3,0.5,300,115,185,0.5962162162162161,0.44656542599415094,0.5551116333725029,0.49424563927351195,0.7913043478260869,0.31891891891891894,0.5,0.2445926157995131,0.11243228223444185,0.7233333333333334
fnirs_yiruid_rest_native,fnirs,yiruid,rest,demographics,hist_gradient_boosting,20260707,4,inner_cv,3,0.45,300,115,185,0.5962162162162161,0.44656542599415094,0.5569917743830788,0.45833333333333337,0.8869565217391304,0.22702702702702704,0.48,0.2445926157995131,0.11243228223444185,0.8166666666666667
fnirs_yiruid_rest_native,fnirs,yiruid,rest,demographics,hist_gradient_boosting,20260707,4,fixed_0_5,4,0.5,303,115,188,0.597132284921369,0.4365066262348699,0.579717853839038,0.5618317265556529,0.6434782608695652,0.5159574468085106,0.5643564356435643,0.24359647601594767,0.11954504193210683,0.5445544554455446
fnirs_yiruid_rest_native,fnirs,yiruid,rest,demographics,hist_gradient_boosting,20260707,4,inner_cv,4,0.5,303,115,188,0.597132284921369,0.4365066262348699,0.579717853839038,0.5618317265556529,0.6434782608695652,0.5159574468085106,0.5643564356435643,0.24359647601594767,0.11954504193210683,0.5445544554455446
fnirs_yiruid_rest_native,fnirs,yiruid,rest,qc,logistic_regression,20260707,17,fixed_0_5,0,0.5,297,114,183,0.45633208704822165,0.3649213784415477,0.4720304860511936,0.46741488494576455,0.2719298245614035,0.6721311475409836,0.5185185185185185,0.25055274125968663,0.1154117679400468,0.3063973063973064
fnirs_yiruid_rest_native,fnirs,yiruid,rest,qc,logistic_regression,20260707,17,inner_cv,0,0.5,297,114,183,0.45633208704822165,0.3649213784415477,0.4720304860511936,0.46741488494576455,0.2719298245614035,0.6721311475409836,0.5185185185185185,0.25055274125968663,0.1154117679400468,0.3063973063973064
fnirs_yiruid_rest_native,fnirs,yiruid,rest,qc,logistic_regression,20260707,17,fixed_0_5,1,0.5,309,121,188,0.4671179883945841,0.3737059171621974,0.48529541058554604,0.48531603401420187,0.38016528925619836,0.5904255319148937,0.5080906148867314,0.25409126212600186,0.1076392689803945,0.39805825242718446
fnirs_yiruid_rest_native,fnirs,yiruid,rest,qc,logistic_regression,20260707,17,inner_cv,1,0.55,309,121,188,0.4671179883945841,0.3737059171621974,0.5035167926850712,0.4171152518978606,0.049586776859504134,0.9574468085106383,0.6019417475728155,0.25409126212600186,0.1076392689803945,0.045307443365695796
fnirs_yiruid_rest_native,fnirs,yiruid,rest,qc,logistic_regression,20260707,17,fixed_0_5,2,0.5,305,120,185,0.4687837837837837,0.4046862846071187,0.4992117117117117,0.4979839823253245,0.44166666666666665,0.5567567567567567,0.5114754098360655,0.2504882844562729,0.10513263411989783,0.4426229508196721
fnirs_yiruid_rest_native,fnirs,yiruid,rest,qc,logistic_regression,20260707,17,inner_cv,2,0.75,305,120,185,0.4687837837837837,0.4046862846071187,0.5,0.37755102040816324,0.0,1.0,0.6065573770491803,0.2504882844562729,0.10513263411989783,0.0
fnirs_yiruid_rest_native,fnirs,yiruid,rest,qc,logistic_regression,20260707,17,fixed_0_5,3,0.5,300,115,185,0.4554641598119859,0.3541356644164011,0.4788484136310224,0.4788691343631595,0.3739130434782609,0.5837837837837838,0.5033333333333333,0.2542710840445278,0.11599672905496582,0.4
fnirs_yiruid_rest_native,fnirs,yiruid,rest,qc,logistic_regression,20260707,17,inner_cv,3,0.5,300,115,185,0.4554641598119859,0.3541356644164011,0.4788484136310224,0.4788691343631595,0.3739130434782609,0.5837837837837838,0.5033333333333333,0.2542710840445278,0.11599672905496582,0.4
fnirs_yiruid_rest_native,fnirs,yiruid,rest,qc,logistic_regression,20260707,17,fixed_0_5,4,0.5,303,115,188,0.5364014801110083,0.41012379017444694,0.5428307123034227,0.5429546087440824,0.4260869565217391,0.6595744680851063,0.570957095709571,0.24948881196799733,0.12195461642008118,0.37293729372937295
fnirs_yiruid_rest_native,fnirs,yiruid,rest,qc,logistic_regression,20260707,17,inner_cv,4,0.55,303,115,188,0.5364014801110083,0.41012379017444694,0.4963691026827012,0.3882801580591169,0.008695652173913044,0.9840425531914894,0.6138613861386139,0.24948881196799733,0.12195461642008118,0.013201320132013201
fnirs_yiruid_rest_native,fnirs,yiruid,rest,qc,random_forest,20260707,17,fixed_0_5,0,0.5,297,114,183,0.4962132106221838,0.37358910866297224,0.4813057233247052,0.47480440175561356,0.2631578947368421,0.6994535519125683,0.531986531986532,0.2484449282469581,0.08094009445925965,0.28619528619528617
fnirs_yiruid_rest_native,fnirs,yiruid,rest,qc,random_forest,20260707,17,inner_cv,0,0.35,297,114,183,0.4962132106221838,0.37358910866297224,0.4928098935864251,0.30707106963388364,0.9473684210526315,0.03825136612021858,0.3872053872053872,0.2484449282469581,0.08094009445925965,0.9562289562289562
fnirs_yiruid_rest_native,fnirs,yiruid,rest,qc,random_forest,20260707,17,fixed_0_5,1,0.5,309,121,188,0.4778881659926148,0.37348935722362625,0.48206435730613684,0.4815954669185045,0.34710743801652894,0.6170212765957447,0.511326860841424,0.25281004870005347,0.1066739361993241,0.36893203883495146
fnirs_yiruid_rest_native,fnirs,yiruid,rest,qc,random_forest,20260707,17,inner_cv,1,0.45,309,121,188,0.4778881659926148,0.37348935722362625,0.4931422542641111,0.46925010473397566,0.6033057851239669,0.3829787234042553,0.4692556634304207,0.25281004870005347,0.1066739361993241,0.6116504854368932
fnirs_yiruid_rest_native,fnirs,yiruid,rest,qc,random_forest,20260707,17,fixed_0_5,2,0.5,305,120,185,0.5121621621621621,0.42576469589885646,0.5138513513513514,0.5105258189370339,0.325,0.7027027027027027,0.5540983606557377,0.24855712362848464,0.10506270650252005,0.3081967213114754
fnirs_yiruid_rest_native,fnirs,yiruid,rest,qc,random_forest,20260707,17,inner_cv,2,0.4,305,120,185,0.5121621621621621,0.42576469589885646,0.4905405405405405,0.43973435071357925,0.7,0.2810810810810811,0.4459016393442623,0.24855712362848464,0.10506270650252005,0.7114754098360656
fnirs_yiruid_rest_native,fnirs,yiruid,rest,qc,random_forest,20260707,17,fixed_0_5,3,0.5,300,115,185,0.5158636897767332,0.41480797411905646,0.5009400705052879,0.5002337036637543,0.34782608695652173,0.654054054054054,0.5366666666666666,0.24856096532803112,0.1062939216056422,0.3466666666666667
fnirs_yiruid_rest_native,fnirs,yiruid,rest,qc,random_forest,20260707,17,inner_cv,3,0.45,300,115,185,0.5158636897767332,0.41480797411905646,0.5015276145710929,0.4276889534883721,0.7652173913043478,0.23783783783783785,0.44,0.24856096532803112,0.1062939216056422,0.7633333333333333
fnirs_yiruid_rest_native,fnirs,yiruid,rest,qc,random_forest,20260707,17,fixed_0_5,4,0.5,303,115,188,0.5054579093432008,0.39602456173108874,0.5128584643848288,0.5126826578439482,0.40869565217391307,0.6170212765957447,0.5379537953795379,0.2528436659573919,0.10791924833690235,0.3927392739273927
fnirs_yiruid_rest_native,fnirs,yiruid,rest,qc,random_forest,20260707,17,inner_cv,4,0.35,303,115,188,0.5054579093432008,0.39602456173108874,0.5099676225716929,0.3790405216581276,0.8869565217391304,0.13297872340425532,0.41914191419141916,0.2528436659573919,0.10791924833690235,0.8745874587458746
fnirs_yiruid_rest_native,fnirs,yiruid,rest,qc,hist_gradient_boosting,20260707,17,fixed_0_5,0,0.5,297,114,183,0.468315597737513,0.3693085130742718,0.47548173712970954,0.47545783203935277,0.37719298245614036,0.5737704918032787,0.4983164983164983,0.2509463007302216,0.1144453315370888,0.4074074074074074
fnirs_yiruid_rest_native,fnirs,yiruid,rest,qc,hist_gradient_boosting,20260707,17,inner_cv,0,0.55,297,114,183,0.468315597737513,0.3693085130742718,0.49784296807592754,0.3943037974683545,0.017543859649122806,0.9781420765027322,0.6094276094276094,0.2509463007302216,0.1144453315370888,0.020202020202020204
fnirs_yiruid_rest_native,fnirs,yiruid,rest,qc,hist_gradient_boosting,20260707,17,fixed_0_5,1,0.5,309,121,188,0.46037014243010377,0.37921892818011316,0.48500967117988397,0.4848919751382741,0.36363636363636365,0.6063829787234043,0.511326860841424,0.2511448660744411,0.10539321127682807,0.3818770226537217
fnirs_yiruid_rest_native,fnirs,yiruid,rest,qc,hist_gradient_boosting,20260707,17,inner_cv,1,0.55,309,121,188,0.46037014243010377,0.37921892818011316,0.4964392474063654,0.3960277427490543,0.024793388429752067,0.9680851063829787,0.598705501618123,0.2511448660744411,0.10539321127682807,0.02912621359223301
fnirs_yiruid_rest_native,fnirs,yiruid,rest,qc,hist_gradient_boosting,20260707,17,fixed_0_5,2,0.5,305,120,185,0.5177027027027028,0.41882739360903387,0.5065315315315315,0.4991789819376026,0.2833333333333333,0.7297297297297297,0.5540983606557377,0.24911659986949597,0.1040651184429803,0.2754098360655738
fnirs_yiruid_rest_native,fnirs,yiruid,rest,qc,hist_gradient_boosting,20260707,17,inner_cv,2,0.55,305,120,185,0.5177027027027028,0.41882739360903387,0.5102477477477477,0.42618838580208207,0.058333333333333334,0.9621621621621622,0.6065573770491803,0.24911659986949597,0.1040651184429803,0.04590163934426229
fnirs_yiruid_rest_native,fnirs,yiruid,rest,qc,hist_gradient_boosting,20260707,17,fixed_0_5,3,0.5,300,115,185,0.5395534665099883,0.4105977246540953,0.508695652173913,0.5083167695365624,0.41739130434782606,0.6,0.53,0.24896680317302972,0.11319496303748577,0.4066666666666667
fnirs_yiruid_rest_native,fnirs,yiruid,rest,qc,hist_gradient_boosting,20260707,17,inner_cv,3,0.5,300,115,185,0.5395534665099883,0.4105977246540953,0.508695652173913,0.5083167695365624,0.41739130434782606,0.6,0.53,0.24896680317302972,0.11319496303748577,0.4066666666666667
fnirs_yiruid_rest_native,fnirs,yiruid,rest,qc,hist_gradient_boosting,20260707,17,fixed_0_5,4,0.5,303,115,188,0.5346438482886217,0.418716480816057,0.5447271045328399,0.5409348521407329,0.5043478260869565,0.5851063829787234,0.5544554455445545,0.24877521857532553,0.12010198036753313,0.44884488448844884
fnirs_yiruid_rest_native,fnirs,yiruid,rest,qc,hist_gradient_boosting,20260707,17,inner_cv,4,0.45,303,115,188,0.5346438482886217,0.418716480816057,0.5099213691026827,0.31181661350576495,0.9826086956521739,0.03723404255319149,0.39603960396039606,0.24877521857532553,0.12010198036753313,0.9702970297029703
fnirs_yiruid_rest_native,fnirs,yiruid,rest,signal,logistic_regression,20260707,281,fixed_0_5,0,0.5,297,114,183,0.5735308215894929,0.45074695736591264,0.5550043140638481,0.5477574750830565,0.5526315789473685,0.5573770491803278,0.5555555555555556,0.2550507843029669,0.13033110014830548,0.48484848484848486
fnirs_yiruid_rest_native,fnirs,yiruid,rest,signal,logistic_regression,20260707,281,inner_cv,0,0.45,297,114,183,0.5735308215894929,0.45074695736591264,0.5749209088294507,0.5454339323167621,0.7017543859649122,0.44808743169398907,0.5454545454545454,0.2550507843029669,0.13033110014830548,0.6094276094276094
fnirs_yiruid_rest_native,fnirs,yiruid,rest,signal,logistic_regression,20260707,281,fixed_0_5,1,0.5,309,121,188,0.5109460172322842,0.41309119904545877,0.5118471953578336,0.5104066740679263,0.45454545454545453,0.5691489361702128,0.5242718446601942,0.2913133325289534,0.19221646746952128,0.4401294498381877
fnirs_yiruid_rest_native,fnirs,yiruid,rest,signal,logistic_regression,20260707,281,inner_cv,1,0.45,309,121,188,0.5109460172322842,0.41309119904545877,0.5088579215755231,0.5024154589371981,0.512396694214876,0.5053191489361702,0.5080906148867314,0.2913133325289534,0.19221646746952128,0.5016181229773463
fnirs_yiruid_rest_native,fnirs,yiruid,rest,signal,logistic_regression,20260707,281,fixed_0_5,2,0.5,305,120,185,0.5424324324324323,0.44168116551671277,0.5198198198198198,0.5181993924330296,0.4666666666666667,0.572972972972973,0.5311475409836065,0.27435412229154704,0.16221576312698163,0.4426229508196721
fnirs_yiruid_rest_native,fnirs,yiruid,rest,signal,logistic_regression,20260707,281,inner_cv,2,0.45,305,120,185,0.5424324324324323,0.44168116551671277,0.5143018018018019,0.5027800269905534,0.5583333333333333,0.4702702702702703,0.5049180327868853,0.27435412229154704,0.16221576312698163,0.5409836065573771
fnirs_yiruid_rest_native,fnirs,yiruid,rest,signal,logistic_regression,20260707,281,fixed_0_5,3,0.5,300,115,185,0.5862279670975323,0.46980505689227436,0.5623971797884841,0.5612609684757881,0.48695652173913045,0.6378378378378379,0.58,0.25756935834031724,0.15446328321403704,0.41
fnirs_yiruid_rest_native,fnirs,yiruid,rest,signal,logistic_regression,20260707,281,inner_cv,3,0.25,300,115,185,0.5862279670975323,0.46980505689227436,0.535840188014101,0.4375,0.8608695652173913,0.21081081081081082,0.46,0.25756935834031724,0.15446328321403704,0.8166666666666667
fnirs_yiruid_rest_native,fnirs,yiruid,rest,signal,logistic_regression,20260707,281,fixed_0_5,4,0.5,303,115,188,0.5474560592044403,0.4182352761263145,0.5422756706753007,0.53004653004653,0.5739130434782609,0.5106382978723404,0.5346534653465347,0.2703922274802638,0.1708396376765529,0.5214521452145214
fnirs_yiruid_rest_native,fnirs,yiruid,rest,signal,logistic_regression,20260707,281,inner_cv,4,0.35,303,115,188,0.5474560592044403,0.4182352761263145,0.5194264569842738,0.42665345107226527,0.8260869565217391,0.2127659574468085,0.44554455445544555,0.2703922274802638,0.1708396376765529,0.801980198019802
fnirs_yiruid_rest_native,fnirs,yiruid,rest,signal,random_forest,20260707,281,fixed_0_5,0,0.5,297,114,183,0.5388745086760618,0.4198685900139758,0.5238711532930688,0.5065835541581425,0.22807017543859648,0.819672131147541,0.5925925925925926,0.2407696912731681,0.0780585737327307,0.19865319865319866
fnirs_yiruid_rest_native,fnirs,yiruid,rest,signal,random_forest,20260707,281,inner_cv,0,0.45,297,114,183,0.5388745086760618,0.4198685900139758,0.5471670980730514,0.5472397940198538,0.43859649122807015,0.6557377049180327,0.5723905723905723,0.2407696912731681,0.0780585737327307,0.38047138047138046
fnirs_yiruid_rest_native,fnirs,yiruid,rest,signal,random_forest,20260707,281,fixed_0_5,1,0.5,309,121,188,0.5609723931774222,0.4439067432982852,0.5338271496395288,0.5212247909493359,0.2644628099173554,0.8031914893617021,0.5922330097087378,0.23976900608776883,0.059786474652733304,0.22330097087378642
fnirs_yiruid_rest_native,fnirs,yiruid,rest,signal,random_forest,20260707,281,inner_cv,1,0.45,309,121,188,0.5609723931774222,0.4439067432982852,0.5265737647265694,0.5191145177170564,0.5371900826446281,0.5159574468085106,0.5242718446601942,0.23976900608776883,0.059786474652733304,0.5048543689320388
fnirs_yiruid_rest_native,fnirs,yiruid,rest,signal,random_forest,20260707,281,fixed_0_5,2,0.5,305,120,185,0.5386936936936937,0.4187973671821198,0.536036036036036,0.523293334677826,0.26666666666666666,0.8054054054054054,0.5934426229508196,0.24258968534666725,0.056885142341236095,0.22295081967213115
fnirs_yiruid_rest_native,fnirs,yiruid,rest,signal,random_forest,20260707,281,inner_cv,2,0.45,305,120,185,0.5386936936936937,0.4187973671821198,0.5259009009009009,0.5208169677926158,0.5166666666666667,0.5351351351351351,0.5278688524590164,0.24258968534666725,0.056885142341236095,0.4852459016393443
fnirs_yiruid_rest_native,fnirs,yiruid,rest,signal,random_forest,20260707,281,fixed_0_5,3,0.5,300,115,185,0.5875910693301998,0.470671169190471,0.5397179788484137,0.5326922334221604,0.2956521739130435,0.7837837837837838,0.5966666666666667,0.23736366893646552,0.07613185358833886,0.24666666666666667
fnirs_yiruid_rest_native,fnirs,yiruid,rest,signal,random_forest,20260707,281,inner_cv,3,0.45,300,115,185,0.5875910693301998,0.470671169190471,0.6029377203290247,0.5819910601821404,0.6869565217391305,0.518918918918919,0.5833333333333334,0.23736366893646552,0.07613185358833886,0.56
fnirs_yiruid_rest_native,fnirs,yiruid,rest,signal,random_forest,20260707,281,fixed_0_5,4,0.5,303,115,188,0.5947733580018502,0.47364939436331377,0.5511100832562442,0.5450218874071058,0.30434782608695654,0.7978723404255319,0.6105610561056105,0.23593936581640296,0.08238434311530839,0.24092409240924093
fnirs_yiruid_rest_native,fnirs,yiruid,rest,signal,random_forest,20260707,281,inner_cv,4,0.4,303,115,188,0.5947733580018502,0.47364939436331377,0.5416281221091581,0.41838575393154487,0.9130434782608695,0.1702127659574468,0.4521452145214521,0.23593936581640296,0.08238434311530839,0.8613861386138614
fnirs_yiruid_rest_native,fnirs,yiruid,rest,signal,hist_gradient_boosting,20260707,281,fixed_0_5,0,0.5,297,114,183,0.5584795321637427,0.44763181066276664,0.5544291055507622,0.5490246079306388,0.5350877192982456,0.5737704918032787,0.5589225589225589,0.2458999157149828,0.1074205903614476,0.468013468013468
fnirs_yiruid_rest_native,fnirs,yiruid,rest,signal,hist_gradient_boosting,20260707,281,inner_cv,0,0.5,297,114,183,0.5584795321637427,0.44763181066276664,0.5544291055507622,0.5490246079306388,0.5350877192982456,0.5737704918032787,0.5589225589225589,0.2458999157149828,0.1074205903614476,0.468013468013468
fnirs_yiruid_rest_native,fnirs,yiruid,rest,signal,hist_gradient_boosting,20260707,281,fixed_0_5,1,0.5,309,121,188,0.5190126604536662,0.4048430173070364,0.5245296289783717,0.5210326580789995,0.49586776859504134,0.5531914893617021,0.5307443365695793,0.24913141484181142,0.10446667428861324,0.46601941747572817
fnirs_yiruid_rest_native,fnirs,yiruid,rest,signal,hist_gradient_boosting,20260707,281,inner_cv,1,0.5,309,121,188,0.5190126604536662,0.4048430173070364,0.5245296289783717,0.5210326580789995,0.49586776859504134,0.5531914893617021,0.5307443365695793,0.24913141484181142,0.10446667428861324,0.46601941747572817
fnirs_yiruid_rest_native,fnirs,yiruid,rest,signal,hist_gradient_boosting,20260707,281,fixed_0_5,2,0.5,305,120,185,0.4876351351351351,0.3881797262575546,0.5087837837837837,0.5075422454215694,0.45,0.5675675675675675,0.521311475409836,0.25084933127508524,0.10255964308521837,0.43934426229508194
fnirs_yiruid_rest_native,fnirs,yiruid,rest,signal,hist_gradient_boosting,20260707,281,inner_cv,2,0.45,305,120,185,0.4876351351351351,0.3881797262575546,0.5086711711711711,0.3476641353455734,0.9416666666666667,0.07567567567567568,0.4163934426229508,0.25084933127508524,0.10255964308521837,0.9311475409836065
fnirs_yiruid_rest_native,fnirs,yiruid,rest,signal,hist_gradient_boosting,20260707,281,fixed_0_5,3,0.5,300,115,185,0.5867450058754407,0.4988765678322331,0.5424206815511163,0.5394978005865103,0.4956521739130435,0.5891891891891892,0.5533333333333333,0.24411242238644,0.11036762368690867,0.44333333333333336
fnirs_yiruid_rest_native,fnirs,yiruid,rest,signal,hist_gradient_boosting,20260707,281,inner_cv,3,0.5,300,115,185,0.5867450058754407,0.4988765678322331,0.5424206815511163,0.5394978005865103,0.4956521739130435,0.5891891891891892,0.5533333333333333,0.24411242238644,0.11036762368690867,0.44333333333333336
fnirs_yiruid_rest_native,fnirs,yiruid,rest,signal,hist_gradient_boosting,20260707,281,fixed_0_5,4,0.5,303,115,188,0.5633903792784458,0.4227801562103761,0.5565448658649399,0.5473358047916782,0.5652173913043478,0.5478723404255319,0.5544554455445545,0.2469585635277364,0.11688590614455092,0.49504950495049505
fnirs_yiruid_rest_native,fnirs,yiruid,rest,signal,hist_gradient_boosting,20260707,281,inner_cv,4,0.5,303,115,188,0.5633903792784458,0.4227801562103761,0.5565448658649399,0.5473358047916782,0.5652173913043478,0.5478723404255319,0.5544554455445545,0.2469585635277364,0.11688590614455092,0.49504950495049505
fnirs_yiruid_rest_native,fnirs,yiruid,rest,signal_qc,logistic_regression,20260707,298,fixed_0_5,0,0.5,297,114,183,0.5718531300929921,0.4454805895057243,0.5588150704630428,0.5529180176007411,0.543859649122807,0.5737704918032787,0.5622895622895623,0.2550899389834069,0.12611827218885632,0.4713804713804714
fnirs_yiruid_rest_native,fnirs,yiruid,rest,signal_qc,logistic_regression,20260707,298,inner_cv,0,0.4,297,114,183,0.5718531300929921,0.4454805895057243,0.5394736842105263,0.48824073123138545,0.7456140350877193,0.3333333333333333,0.49158249158249157,0.2550899389834069,0.12611827218885632,0.696969696969697
fnirs_yiruid_rest_native,fnirs,yiruid,rest,signal_qc,logistic_regression,20260707,298,fixed_0_5,1,0.5,309,121,188,0.511385616317918,0.4143363858987744,0.5171663442940039,0.5159617566034678,0.45454545454545453,0.5797872340425532,0.5307443365695793,0.2924451964919514,0.20611097210036483,0.4336569579288026
fnirs_yiruid_rest_native,fnirs,yiruid,rest,signal_qc,logistic_regression,20260707,298,inner_cv,1,0.45,309,121,188,0.511385616317918,0.4143363858987744,0.5020661157024793,0.49586829392321385,0.5041322314049587,0.5,0.5016181229773463,0.2924451964919514,0.20611097210036483,0.5016181229773463
fnirs_yiruid_rest_native,fnirs,yiruid,rest,signal_qc,logistic_regression,20260707,298,fixed_0_5,2,0.5,305,120,185,0.5396396396396397,0.44147806835938325,0.5212837837837838,0.5192403081976609,0.475,0.5675675675675675,0.5311475409836065,0.2760552120700429,0.1788117449094443,0.4491803278688525
fnirs_yiruid_rest_native,fnirs,yiruid,rest,signal_qc,logistic_regression,20260707,298,inner_cv,2,0.4,305,120,185,0.5396396396396397,0.44147806835938325,0.5110360360360361,0.4885190918472653,0.6166666666666667,0.40540540540540543,0.4885245901639344,0.2760552120700429,0.1788117449094443,0.6032786885245902
fnirs_yiruid_rest_native,fnirs,yiruid,rest,signal_qc,logistic_regression,20260707,298,fixed_0_5,3,0.5,300,115,185,0.5751351351351351,0.4564455120743597,0.5694477085781433,0.5682250800872836,0.4956521739130435,0.6432432432432432,0.5866666666666667,0.2625261977737236,0.1554887474177898,0.41
fnirs_yiruid_rest_native,fnirs,yiruid,rest,signal_qc,logistic_regression,20260707,298,inner_cv,3,0.25,300,115,185,0.5751351351351351,0.4564455120743597,0.5363102232667449,0.4501466275659824,0.8347826086956521,0.23783783783783785,0.4666666666666667,0.2625261977737236,0.1554887474177898,0.79
fnirs_yiruid_rest_native,fnirs,yiruid,rest,signal_qc,logistic_regression,20260707,298,fixed_0_5,4,0.5,303,115,188,0.5485661424606845,0.4186330809073294,0.5265726179463459,0.516054414275486,0.5478260869565217,0.5053191489361702,0.5214521452145214,0.2695387658953439,0.15574043315419855,0.5148514851485149
fnirs_yiruid_rest_native,fnirs,yiruid,rest,signal_qc,logistic_regression,20260707,298,inner_cv,4,0.35,303,115,188,0.5485661424606845,0.4186330809073294,0.5237742830712303,0.42935279059014575,0.8347826086956521,0.2127659574468085,0.44884488448844884,0.2695387658953439,0.15574043315419855,0.8052805280528053
fnirs_yiruid_rest_native,fnirs,yiruid,rest,signal_qc,random_forest,20260707,298,fixed_0_5,0,0.5,297,114,183,0.5293356341673856,0.4075247231035528,0.5201322979580097,0.512480458572173,0.2807017543859649,0.7595628415300546,0.5757575757575758,0.24276148154732038,0.09511820789380493,0.2558922558922559
fnirs_yiruid_rest_native,fnirs,yiruid,rest,signal_qc,random_forest,20260707,298,inner_cv,0,0.45,297,114,183,0.5293356341673856,0.4075247231035528,0.5325711820534944,0.5250077663870767,0.5350877192982456,0.5300546448087432,0.531986531986532,0.24276148154732038,0.09511820789380493,0.494949494949495
fnirs_yiruid_rest_native,fnirs,yiruid,rest,signal_qc,random_forest,20260707,298,fixed_0_5,1,0.5,309,121,188,0.5354316863020925,0.4160428763267867,0.5055169685247054,0.47255777310924374,0.1652892561983471,0.8457446808510638,0.5792880258899676,0.24186155286821495,0.054318360167738174,0.15857605177993528
fnirs_yiruid_rest_native,fnirs,yiruid,rest,signal_qc,random_forest,20260707,298,inner_cv,1,0.4,309,121,188,0.5354316863020925,0.4160428763267867,0.514418850008792,0.4948864112666611,0.6033057851239669,0.425531914893617,0.49514563106796117,0.24186155286821495,0.054318360167738174,0.5857605177993528
fnirs_yiruid_rest_native,fnirs,yiruid,rest,signal_qc,random_forest,20260707,298,fixed_0_5,2,0.5,305,120,185,0.526036036036036,0.438820481926983,0.5355855855855856,0.5160996670828132,0.23333333333333334,0.8378378378378378,0.6,0.24199250032781308,0.06695945217299833,0.1901639344262295
fnirs_yiruid_rest_native,fnirs,yiruid,rest,signal_qc,random_forest,20260707,298,inner_cv,2,0.45,305,120,185,0.526036036036036,0.438820481926983,0.5103603603603604,0.5097363828419215,0.36666666666666664,0.654054054054054,0.5409836065573771,0.24199250032781308,0.06695945217299833,0.3540983606557377
fnirs_yiruid_rest_native,fnirs,yiruid,rest,signal_qc,random_forest,20260707,298,fixed_0_5,3,0.5,300,115,185,0.550599294947121,0.4655180026634074,0.5390129259694477,0.521531100478469,0.23478260869565218,0.8432432432432433,0.61,0.23626740752826877,0.0655952331170113,0.18666666666666668
fnirs_yiruid_rest_native,fnirs,yiruid,rest,signal_qc,random_forest,20260707,298,inner_cv,3,0.4,300,115,185,0.550599294947121,0.4655180026634074,0.508695652173913,0.48328166149948326,0.6173913043478261,0.4,0.48333333333333334,0.23626740752826877,0.0655952331170113,0.6066666666666667
fnirs_yiruid_rest_native,fnirs,yiruid,rest,signal_qc,random_forest,20260707,298,fixed_0_5,4,0.5,303,115,188,0.5616558741905644,0.4246804804902608,0.5194495837187789,0.5120772946859903,0.2782608695652174,0.7606382978723404,0.5775577557755776,0.23953761461466194,0.0816940035711857,0.25412541254125415
fnirs_yiruid_rest_native,fnirs,yiruid,rest,signal_qc,random_forest,20260707,298,inner_cv,4,0.35,303,115,188,0.5616558741905644,0.4246804804902608,0.5029139685476411,0.3042954835987241,0.9739130434782609,0.031914893617021274,0.38943894389438943,0.23953761461466194,0.0816940035711857,0.9702970297029703
fnirs_yiruid_rest_native,fnirs,yiruid,rest,signal_qc,hist_gradient_boosting,20260707,298,fixed_0_5,0,0.5,297,114,183,0.5451059342344933,0.42631310938694744,0.5330744895024446,0.528369246461813,0.5087719298245614,0.5573770491803278,0.5387205387205387,0.2465234645397367,0.10696195234630008,0.468013468013468
fnirs_yiruid_rest_native,fnirs,yiruid,rest,signal_qc,hist_gradient_boosting,20260707,298,inner_cv,0,0.5,297,114,183,0.5451059342344933,0.42631310938694744,0.5330744895024446,0.528369246461813,0.5087719298245614,0.5573770491803278,0.5387205387205387,0.2465234645397367,0.10696195234630008,0.468013468013468
fnirs_yiruid_rest_native,fnirs,yiruid,rest,signal_qc,hist_gradient_boosting,20260707,298,fixed_0_5,1,0.5,309,121,188,0.5190126604536662,0.4048430173070364,0.5245296289783717,0.5210326580789995,0.49586776859504134,0.5531914893617021,0.5307443365695793,0.24913141484181142,0.10446667428861324,0.46601941747572817
fnirs_yiruid_rest_native,fnirs,yiruid,rest,signal_qc,hist_gradient_boosting,20260707,298,inner_cv,1,0.5,309,121,188,0.5190126604536662,0.4048430173070364,0.5245296289783717,0.5210326580789995,0.49586776859504134,0.5531914893617021,0.5307443365695793,0.24913141484181142,0.10446667428861324,0.46601941747572817
fnirs_yiruid_rest_native,fnirs,yiruid,rest,signal_qc,hist_gradient_boosting,20260707,298,fixed_0_5,2,0.5,305,120,185,0.4876351351351351,0.3881797262575546,0.5087837837837837,0.5075422454215694,0.45,0.5675675675675675,0.521311475409836,0.25084933127508524,0.10255964308521837,0.43934426229508194
fnirs_yiruid_rest_native,fnirs,yiruid,rest,signal_qc,hist_gradient_boosting,20260707,298,inner_cv,2,0.45,305,120,185,0.4876351351351351,0.3881797262575546,0.5086711711711711,0.3476641353455734,0.9416666666666667,0.07567567567567568,0.4163934426229508,0.25084933127508524,0.10255964308521837,0.9311475409836065
fnirs_yiruid_rest_native,fnirs,yiruid,rest,signal_qc,hist_gradient_boosting,20260707,298,fixed_0_5,3,0.5,300,115,185,0.5867450058754407,0.4988765678322331,0.5424206815511163,0.5394978005865103,0.4956521739130435,0.5891891891891892,0.5533333333333333,0.24411242238644,0.11036762368690867,0.44333333333333336
fnirs_yiruid_rest_native,fnirs,yiruid,rest,signal_qc,hist_gradient_boosting,20260707,298,inner_cv,3,0.5,300,115,185,0.5867450058754407,0.4988765678322331,0.5424206815511163,0.5394978005865103,0.4956521739130435,0.5891891891891892,0.5533333333333333,0.24411242238644,0.11036762368690867,0.44333333333333336
fnirs_yiruid_rest_native,fnirs,yiruid,rest,signal_qc,hist_gradient_boosting,20260707,298,fixed_0_5,4,0.5,303,115,188,0.5633903792784458,0.4227801562103761,0.5565448658649399,0.5473358047916782,0.5652173913043478,0.5478723404255319,0.5544554455445545,0.2469585635277364,0.11688590614455092,0.49504950495049505
fnirs_yiruid_rest_native,fnirs,yiruid,rest,signal_qc,hist_gradient_boosting,20260707,298,inner_cv,4,0.55,303,115,188,0.5633903792784458,0.4227801562103761,0.5031221091581869,0.41724064241447895,0.043478260869565216,0.9627659574468085,0.6138613861386139,0.2469585635277364,0.11688590614455092,0.039603960396039604
fnirs_yiruid_rest_native,fnirs,yiruid,rest,signal_demographics,logistic_regression,20260707,285,fixed_0_5,0,0.5,297,114,183,0.5960118876426038,0.47472815504453864,0.5533505895887258,0.5469212278106509,0.543859649122807,0.5628415300546448,0.5555555555555556,0.25073439421707566,0.14150808027908904,0.4781144781144781
fnirs_yiruid_rest_native,fnirs,yiruid,rest,signal_demographics,logistic_regression,20260707,285,inner_cv,0,0.4,297,114,183,0.5960118876426038,0.47472815504453864,0.5268909979867702,0.47408405972604617,0.7368421052631579,0.31693989071038253,0.4781144781144781,0.25073439421707566,0.14150808027908904,0.7037037037037037
fnirs_yiruid_rest_native,fnirs,yiruid,rest,signal_demographics,logistic_regression,20260707,285,fixed_0_5,1,0.5,309,121,188,0.5359592052048532,0.41685832632279074,0.531936873571303,0.5309653916211293,0.4628099173553719,0.601063829787234,0.5469255663430421,0.2854871229986511,0.17566221219129308,0.42394822006472493
fnirs_yiruid_rest_native,fnirs,yiruid,rest,signal_demographics,logistic_regression,20260707,285,inner_cv,1,0.45,309,121,188,0.5359592052048532,0.41685832632279074,0.5005934587656058,0.49514089288745544,0.49586776859504134,0.5053191489361702,0.5016181229773463,0.2854871229986511,0.17566221219129308,0.49514563106796117
fnirs_yiruid_rest_native,fnirs,yiruid,rest,signal_demographics,logistic_regression,20260707,285,fixed_0_5,2,0.5,305,120,185,0.5512162162162162,0.4433123395906363,0.5252252252252252,0.523864881921148,0.4666666666666667,0.5837837837837838,0.5377049180327869,0.2733702690250849,0.1604486245483116,0.4360655737704918
fnirs_yiruid_rest_native,fnirs,yiruid,rest,signal_demographics,logistic_regression,20260707,285,inner_cv,2,0.5,305,120,185,0.5512162162162162,0.4433123395906363,0.5252252252252252,0.523864881921148,0.4666666666666667,0.5837837837837838,0.5377049180327869,0.2733702690250849,0.1604486245483116,0.4360655737704918
fnirs_yiruid_rest_native,fnirs,yiruid,rest,signal_demographics,logistic_regression,20260707,285,fixed_0_5,3,0.5,300,115,185,0.6123149236192715,0.48099595036982146,0.5829612220916569,0.5825098525335921,0.4956521739130435,0.6702702702702703,0.6033333333333334,0.25269993183819084,0.13394856929035456,0.3933333333333333
fnirs_yiruid_rest_native,fnirs,yiruid,rest,signal_demographics,logistic_regression,20260707,285,inner_cv,3,0.25,300,115,185,0.6123149236192715,0.48099595036982146,0.5568742655699177,0.47716736339715915,0.8434782608695652,0.2702702702702703,0.49,0.25269993183819084,0.13394856929035456,0.7733333333333333
fnirs_yiruid_rest_native,fnirs,yiruid,rest,signal_demographics,logistic_regression,20260707,285,fixed_0_5,4,0.5,303,115,188,0.5696577243293247,0.43329152213038197,0.5475948196114708,0.5360797488571901,0.5739130434782609,0.5212765957446809,0.5412541254125413,0.25336689460824313,0.12352648491083539,0.5148514851485149
fnirs_yiruid_rest_native,fnirs,yiruid,rest,signal_demographics,logistic_regression,20260707,285,inner_cv,4,0.4,303,115,188,0.5696577243293247,0.43329152213038197,0.5697039777983348,0.4909149577737474,0.8521739130434782,0.2872340425531915,0.5016501650165016,0.25336689460824313,0.12352648491083539,0.7656765676567657
fnirs_yiruid_rest_native,fnirs,yiruid,rest,signal_demographics,random_forest,20260707,285,fixed_0_5,0,0.5,297,114,183,0.5574249832230851,0.48099069812463,0.5583117630140926,0.5391940557698602,0.23684210526315788,0.8797814207650273,0.632996632996633,0.2353417862002713,0.06467553289731277,0.16498316498316498
fnirs_yiruid_rest_native,fnirs,yiruid,rest,signal_demographics,random_forest,20260707,285,inner_cv,0,0.45,297,114,183,0.5574249832230851,0.48099069812463,0.5547886108714408,0.5551780821917809,0.42105263157894735,0.6885245901639344,0.5858585858585859,0.2353417862002713,0.06467553289731277,0.35353535353535354
fnirs_yiruid_rest_native,fnirs,yiruid,rest,signal_demographics,random_forest,20260707,285,fixed_0_5,1,0.5,309,121,188,0.5705556532442413,0.4423713972295306,0.5326402321083172,0.5215726912526668,0.2727272727272727,0.7925531914893617,0.5889967637540453,0.2392856065306322,0.06339596599366437,0.23300970873786409
fnirs_yiruid_rest_native,fnirs,yiruid,rest,signal_demographics,random_forest,20260707,285,inner_cv,1,0.45,309,121,188,0.5705556532442413,0.4423713972295306,0.5401573764726569,0.5321998369628509,0.5537190082644629,0.526595744680851,0.5372168284789643,0.2392856065306322,0.06339596599366437,0.5048543689320388
fnirs_yiruid_rest_native,fnirs,yiruid,rest,signal_demographics,random_forest,20260707,285,fixed_0_5,2,0.5,305,120,185,0.5548198198198198,0.4379365421121322,0.5152027027027027,0.4964871194379391,0.225,0.8054054054054054,0.5770491803278689,0.23850968264481998,0.059899482304227834,0.20655737704918034
fnirs_yiruid_rest_native,fnirs,yiruid,rest,signal_demographics,random_forest,20260707,285,inner_cv,2,0.45,305,120,185,0.5548198198198198,0.4379365421121322,0.5170045045045045,0.5158225281282951,0.35833333333333334,0.6756756756756757,0.5508196721311476,0.23850968264481998,0.059899482304227834,0.3377049180327869
fnirs_yiruid_rest_native,fnirs,yiruid,rest,signal_demographics,random_forest,20260707,285,fixed_0_5,3,0.5,300,115,185,0.5846768507638073,0.4517137120052864,0.5303172737955347,0.5098779499993136,0.21739130434782608,0.8432432432432433,0.6033333333333334,0.23302582138444264,0.04281679914763395,0.18
fnirs_yiruid_rest_native,fnirs,yiruid,rest,signal_demographics,random_forest,20260707,285,inner_cv,3,0.4,300,115,185,0.5846768507638073,0.4517137120052864,0.554876615746181,0.5198079231692677,0.7043478260869566,0.40540540540540543,0.52,0.23302582138444264,0.04281679914763395,0.6366666666666667
fnirs_yiruid_rest_native,fnirs,yiruid,rest,signal_demographics,random_forest,20260707,285,fixed_0_5,4,0.5,303,115,188,0.6013876040703053,0.4881901293508802,0.5281452358926919,0.5223451105995396,0.2956521739130435,0.7606382978723404,0.5841584158415841,0.2341367078828731,0.08924491269717741,0.2607260726072607
fnirs_yiruid_rest_native,fnirs,yiruid,rest,signal_demographics,random_forest,20260707,285,inner_cv,4,0.4,303,115,188,0.6013876040703053,0.4881901293508802,0.5619333950046254,0.4474164133738602,0.9217391304347826,0.20212765957446807,0.4752475247524752,0.2341367078828731,0.08924491269717741,0.8448844884488449
fnirs_yiruid_rest_native,fnirs,yiruid,rest,signal_demographics,hist_gradient_boosting,20260707,285,fixed_0_5,0,0.5,297,114,183,0.5754721503211581,0.47367998533296846,0.5550762151279839,0.5419441810517176,0.5964912280701754,0.5136612021857924,0.5454545454545454,0.24504268886977754,0.11130428556412655,0.5286195286195287
fnirs_yiruid_rest_native,fnirs,yiruid,rest,signal_demographics,hist_gradient_boosting,20260707,285,inner_cv,0,0.5,297,114,183,0.5754721503211581,0.47367998533296846,0.5550762151279839,0.5419441810517176,0.5964912280701754,0.5136612021857924,0.5454545454545454,0.24504268886977754,0.11130428556412655,0.5286195286195287
fnirs_yiruid_rest_native,fnirs,yiruid,rest,signal_demographics,hist_gradient_boosting,20260707,285,fixed_0_5,1,0.5,309,121,188,0.6025584666783894,0.5164047412131783,0.5543124670300685,0.541364464140973,0.6033057851239669,0.5053191489361702,0.5436893203883495,0.24394621957326967,0.105243358656987,0.5372168284789643
fnirs_yiruid_rest_native,fnirs,yiruid,rest,signal_demographics,hist_gradient_boosting,20260707,285,inner_cv,1,0.5,309,121,188,0.6025584666783894,0.5164047412131783,0.5543124670300685,0.541364464140973,0.6033057851239669,0.5053191489361702,0.5436893203883495,0.24394621957326967,0.105243358656987,0.5372168284789643
fnirs_yiruid_rest_native,fnirs,yiruid,rest,signal_demographics,hist_gradient_boosting,20260707,285,fixed_0_5,2,0.5,305,120,185,0.5762612612612613,0.45776143350222065,0.526463963963964,0.5255555555555556,0.4583333333333333,0.5945945945945946,0.5409836065573771,0.24518161352335152,0.09939514579540426,0.4262295081967213
fnirs_yiruid_rest_native,fnirs,yiruid,rest,signal_demographics,hist_gradient_boosting,20260707,285,inner_cv,2,0.5,305,120,185,0.5762612612612613,0.45776143350222065,0.526463963963964,0.5255555555555556,0.4583333333333333,0.5945945945945946,0.5409836065573771,0.24518161352335152,0.09939514579540426,0.4262295081967213
fnirs_yiruid_rest_native,fnirs,yiruid,rest,signal_demographics,hist_gradient_boosting,20260707,285,fixed_0_5,3,0.5,300,115,185,0.5960517038777908,0.4670517590396731,0.5582843713278496,0.5498189121187846,0.5652173913043478,0.5513513513513514,0.5566666666666666,0.24378806902112857,0.11102717316391739,0.49333333333333335
fnirs_yiruid_rest_native,fnirs,yiruid,rest,signal_demographics,hist_gradient_boosting,20260707,285,inner_cv,3,0.5,300,115,185,0.5960517038777908,0.4670517590396731,0.5582843713278496,0.5498189121187846,0.5652173913043478,0.5513513513513514,0.5566666666666666,0.24378806902112857,0.11102717316391739,0.49333333333333335
fnirs_yiruid_rest_native,fnirs,yiruid,rest,signal_demographics,hist_gradient_boosting,20260707,285,fixed_0_5,4,0.5,303,115,188,0.5959990749306199,0.4338309329720539,0.6009944495837187,0.5864300810144416,0.6434782608695652,0.5585106382978723,0.5907590759075908,0.24439302405064117,0.11565995342074945,0.5181518151815182
fnirs_yiruid_rest_native,fnirs,yiruid,rest,signal_demographics,hist_gradient_boosting,20260707,285,inner_cv,4,0.5,303,115,188,0.5959990749306199,0.4338309329720539,0.6009944495837187,0.5864300810144416,0.6434782608695652,0.5585106382978723,0.5907590759075908,0.24439302405064117,0.11565995342074945,0.5181518151815182
fnirs_yiruid_rest_native,fnirs,yiruid,rest,signal_qc_demographics,logistic_regression,20260707,302,fixed_0_5,0,0.5,297,114,183,0.5939507238040457,0.4723439524548676,0.5632010353753236,0.5567933368037481,0.5526315789473685,0.5737704918032787,0.5656565656565656,0.2508042098015834,0.1350852120675445,0.47474747474747475
fnirs_yiruid_rest_native,fnirs,yiruid,rest,signal_qc_demographics,logistic_regression,20260707,302,inner_cv,0,0.45,297,114,183,0.5939507238040457,0.4723439524548676,0.5540696002300834,0.5314553564335085,0.6491228070175439,0.45901639344262296,0.531986531986532,0.2508042098015834,0.1350852120675445,0.5824915824915825
fnirs_yiruid_rest_native,fnirs,yiruid,rest,signal_qc_demographics,logistic_regression,20260707,302,fixed_0_5,1,0.5,309,121,188,0.5368823632846844,0.4194734935058285,0.5266177246351328,0.5254174958899368,0.4628099173553719,0.5904255319148937,0.540453074433657,0.28618829909180366,0.1820140038527803,0.43042071197411
fnirs_yiruid_rest_native,fnirs,yiruid,rest,signal_qc_demographics,logistic_regression,20260707,302,inner_cv,1,0.5,309,121,188,0.5368823632846844,0.4194734935058285,0.5266177246351328,0.5254174958899368,0.4628099173553719,0.5904255319148937,0.540453074433657,0.28618829909180366,0.1820140038527803,0.43042071197411
fnirs_yiruid_rest_native,fnirs,yiruid,rest,signal_qc_demographics,logistic_regression,20260707,302,fixed_0_5,2,0.5,305,120,185,0.548963963963964,0.44312595614819345,0.5141891891891892,0.5131683958499601,0.45,0.5783783783783784,0.5278688524590164,0.27451799478526395,0.161083158821962,0.43278688524590164
fnirs_yiruid_rest_native,fnirs,yiruid,rest,signal_qc_demographics,logistic_regression,20260707,302,inner_cv,2,0.55,305,120,185,0.548963963963964,0.44312595614819345,0.528490990990991,0.5285506455719222,0.4083333333333333,0.6486486486486487,0.5540983606557377,0.27451799478526395,0.161083158821962,0.3737704918032787
fnirs_yiruid_rest_native,fnirs,yiruid,rest,signal_qc_demographics,logistic_regression,20260707,302,fixed_0_5,3,0.5,300,115,185,0.5938895417156287,0.47110042276993985,0.5678025851938896,0.56695846526355,0.48695652173913045,0.6486486486486487,0.5866666666666667,0.24447595997194127,0.12485267169277373,0.4033333333333333
fnirs_yiruid_rest_native,fnirs,yiruid,rest,signal_qc_demographics,logistic_regression,20260707,302,inner_cv,3,0.4,300,115,185,0.5938895417156287,0.47110042276993985,0.5413631022326675,0.5026646936436765,0.7043478260869566,0.3783783783783784,0.5033333333333333,0.24447595997194127,0.12485267169277373,0.6533333333333333
fnirs_yiruid_rest_native,fnirs,yiruid,rest,signal_qc_demographics,logistic_regression,20260707,302,fixed_0_5,4,0.5,303,115,188,0.5671600370027752,0.43121992824279365,0.5459065679925994,0.5354042337264073,0.5652173913043478,0.526595744680851,0.5412541254125413,0.2535008718453317,0.1251485238820509,0.5082508250825083
fnirs_yiruid_rest_native,fnirs,yiruid,rest,signal_qc_demographics,logistic_regression,20260707,302,inner_cv,4,0.4,303,115,188,0.5671600370027752,0.43121992824279365,0.5549722479185939,0.48318713450292394,0.8173913043478261,0.2925531914893617,0.49174917491749176,0.2535008718453317,0.1251485238820509,0.7491749174917491
fnirs_yiruid_rest_native,fnirs,yiruid,rest,signal_qc_demographics,random_forest,20260707,302,fixed_0_5,0,0.5,297,114,183,0.5623142555843159,0.4231140382123225,0.5299108426804717,0.5155502392344498,0.24561403508771928,0.8142076502732241,0.5959595959595959,0.23847252494736332,0.057023104063898704,0.20875420875420875
fnirs_yiruid_rest_native,fnirs,yiruid,rest,signal_qc_demographics,random_forest,20260707,302,inner_cv,0,0.4,297,114,183,0.5623142555843159,0.4231140382123225,0.5611878055795226,0.5381970059812278,0.6578947368421053,0.4644808743169399,0.5387205387205387,0.23847252494736332,0.057023104063898704,0.5824915824915825
fnirs_yiruid_rest_native,fnirs,yiruid,rest,signal_qc_demographics,random_forest,20260707,302,fixed_0_5,1,0.5,309,121,188,0.5683136979075084,0.4601819249901191,0.5492131176367153,0.5280366573470021,0.23140495867768596,0.8670212765957447,0.6181229773462783,0.23635460533313207,0.032130737323396386,0.1715210355987055
fnirs_yiruid_rest_native,fnirs,yiruid,rest,signal_qc_demographics,random_forest,20260707,302,inner_cv,1,0.45,309,121,188,0.5683136979075084,0.4601819249901191,0.5632802883770002,0.5637158225011205,0.4297520661157025,0.6968085106382979,0.5922330097087378,0.23635460533313207,0.032130737323396386,0.35275080906148865
fnirs_yiruid_rest_native,fnirs,yiruid,rest,signal_qc_demographics,random_forest,20260707,302,fixed_0_5,2,0.5,305,120,185,0.5607657657657658,0.45769214610953235,0.5206081081081081,0.5011526226995839,0.225,0.8162162162162162,0.5836065573770491,0.2375555354012265,0.03022922827977153,0.2
fnirs_yiruid_rest_native,fnirs,yiruid,rest,signal_qc_demographics,random_forest,20260707,302,inner_cv,2,0.4,305,120,185,0.5607657657657658,0.45769214610953235,0.5471846846846846,0.535287061950919,0.5916666666666667,0.5027027027027027,0.5377049180327869,0.2375555354012265,0.03022922827977153,0.5344262295081967
fnirs_yiruid_rest_native,fnirs,yiruid,rest,signal_qc_demographics,random_forest,20260707,302,fixed_0_5,3,0.5,300,115,185,0.596192714453584,0.48283668972993204,0.5802585193889542,0.5709891533106687,0.2956521739130435,0.8648648648648649,0.6466666666666666,0.23174646670349858,0.06453373390023506,0.19666666666666666
fnirs_yiruid_rest_native,fnirs,yiruid,rest,signal_qc_demographics,random_forest,20260707,302,inner_cv,3,0.45,300,115,185,0.596192714453584,0.48283668972993204,0.5574618096357227,0.5572526236881559,0.4608695652173913,0.654054054054054,0.58,0.23174646670349858,0.06453373390023506,0.39
fnirs_yiruid_rest_native,fnirs,yiruid,rest,signal_qc_demographics,random_forest,20260707,302,fixed_0_5,4,0.5,303,115,188,0.5979185938945422,0.48682302953359446,0.5387835337650324,0.5323127530364373,0.2956521739130435,0.7819148936170213,0.5973597359735974,0.23516791250701552,0.08352046206336083,0.24752475247524752
fnirs_yiruid_rest_native,fnirs,yiruid,rest,signal_qc_demographics,random_forest,20260707,302,inner_cv,4,0.45,303,115,188,0.5979185938945422,0.48682302953359446,0.567391304347826,0.5489887050170739,0.6347826086956522,0.5,0.5511551155115512,0.23516791250701552,0.08352046206336083,0.5511551155115512
fnirs_yiruid_rest_native,fnirs,yiruid,rest,signal_qc_demographics,hist_gradient_boosting,20260707,302,fixed_0_5,0,0.5,297,114,183,0.5754721503211581,0.47367998533296846,0.5550762151279839,0.5419441810517176,0.5964912280701754,0.5136612021857924,0.5454545454545454,0.24504268886977754,0.11130428556412655,0.5286195286195287
fnirs_yiruid_rest_native,fnirs,yiruid,rest,signal_qc_demographics,hist_gradient_boosting,20260707,302,inner_cv,0,0.5,297,114,183,0.5754721503211581,0.47367998533296846,0.5550762151279839,0.5419441810517176,0.5964912280701754,0.5136612021857924,0.5454545454545454,0.24504268886977754,0.11130428556412655,0.5286195286195287
fnirs_yiruid_rest_native,fnirs,yiruid,rest,signal_qc_demographics,hist_gradient_boosting,20260707,302,fixed_0_5,1,0.5,309,121,188,0.6025584666783894,0.5164047412131783,0.5543124670300685,0.541364464140973,0.6033057851239669,0.5053191489361702,0.5436893203883495,0.24394621957326967,0.105243358656987,0.5372168284789643
fnirs_yiruid_rest_native,fnirs,yiruid,rest,signal_qc_demographics,hist_gradient_boosting,20260707,302,inner_cv,1,0.5,309,121,188,0.6025584666783894,0.5164047412131783,0.5543124670300685,0.541364464140973,0.6033057851239669,0.5053191489361702,0.5436893203883495,0.24394621957326967,0.105243358656987,0.5372168284789643
fnirs_yiruid_rest_native,fnirs,yiruid,rest,signal_qc_demographics,hist_gradient_boosting,20260707,302,fixed_0_5,2,0.5,305,120,185,0.5762612612612613,0.45776143350222065,0.526463963963964,0.5255555555555556,0.4583333333333333,0.5945945945945946,0.5409836065573771,0.24518161352335152,0.09939514579540426,0.4262295081967213
fnirs_yiruid_rest_native,fnirs,yiruid,rest,signal_qc_demographics,hist_gradient_boosting,20260707,302,inner_cv,2,0.5,305,120,185,0.5762612612612613,0.45776143350222065,0.526463963963964,0.5255555555555556,0.4583333333333333,0.5945945945945946,0.5409836065573771,0.24518161352335152,0.09939514579540426,0.4262295081967213
fnirs_yiruid_rest_native,fnirs,yiruid,rest,signal_qc_demographics,hist_gradient_boosting,20260707,302,fixed_0_5,3,0.5,300,115,185,0.5960517038777908,0.4670517590396731,0.5582843713278496,0.5498189121187846,0.5652173913043478,0.5513513513513514,0.5566666666666666,0.24378806902112857,0.11102717316391739,0.49333333333333335
fnirs_yiruid_rest_native,fnirs,yiruid,rest,signal_qc_demographics,hist_gradient_boosting,20260707,302,inner_cv,3,0.5,300,115,185,0.5960517038777908,0.4670517590396731,0.5582843713278496,0.5498189121187846,0.5652173913043478,0.5513513513513514,0.5566666666666666,0.24378806902112857,0.11102717316391739,0.49333333333333335
fnirs_yiruid_rest_native,fnirs,yiruid,rest,signal_qc_demographics,hist_gradient_boosting,20260707,302,fixed_0_5,4,0.5,303,115,188,0.5959990749306199,0.4338309329720539,0.6009944495837187,0.5864300810144416,0.6434782608695652,0.5585106382978723,0.5907590759075908,0.24439302405064117,0.11565995342074945,0.5181518151815182
fnirs_yiruid_rest_native,fnirs,yiruid,rest,signal_qc_demographics,hist_gradient_boosting,20260707,302,inner_cv,4,0.5,303,115,188,0.5959990749306199,0.4338309329720539,0.6009944495837187,0.5864300810144416,0.6434782608695652,0.5585106382978723,0.5907590759075908,0.24439302405064117,0.11565995342074945,0.5181518151815182
fnirs_yiruid_vft_native,fnirs,yiruid,vft,no_information,no_information_prior,20260707,0,fixed_0_5,0,0.5,296,115,181,0.5,0.3885135135135135,0.5,0.379454926624738,0.0,1.0,0.6114864864864865,0.2376057169923302,0.005912162162162116,0.0
fnirs_yiruid_vft_native,fnirs,yiruid,vft,no_information,no_information_prior,20260707,0,inner_cv,0,0.5,296,115,181,0.5,0.3885135135135135,0.5,0.379454926624738,0.0,1.0,0.6114864864864865,0.2376057169923302,0.005912162162162116,0.0
fnirs_yiruid_vft_native,fnirs,yiruid,vft,no_information,no_information_prior,20260707,0,fixed_0_5,1,0.5,298,113,185,0.5,0.37919463087248323,0.5,0.3830227743271222,0.0,1.0,0.6208053691275168,0.23543908100070352,0.005746147469310348,0.0
fnirs_yiruid_vft_native,fnirs,yiruid,vft,no_information,no_information_prior,20260707,0,inner_cv,1,0.5,298,113,185,0.5,0.37919463087248323,0.5,0.3830227743271222,0.0,1.0,0.6208053691275168,0.23543908100070352,0.005746147469310348,0.0
fnirs_yiruid_vft_native,fnirs,yiruid,vft,no_information,no_information_prior,20260707,0,fixed_0_5,2,0.5,299,115,184,0.5,0.38461538461538464,0.5,0.380952380952381,0.0,1.0,0.6153846153846154,0.23668747659166092,0.001042141600990032,0.0
fnirs_yiruid_vft_native,fnirs,yiruid,vft,no_information,no_information_prior,20260707,0,inner_cv,2,0.5,299,115,184,0.5,0.38461538461538464,0.5,0.380952380952381,0.0,1.0,0.6153846153846154,0.23668747659166092,0.001042141600990032,0.0
fnirs_yiruid_vft_native,fnirs,yiruid,vft,no_information,no_information_prior,20260707,0,fixed_0_5,3,0.5,293,115,178,0.5,0.3924914675767918,0.5,0.3779193205944798,0.0,1.0,0.6075085324232082,0.2385597919725957,0.010857095209479306,0.0
fnirs_yiruid_vft_native,fnirs,yiruid,vft,no_information,no_information_prior,20260707,0,inner_cv,3,0.5,293,115,178,0.5,0.3924914675767918,0.5,0.3779193205944798,0.0,1.0,0.6075085324232082,0.2385597919725957,0.010857095209479306,0.0
fnirs_yiruid_vft_native,fnirs,yiruid,vft,no_information,no_information_prior,20260707,0,fixed_0_5,4,0.5,294,110,184,0.5,0.3741496598639456,0.5,0.38493723849372385,0.0,1.0,0.6258503401360545,0.23430622871217652,0.012022346881417012,0.0
fnirs_yiruid_vft_native,fnirs,yiruid,vft,no_information,no_information_prior,20260707,0,inner_cv,4,0.5,294,110,184,0.5,0.3741496598639456,0.5,0.38493723849372385,0.0,1.0,0.6258503401360545,0.23430622871217652,0.012022346881417012,0.0
fnirs_yiruid_vft_native,fnirs,yiruid,vft,demographics,logistic_regression,20260707,4,fixed_0_5,0,0.5,296,115,181,0.6076387220754265,0.4508578700131348,0.5837617103050685,0.5710144927536231,0.6260869565217392,0.5414364640883977,0.5743243243243243,0.24115533273841785,0.11130929912609819,0.5236486486486487
fnirs_yiruid_vft_native,fnirs,yiruid,vft,demographics,logistic_regression,20260707,4,inner_cv,0,0.5,296,115,181,0.6076387220754265,0.4508578700131348,0.5837617103050685,0.5710144927536231,0.6260869565217392,0.5414364640883977,0.5743243243243243,0.24115533273841785,0.11130929912609819,0.5236486486486487
fnirs_yiruid_vft_native,fnirs,yiruid,vft,demographics,logistic_regression,20260707,4,fixed_0_5,1,0.5,298,113,185,0.577493422626166,0.43084209736447787,0.5667304472614207,0.554944992304623,0.5929203539823009,0.5405405405405406,0.5604026845637584,0.24329888829107332,0.1139196061076599,0.5100671140939598
fnirs_yiruid_vft_native,fnirs,yiruid,vft,demographics,logistic_regression,20260707,4,inner_cv,1,0.5,298,113,185,0.577493422626166,0.43084209736447787,0.5667304472614207,0.554944992304623,0.5929203539823009,0.5405405405405406,0.5604026845637584,0.24329888829107332,0.1139196061076599,0.5100671140939598
fnirs_yiruid_vft_native,fnirs,yiruid,vft,demographics,logistic_regression,20260707,4,fixed_0_5,2,0.5,299,115,184,0.5697542533081286,0.42683559917271835,0.5413043478260869,0.5342837977648169,0.5391304347826087,0.5434782608695652,0.5418060200668896,0.24421987957616356,0.10870139163644973,0.4882943143812709
fnirs_yiruid_vft_native,fnirs,yiruid,vft,demographics,logistic_regression,20260707,4,inner_cv,2,0.5,299,115,184,0.5697542533081286,0.42683559917271835,0.5413043478260869,0.5342837977648169,0.5391304347826087,0.5434782608695652,0.5418060200668896,0.24421987957616356,0.10870139163644973,0.4882943143812709
fnirs_yiruid_vft_native,fnirs,yiruid,vft,demographics,logistic_regression,20260707,4,fixed_0_5,3,0.5,293,115,178,0.6043722520762091,0.48271265229437355,0.5885930630190522,0.5746065942300487,0.6434782608695652,0.5337078651685393,0.5767918088737202,0.24090654612431942,0.10189202392900816,0.5358361774744027
fnirs_yiruid_vft_native,fnirs,yiruid,vft,demographics,logistic_regression,20260707,4,inner_cv,3,0.5,293,115,178,0.6043722520762091,0.48271265229437355,0.5885930630190522,0.5746065942300487,0.6434782608695652,0.5337078651685393,0.5767918088737202,0.24090654612431942,0.10189202392900816,0.5358361774744027
fnirs_yiruid_vft_native,fnirs,yiruid,vft,demographics,logistic_regression,20260707,4,fixed_0_5,4,0.5,294,110,184,0.5883152173913044,0.4402732647775853,0.5727272727272728,0.5521367521367522,0.6454545454545455,0.5,0.5544217687074829,0.24411415798967723,0.1283776388707514,0.5544217687074829
fnirs_yiruid_vft_native,fnirs,yiruid,vft,demographics,logistic_regression,20260707,4,inner_cv,4,0.5,294,110,184,0.5883152173913044,0.4402732647775853,0.5727272727272728,0.5521367521367522,0.6454545454545455,0.5,0.5544217687074829,0.24411415798967723,0.1283776388707514,0.5544217687074829
fnirs_yiruid_vft_native,fnirs,yiruid,vft,demographics,random_forest,20260707,4,fixed_0_5,0,0.5,296,115,181,0.5996396829209705,0.4531731792525791,0.5838577948594763,0.5467800173682527,0.7478260869565218,0.4198895027624309,0.5472972972972973,0.24166901039844527,0.11338661117231556,0.6452702702702703
fnirs_yiruid_vft_native,fnirs,yiruid,vft,demographics,random_forest,20260707,4,inner_cv,0,0.5,296,115,181,0.5996396829209705,0.4531731792525791,0.5838577948594763,0.5467800173682527,0.7478260869565218,0.4198895027624309,0.5472972972972973,0.24166901039844527,0.11338661117231556,0.6452702702702703
fnirs_yiruid_vft_native,fnirs,yiruid,vft,demographics,random_forest,20260707,4,fixed_0_5,1,0.5,298,113,185,0.5974168859124612,0.4555916714116932,0.5564219086342981,0.535573926006234,0.6371681415929203,0.4756756756756757,0.5369127516778524,0.24069391790923958,0.11235391958705432,0.5671140939597316
fnirs_yiruid_vft_native,fnirs,yiruid,vft,demographics,random_forest,20260707,4,inner_cv,1,0.45,298,113,185,0.5974168859124612,0.4555916714116932,0.5525472375029897,0.45873695976154993,0.8672566371681416,0.23783783783783785,0.47651006711409394,0.24069391790923958,0.11235391958705432,0.802013422818792
fnirs_yiruid_vft_native,fnirs,yiruid,vft,demographics,random_forest,20260707,4,fixed_0_5,2,0.5,299,115,184,0.5580576559546314,0.425707959851272,0.5304347826086957,0.526768510872557,0.4956521739130435,0.5652173913043478,0.5384615384615384,0.24536569269048975,0.10356414851742511,0.45819397993311034
fnirs_yiruid_vft_native,fnirs,yiruid,vft,demographics,random_forest,20260707,4,inner_cv,2,0.45,299,115,184,0.5580576559546314,0.425707959851272,0.5608695652173913,0.5082680003604578,0.7739130434782608,0.34782608695652173,0.5117056856187291,0.24536569269048975,0.10356414851742511,0.6989966555183946
fnirs_yiruid_vft_native,fnirs,yiruid,vft,demographics,random_forest,20260707,4,fixed_0_5,3,0.5,293,115,178,0.5970688812896923,0.4828382672996543,0.5797020029311187,0.552901023890785,0.7043478260869566,0.4550561797752809,0.552901023890785,0.24430834194706963,0.11328627125430328,0.6075085324232082
fnirs_yiruid_vft_native,fnirs,yiruid,vft,demographics,random_forest,20260707,4,inner_cv,3,0.45,293,115,178,0.5970688812896923,0.4828382672996543,0.55095261358085,0.4720593888141457,0.8434782608695652,0.25842696629213485,0.4880546075085324,0.24430834194706963,0.11328627125430328,0.7815699658703071
fnirs_yiruid_vft_native,fnirs,yiruid,vft,demographics,random_forest,20260707,4,fixed_0_5,4,0.5,294,110,184,0.5988389328063242,0.4392476735761289,0.5691699604743082,0.5403856175091194,0.6818181818181818,0.45652173913043476,0.5408163265306123,0.23995199394362757,0.11918061272296938,0.5952380952380952
fnirs_yiruid_vft_native,fnirs,yiruid,vft,demographics,random_forest,20260707,4,inner_cv,4,0.45,294,110,184,0.5988389328063242,0.4392476735761289,0.5730237154150197,0.5094683048059085,0.8090909090909091,0.33695652173913043,0.5136054421768708,0.23995199394362757,0.11918061272296938,0.717687074829932
fnirs_yiruid_vft_native,fnirs,yiruid,vft,demographics,hist_gradient_boosting,20260707,4,fixed_0_5,0,0.5,296,115,181,0.5950996877251981,0.44157287584828675,0.5821763151573385,0.570480928689884,0.6173913043478261,0.5469613259668509,0.5743243243243243,0.24478170889982262,0.11149326524233909,0.5168918918918919
fnirs_yiruid_vft_native,fnirs,yiruid,vft,demographics,hist_gradient_boosting,20260707,4,inner_cv,0,0.5,296,115,181,0.5950996877251981,0.44157287584828675,0.5821763151573385,0.570480928689884,0.6173913043478261,0.5469613259668509,0.5743243243243243,0.24478170889982262,0.11149326524233909,0.5168918918918919
fnirs_yiruid_vft_native,fnirs,yiruid,vft,demographics,hist_gradient_boosting,20260707,4,fixed_0_5,1,0.5,298,113,185,0.5818942836641952,0.42771315979473157,0.5635493900980627,0.5423047386728101,0.6460176991150443,0.4810810810810811,0.5436241610738255,0.2437535056526179,0.11634622518248428,0.5671140939597316
fnirs_yiruid_vft_native,fnirs,yiruid,vft,demographics,hist_gradient_boosting,20260707,4,inner_cv,1,0.45,298,113,185,0.5818942836641952,0.42771315979473157,0.556732839033724,0.44850592326280425,0.9026548672566371,0.21081081081081082,0.47315436241610737,0.2437535056526179,0.11634622518248428,0.8322147651006712
fnirs_yiruid_vft_native,fnirs,yiruid,vft,demographics,hist_gradient_boosting,20260707,4,fixed_0_5,2,0.5,299,115,184,0.5592155009451796,0.4090659707380544,0.5478260869565217,0.5302540623036179,0.6173913043478261,0.4782608695652174,0.5317725752508361,0.2451519576257797,0.11187032388181409,0.5585284280936454
fnirs_yiruid_vft_native,fnirs,yiruid,vft,demographics,hist_gradient_boosting,20260707,4,inner_cv,2,0.5,299,115,184,0.5592155009451796,0.4090659707380544,0.5478260869565217,0.5302540623036179,0.6173913043478261,0.4782608695652174,0.5317725752508361,0.2451519576257797,0.11187032388181409,0.5585284280936454
fnirs_yiruid_vft_native,fnirs,yiruid,vft,demographics,hist_gradient_boosting,20260707,4,fixed_0_5,3,0.5,293,115,178,0.5927454811919883,0.4522949562615264,0.5557645334636052,0.4983646818509204,0.7913043478260869,0.3202247191011236,0.5051194539249146,0.24499549453773725,0.10377659392236366,0.7235494880546075
fnirs_yiruid_vft_native,fnirs,yiruid,vft,demographics,hist_gradient_boosting,20260707,4,inner_cv,3,0.45,293,115,178,0.5927454811919883,0.4522949562615264,0.5586468001954079,0.46485973115137347,0.8869565217391304,0.2303370786516854,0.4880546075085324,0.24499549453773725,0.10377659392236366,0.8156996587030717
fnirs_yiruid_vft_native,fnirs,yiruid,vft,demographics,hist_gradient_boosting,20260707,4,fixed_0_5,4,0.5,294,110,184,0.5913290513833992,0.4229734355621596,0.5819169960474309,0.5475719393245166,0.7181818181818181,0.44565217391304346,0.5476190476190477,0.24384053047383575,0.12555982435389615,0.6156462585034014
fnirs_yiruid_vft_native,fnirs,yiruid,vft,demographics,hist_gradient_boosting,20260707,4,inner_cv,4,0.5,294,110,184,0.5913290513833992,0.4229734355621596,0.5819169960474309,0.5475719393245166,0.7181818181818181,0.44565217391304346,0.5476190476190477,0.24384053047383575,0.12555982435389615,0.6156462585034014
fnirs_yiruid_vft_native,fnirs,yiruid,vft,qc,logistic_regression,20260707,17,fixed_0_5,0,0.5,296,115,181,0.513475858755705,0.40648735149677506,0.5200816718712467,0.5193381298374957,0.4434782608695652,0.5966850828729282,0.5371621621621622,0.2520150921810672,0.11882041591968981,0.4189189189189189
fnirs_yiruid_vft_native,fnirs,yiruid,vft,qc,logistic_regression,20260707,17,inner_cv,0,0.55,296,115,181,0.513475858755705,0.40648735149677506,0.5187124669709344,0.49662670755506,0.20869565217391303,0.8287292817679558,0.5878378378378378,0.2520150921810672,0.11882041591968981,0.1858108108108108
fnirs_yiruid_vft_native,fnirs,yiruid,vft,qc,logistic_regression,20260707,17,fixed_0_5,1,0.5,298,113,185,0.5572351112174121,0.4446168294879047,0.5460655345611098,0.5437087253813336,0.48672566371681414,0.6054054054054054,0.5604026845637584,0.24906738725997973,0.12637627603133786,0.42953020134228187
fnirs_yiruid_vft_native,fnirs,yiruid,vft,qc,logistic_regression,20260707,17,inner_cv,1,0.5,298,113,185,0.5572351112174121,0.4446168294879047,0.5460655345611098,0.5437087253813336,0.48672566371681414,0.6054054054054054,0.5604026845637584,0.24906738725997973,0.12637627603133786,0.42953020134228187
fnirs_yiruid_vft_native,fnirs,yiruid,vft,qc,logistic_regression,20260707,17,fixed_0_5,2,0.5,299,115,184,0.5233931947069943,0.43456969555343294,0.5266304347826087,0.5168755155308979,0.5478260869565217,0.5054347826086957,0.5217391304347826,0.2516374892639017,0.1273070488523863,0.5150501672240803
fnirs_yiruid_vft_native,fnirs,yiruid,vft,qc,logistic_regression,20260707,17,inner_cv,2,0.5,299,115,184,0.5233931947069943,0.43456969555343294,0.5266304347826087,0.5168755155308979,0.5478260869565217,0.5054347826086957,0.5217391304347826,0.2516374892639017,0.1273070488523863,0.5150501672240803
fnirs_yiruid_vft_native,fnirs,yiruid,vft,qc,logistic_regression,20260707,17,fixed_0_5,3,0.5,293,115,178,0.5299951148021496,0.4482530621491332,0.5233023937469468,0.5233324770956417,0.41739130434782606,0.6292134831460674,0.5460750853242321,0.2472470024532604,0.10029460131106505,0.3890784982935154
fnirs_yiruid_vft_native,fnirs,yiruid,vft,qc,logistic_regression,20260707,17,inner_cv,3,0.5,293,115,178,0.5299951148021496,0.4482530621491332,0.5233023937469468,0.5233324770956417,0.41739130434782606,0.6292134831460674,0.5460750853242321,0.2472470024532604,0.10029460131106505,0.3890784982935154
fnirs_yiruid_vft_native,fnirs,yiruid,vft,qc,logistic_regression,20260707,17,fixed_0_5,4,0.5,294,110,184,0.5869565217391304,0.4589261326485481,0.5624505928853755,0.5615802082824035,0.4727272727272727,0.6521739130434783,0.5850340136054422,0.24472296735270563,0.12485163401406754,0.3945578231292517
fnirs_yiruid_vft_native,fnirs,yiruid,vft,qc,logistic_regression,20260707,17,inner_cv,4,0.5,294,110,184,0.5869565217391304,0.4589261326485481,0.5624505928853755,0.5615802082824035,0.4727272727272727,0.6521739130434783,0.5850340136054422,0.24472296735270563,0.12485163401406754,0.3945578231292517
fnirs_yiruid_vft_native,fnirs,yiruid,vft,qc,random_forest,20260707,17,fixed_0_5,0,0.5,296,115,181,0.5812635118904637,0.46027823218309194,0.5437184722555849,0.5435198322126951,0.391304347826087,0.6961325966850829,0.5777027027027027,0.24295474769005426,0.09533287508883288,0.33783783783783783
fnirs_yiruid_vft_native,fnirs,yiruid,vft,qc,random_forest,20260707,17,inner_cv,0,0.55,296,115,181,0.5812635118904637,0.46027823218309194,0.530170550084074,0.5107166173549471,0.22608695652173913,0.8342541436464088,0.597972972972973,0.24295474769005426,0.09533287508883288,0.1891891891891892
fnirs_yiruid_vft_native,fnirs,yiruid,vft,qc,random_forest,20260707,17,fixed_0_5,1,0.5,298,113,185,0.5730208084190385,0.45894519813251683,0.5266443434585028,0.525785348028526,0.4424778761061947,0.6108108108108108,0.5469798657718121,0.24173045654468123,0.10944517867092173,0.40939597315436244
fnirs_yiruid_vft_native,fnirs,yiruid,vft,qc,random_forest,20260707,17,inner_cv,1,0.45,298,113,185,0.5730208084190385,0.45894519813251683,0.5461133700071753,0.513417339504296,0.6814159292035398,0.41081081081081083,0.5134228187919463,0.24173045654468123,0.10944517867092173,0.6241610738255033
fnirs_yiruid_vft_native,fnirs,yiruid,vft,qc,random_forest,20260707,17,fixed_0_5,2,0.5,299,115,184,0.5392722117202269,0.4195500038550143,0.5271739130434783,0.5268155442236679,0.43478260869565216,0.6195652173913043,0.5484949832775919,0.24932403410093132,0.09781954407054436,0.4013377926421405
fnirs_yiruid_vft_native,fnirs,yiruid,vft,qc,random_forest,20260707,17,inner_cv,2,0.4,299,115,184,0.5392722117202269,0.4195500038550143,0.5309782608695652,0.4501149425287356,0.8173913043478261,0.24456521739130435,0.46488294314381273,0.24932403410093132,0.09781954407054436,0.7792642140468228
fnirs_yiruid_vft_native,fnirs,yiruid,vft,qc,random_forest,20260707,17,fixed_0_5,3,0.5,293,115,178,0.5579384465070836,0.46903168305611076,0.5644357596482658,0.5648945648945649,0.4434782608695652,0.6853932584269663,0.590443686006826,0.2430540040974755,0.08707335360530294,0.3651877133105802
fnirs_yiruid_vft_native,fnirs,yiruid,vft,qc,random_forest,20260707,17,inner_cv,3,0.5,293,115,178,0.5579384465070836,0.46903168305611076,0.5644357596482658,0.5648945648945649,0.4434782608695652,0.6853932584269663,0.590443686006826,0.2430540040974755,0.08707335360530294,0.3651877133105802
fnirs_yiruid_vft_native,fnirs,yiruid,vft,qc,random_forest,20260707,17,fixed_0_5,4,0.5,294,110,184,0.5218873517786562,0.4248346528695611,0.5015316205533598,0.5010496938916615,0.34545454545454546,0.657608695652174,0.5408163265306123,0.24876779190405712,0.09876168456741966,0.3435374149659864
fnirs_yiruid_vft_native,fnirs,yiruid,vft,qc,random_forest,20260707,17,inner_cv,4,0.45,294,110,184,0.5218873517786562,0.4248346528695611,0.5064229249011858,0.4926305970149254,0.5454545454545454,0.4673913043478261,0.4965986394557823,0.24876779190405712,0.09876168456741966,0.5374149659863946
fnirs_yiruid_vft_native,fnirs,yiruid,vft,qc,hist_gradient_boosting,20260707,17,fixed_0_5,0,0.5,296,115,181,0.5382176315157338,0.43403523776369346,0.5196252702378092,0.5189125295508275,0.3652173913043478,0.6740331491712708,0.5540540540540541,0.248647704192608,0.11188030402418259,0.34121621621621623
fnirs_yiruid_vft_native,fnirs,yiruid,vft,qc,hist_gradient_boosting,20260707,17,inner_cv,0,0.5,296,115,181,0.5382176315157338,0.43403523776369346,0.5196252702378092,0.5189125295508275,0.3652173913043478,0.6740331491712708,0.5540540540540541,0.248647704192608,0.11188030402418259,0.34121621621621623
fnirs_yiruid_vft_native,fnirs,yiruid,vft,qc,hist_gradient_boosting,20260707,17,fixed_0_5,1,0.5,298,113,185,0.5292752929921073,0.40911474210278087,0.5438651040420952,0.5373469035708125,0.5309734513274337,0.5567567567567567,0.5469798657718121,0.24855144916131597,0.11772637558986127,0.47651006711409394
fnirs_yiruid_vft_native,fnirs,yiruid,vft,qc,hist_gradient_boosting,20260707,17,inner_cv,1,0.5,298,113,185,0.5292752929921073,0.40911474210278087,0.5438651040420952,0.5373469035708125,0.5309734513274337,0.5567567567567567,0.5469798657718121,0.24855144916131597,0.11772637558986127,0.47651006711409394
fnirs_yiruid_vft_native,fnirs,yiruid,vft,qc,hist_gradient_boosting,20260707,17,fixed_0_5,2,0.5,299,115,184,0.5451323251417769,0.4244765965773762,0.5641304347826087,0.5554281822825039,0.5739130434782609,0.5543478260869565,0.5618729096989966,0.24954744152313899,0.11665477905693536,0.49498327759197325
fnirs_yiruid_vft_native,fnirs,yiruid,vft,qc,hist_gradient_boosting,20260707,17,inner_cv,2,0.5,299,115,184,0.5451323251417769,0.4244765965773762,0.5641304347826087,0.5554281822825039,0.5739130434782609,0.5543478260869565,0.5618729096989966,0.24954744152313899,0.11665477905693536,0.49498327759197325
fnirs_yiruid_vft_native,fnirs,yiruid,vft,qc,hist_gradient_boosting,20260707,17,fixed_0_5,3,0.5,293,115,178,0.5216414264777723,0.43231153338682393,0.5067171470444553,0.5060211946050096,0.43478260869565216,0.5786516853932584,0.5221843003412969,0.2485844985844853,0.10450215863822615,0.42662116040955633
fnirs_yiruid_vft_native,fnirs,yiruid,vft,qc,hist_gradient_boosting,20260707,17,inner_cv,3,0.5,293,115,178,0.5216414264777723,0.43231153338682393,0.5067171470444553,0.5060211946050096,0.43478260869565216,0.5786516853932584,0.5221843003412969,0.2485844985844853,0.10450215863822615,0.42662116040955633
fnirs_yiruid_vft_native,fnirs,yiruid,vft,qc,hist_gradient_boosting,20260707,17,fixed_0_5,4,0.5,294,110,184,0.5443675889328063,0.43027803768645756,0.5425395256916996,0.5399171802773497,0.4818181818181818,0.6032608695652174,0.5578231292517006,0.24833931454863528,0.12434085852523447,0.42857142857142855
fnirs_yiruid_vft_native,fnirs,yiruid,vft,qc,hist_gradient_boosting,20260707,17,inner_cv,4,0.55,294,110,184,0.5443675889328063,0.43027803768645756,0.503705533596838,0.42081193273763456,0.045454545454545456,0.9619565217391305,0.6190476190476191,0.24833931454863528,0.12434085852523447,0.04081632653061224
fnirs_yiruid_vft_native,fnirs,yiruid,vft,signal,logistic_regression,20260707,289,fixed_0_5,0,0.5,296,115,181,0.6146528945472015,0.49745726030095117,0.6018736488109536,0.5975243810952738,0.5739130434782609,0.6298342541436464,0.6081081081081081,0.2510850606072502,0.13606762294716135,0.44932432432432434
fnirs_yiruid_vft_native,fnirs,yiruid,vft,signal,logistic_regression,20260707,289,inner_cv,0,0.65,296,115,181,0.6146528945472015,0.49745726030095117,0.5637761229882297,0.5557223264540337,0.30434782608695654,0.8232044198895028,0.6216216216216216,0.2510850606072502,0.13606762294716135,0.22635135135135134
fnirs_yiruid_vft_native,fnirs,yiruid,vft,signal,logistic_regression,20260707,289,fixed_0_5,1,0.5,298,113,185,0.5611576177947859,0.44278641468677366,0.5500119588615164,0.542085225448374,0.5486725663716814,0.5513513513513514,0.5503355704697986,0.2780935107215345,0.1919831814396933,0.4865771812080537
fnirs_yiruid_vft_native,fnirs,yiruid,vft,signal,logistic_regression,20260707,289,inner_cv,1,0.45,298,113,185,0.5611576177947859,0.44278641468677366,0.5610858646256875,0.5442650807136789,0.6194690265486725,0.5027027027027027,0.5469798657718121,0.2780935107215345,0.1919831814396933,0.5436241610738255
fnirs_yiruid_vft_native,fnirs,yiruid,vft,signal,logistic_regression,20260707,289,fixed_0_5,2,0.5,299,115,184,0.5901701323251418,0.49469000761543325,0.5782608695652174,0.5738390804597701,0.5478260869565217,0.6086956521739131,0.5852842809364549,0.2580082533357224,0.13884235341530743,0.451505016722408
fnirs_yiruid_vft_native,fnirs,yiruid,vft,signal,logistic_regression,20260707,289,inner_cv,2,0.5,299,115,184,0.5901701323251418,0.49469000761543325,0.5782608695652174,0.5738390804597701,0.5478260869565217,0.6086956521739131,0.5852842809364549,0.2580082533357224,0.13884235341530743,0.451505016722408
fnirs_yiruid_vft_native,fnirs,yiruid,vft,signal,logistic_regression,20260707,289,fixed_0_5,3,0.5,293,115,178,0.5824132877381534,0.4690386691299422,0.5757449926722032,0.5726207556193209,0.5391304347826087,0.6123595505617978,0.5836177474402731,0.2544455655257262,0.12308590550961149,0.447098976109215
fnirs_yiruid_vft_native,fnirs,yiruid,vft,signal,logistic_regression,20260707,289,inner_cv,3,0.45,293,115,178,0.5824132877381534,0.4690386691299422,0.5630434782608695,0.5479663394109396,0.6260869565217392,0.5,0.5494880546075085,0.2544455655257262,0.12308590550961149,0.5494880546075085
fnirs_yiruid_vft_native,fnirs,yiruid,vft,signal,logistic_regression,20260707,289,fixed_0_5,4,0.5,294,110,184,0.5349802371541501,0.4269034739390296,0.5226778656126483,0.5148286104955443,0.5181818181818182,0.5271739130434783,0.5238095238095238,0.28080078811435427,0.2003295500348008,0.4897959183673469
fnirs_yiruid_vft_native,fnirs,yiruid,vft,signal,logistic_regression,20260707,289,inner_cv,4,0.6,294,110,184,0.5349802371541501,0.4269034739390296,0.5305335968379447,0.5297805642633229,0.35454545454545455,0.7065217391304348,0.5748299319727891,0.28080078811435427,0.2003295500348008,0.3163265306122449
fnirs_yiruid_vft_native,fnirs,yiruid,vft,signal,random_forest,20260707,289,fixed_0_5,0,0.5,296,115,181,0.5726639442709585,0.4522152759774461,0.5254624069180879,0.513567678063249,0.2608695652173913,0.7900552486187845,0.5844594594594594,0.23739428952244404,0.05730526612655698,0.22972972972972974
fnirs_yiruid_vft_native,fnirs,yiruid,vft,signal,random_forest,20260707,289,inner_cv,0,0.45,296,115,181,0.5726639442709585,0.4522152759774461,0.5232044198895027,0.5232455343627006,0.4,0.6464088397790055,0.5506756756756757,0.23739428952244404,0.05730526612655698,0.3716216216216216
fnirs_yiruid_vft_native,fnirs,yiruid,vft,signal,random_forest,20260707,289,fixed_0_5,1,0.5,298,113,185,0.5517818703659412,0.432681614585083,0.5425735469983257,0.5328965877577267,0.2743362831858407,0.8108108108108109,0.6073825503355704,0.2372218364506184,0.06647823645722216,0.2214765100671141
fnirs_yiruid_vft_native,fnirs,yiruid,vft,signal,random_forest,20260707,289,inner_cv,1,0.45,298,113,185,0.5517818703659412,0.432681614585083,0.5168141592920354,0.515960451977401,0.4336283185840708,0.6,0.5369127516778524,0.2372218364506184,0.06647823645722216,0.412751677852349
fnirs_yiruid_vft_native,fnirs,yiruid,vft,signal,random_forest,20260707,289,fixed_0_5,2,0.5,299,115,184,0.5995274102079395,0.4912328485738061,0.5559782608695653,0.5500259470679814,0.3130434782608696,0.7989130434782609,0.6120401337792643,0.23425340730128974,0.07105516077932479,0.24414715719063546
fnirs_yiruid_vft_native,fnirs,yiruid,vft,signal,random_forest,20260707,289,inner_cv,2,0.45,299,115,184,0.5995274102079395,0.4912328485738061,0.5603260869565218,0.5551409998168834,0.5391304347826087,0.5815217391304348,0.5652173913043478,0.23425340730128974,0.07105516077932479,0.46488294314381273
fnirs_yiruid_vft_native,fnirs,yiruid,vft,signal,random_forest,20260707,289,fixed_0_5,3,0.5,293,115,178,0.5957498778700537,0.5177369950192028,0.5730581338544212,0.5706959706959707,0.3652173913043478,0.7808988764044944,0.6177474402730375,0.23516994491893636,0.0876593185304054,0.2764505119453925
fnirs_yiruid_vft_native,fnirs,yiruid,vft,signal,random_forest,20260707,289,inner_cv,3,0.45,293,115,178,0.5957498778700537,0.5177369950192028,0.5883243771372741,0.576872952696277,0.6260869565217392,0.550561797752809,0.5802047781569966,0.23516994491893636,0.0876593185304054,0.5187713310580204
fnirs_yiruid_vft_native,fnirs,yiruid,vft,signal,random_forest,20260707,289,fixed_0_5,4,0.5,294,110,184,0.5861166007905139,0.46764520178979424,0.5748517786561265,0.5702228596646073,0.3181818181818182,0.8315217391304348,0.6394557823129252,0.2344879902469387,0.08013495173512446,0.22448979591836735
fnirs_yiruid_vft_native,fnirs,yiruid,vft,signal,random_forest,20260707,289,inner_cv,4,0.5,294,110,184,0.5861166007905139,0.46764520178979424,0.5748517786561265,0.5702228596646073,0.3181818181818182,0.8315217391304348,0.6394557823129252,0.2344879902469387,0.08013495173512446,0.22448979591836735
fnirs_yiruid_vft_native,fnirs,yiruid,vft,signal,hist_gradient_boosting,20260707,289,fixed_0_5,0,0.5,296,115,181,0.5773720874369446,0.4942775942738815,0.5347585875570502,0.5275503122831366,0.5391304347826087,0.5303867403314917,0.5337837837837838,0.2442871157684762,0.10803268958579709,0.4966216216216216
fnirs_yiruid_vft_native,fnirs,yiruid,vft,signal,hist_gradient_boosting,20260707,289,inner_cv,0,0.5,296,115,181,0.5773720874369446,0.4942775942738815,0.5347585875570502,0.5275503122831366,0.5391304347826087,0.5303867403314917,0.5337837837837838,0.2442871157684762,0.10803268958579709,0.4966216216216216
fnirs_yiruid_vft_native,fnirs,yiruid,vft,signal,hist_gradient_boosting,20260707,289,fixed_0_5,1,0.5,298,113,185,0.5724946185123176,0.4336735517588576,0.554675914852906,0.549188752237427,0.5309734513274337,0.5783783783783784,0.5604026845637584,0.2459464164581813,0.1179362783343847,0.46308724832214765
fnirs_yiruid_vft_native,fnirs,yiruid,vft,signal,hist_gradient_boosting,20260707,289,inner_cv,1,0.5,298,113,185,0.5724946185123176,0.4336735517588576,0.554675914852906,0.549188752237427,0.5309734513274337,0.5783783783783784,0.5604026845637584,0.2459464164581813,0.1179362783343847,0.46308724832214765
fnirs_yiruid_vft_native,fnirs,yiruid,vft,signal,hist_gradient_boosting,20260707,289,fixed_0_5,2,0.5,299,115,184,0.6005198487712665,0.49641177253685365,0.557608695652174,0.5557619091837682,0.4956521739130435,0.6195652173913043,0.5719063545150501,0.24403471770788512,0.11452187690969236,0.42474916387959866
fnirs_yiruid_vft_native,fnirs,yiruid,vft,signal,hist_gradient_boosting,20260707,289,inner_cv,2,0.5,299,115,184,0.6005198487712665,0.49641177253685365,0.557608695652174,0.5557619091837682,0.4956521739130435,0.6195652173913043,0.5719063545150501,0.24403471770788512,0.11452187690969236,0.42474916387959866
fnirs_yiruid_vft_native,fnirs,yiruid,vft,signal,hist_gradient_boosting,20260707,289,fixed_0_5,3,0.5,293,115,178,0.5723497801660968,0.4613153162709331,0.5819003419638495,0.5761075799260031,0.5739130434782609,0.5898876404494382,0.5836177474402731,0.2459234229966057,0.10218815390776091,0.47440273037542663
fnirs_yiruid_vft_native,fnirs,yiruid,vft,signal,hist_gradient_boosting,20260707,289,inner_cv,3,0.45,293,115,178,0.5723497801660968,0.4613153162709331,0.5105520273571079,0.44073296430616526,0.7739130434782608,0.24719101123595505,0.4539249146757679,0.2459234229966057,0.10218815390776091,0.7610921501706485
fnirs_yiruid_vft_native,fnirs,yiruid,vft,signal,hist_gradient_boosting,20260707,289,fixed_0_5,4,0.5,294,110,184,0.5496294466403162,0.43139778826987074,0.5172430830039525,0.508800828313253,0.5181818181818182,0.5163043478260869,0.5170068027210885,0.24646213541790873,0.12103267627587987,0.4965986394557823
fnirs_yiruid_vft_native,fnirs,yiruid,vft,signal,hist_gradient_boosting,20260707,289,inner_cv,4,0.5,294,110,184,0.5496294466403162,0.43139778826987074,0.5172430830039525,0.508800828313253,0.5181818181818182,0.5163043478260869,0.5170068027210885,0.24646213541790873,0.12103267627587987,0.4965986394557823
fnirs_yiruid_vft_native,fnirs,yiruid,vft,signal_qc,logistic_regression,20260707,306,fixed_0_5,0,0.5,296,115,181,0.6176795580110498,0.49407163106537405,0.6018736488109536,0.5975243810952738,0.5739130434782609,0.6298342541436464,0.6081081081081081,0.2502119151787643,0.12893567092595853,0.44932432432432434
fnirs_yiruid_vft_native,fnirs,yiruid,vft,signal_qc,logistic_regression,20260707,306,inner_cv,0,0.5,296,115,181,0.6176795580110498,0.49407163106537405,0.6018736488109536,0.5975243810952738,0.5739130434782609,0.6298342541436464,0.6081081081081081,0.2502119151787643,0.12893567092595853,0.44932432432432434
fnirs_yiruid_vft_native,fnirs,yiruid,vft,signal_qc,logistic_regression,20260707,306,fixed_0_5,1,0.5,298,113,185,0.5580961492465917,0.42615749453927526,0.5480507055728294,0.5376049653158087,0.5663716814159292,0.5297297297297298,0.5436241610738255,0.26910673455247897,0.15082765086762268,0.5067114093959731
fnirs_yiruid_vft_native,fnirs,yiruid,vft,signal_qc,logistic_regression,20260707,306,inner_cv,1,0.4,298,113,185,0.5580961492465917,0.42615749453927526,0.5370246352547238,0.49972395921356544,0.6902654867256637,0.3837837837837838,0.5,0.26910673455247897,0.15082765086762268,0.6442953020134228
fnirs_yiruid_vft_native,fnirs,yiruid,vft,signal_qc,logistic_regression,20260707,306,fixed_0_5,2,0.5,299,115,184,0.5877599243856333,0.4914120399760846,0.5733695652173914,0.5707603964064092,0.5217391304347826,0.625,0.5852842809364549,0.25938225345864163,0.14038743677064422,0.431438127090301
fnirs_yiruid_vft_native,fnirs,yiruid,vft,signal_qc,logistic_regression,20260707,306,inner_cv,2,0.45,299,115,184,0.5877599243856333,0.4914120399760846,0.5554347826086956,0.5419482743083717,0.6,0.5108695652173914,0.5451505016722408,0.25938225345864163,0.14038743677064422,0.5317725752508361
fnirs_yiruid_vft_native,fnirs,yiruid,vft,signal_qc,logistic_regression,20260707,306,fixed_0_5,3,0.5,293,115,178,0.5796775769418662,0.4763772782465992,0.5670493404982901,0.56461508963666,0.5217391304347826,0.6123595505617978,0.5767918088737202,0.25398578302170005,0.1266884687537991,0.4402730375426621
fnirs_yiruid_vft_native,fnirs,yiruid,vft,signal_qc,logistic_regression,20260707,306,inner_cv,3,0.45,293,115,178,0.5796775769418662,0.4763772782465992,0.5374938935026868,0.5212418300653594,0.6086956521739131,0.46629213483146065,0.5221843003412969,0.25398578302170005,0.1266884687537991,0.5631399317406144
fnirs_yiruid_vft_native,fnirs,yiruid,vft,signal_qc,logistic_regression,20260707,306,fixed_0_5,4,0.5,294,110,184,0.5478754940711462,0.41897422143679713,0.542588932806324,0.5376477316050323,0.509090909090909,0.5760869565217391,0.5510204081632653,0.2851138216017211,0.19881953148803336,0.4557823129251701
fnirs_yiruid_vft_native,fnirs,yiruid,vft,signal_qc,logistic_regression,20260707,306,inner_cv,4,0.5,294,110,184,0.5478754940711462,0.41897422143679713,0.542588932806324,0.5376477316050323,0.509090909090909,0.5760869565217391,0.5510204081632653,0.2851138216017211,0.19881953148803336,0.4557823129251701
fnirs_yiruid_vft_native,fnirs,yiruid,vft,signal_qc,random_forest,20260707,306,fixed_0_5,0,0.5,296,115,181,0.5897189526783568,0.46462293169816077,0.5424453519096806,0.5319217367997856,0.2782608695652174,0.8066298342541437,0.6013513513513513,0.235060447654749,0.06131520171069277,0.22635135135135134
fnirs_yiruid_vft_native,fnirs,yiruid,vft,signal_qc,random_forest,20260707,306,inner_cv,0,0.45,296,115,181,0.5897189526783568,0.46462293169816077,0.5556329570021619,0.5544229378785545,0.48695652173913045,0.6243093922651933,0.5709459459459459,0.235060447654749,0.06131520171069277,0.4189189189189189
fnirs_yiruid_vft_native,fnirs,yiruid,vft,signal_qc,random_forest,20260707,306,fixed_0_5,1,0.5,298,113,185,0.5601052379813442,0.44351986137665345,0.5541497249461851,0.5541955664354685,0.3893805309734513,0.7189189189189189,0.5939597315436241,0.23937848352523894,0.09441436514747983,0.3221476510067114
fnirs_yiruid_vft_native,fnirs,yiruid,vft,signal_qc,random_forest,20260707,306,inner_cv,1,0.5,298,113,185,0.5601052379813442,0.44351986137665345,0.5541497249461851,0.5541955664354685,0.3893805309734513,0.7189189189189189,0.5939597315436241,0.23937848352523894,0.09441436514747983,0.3221476510067114
fnirs_yiruid_vft_native,fnirs,yiruid,vft,signal_qc,random_forest,20260707,306,fixed_0_5,2,0.5,299,115,184,0.6213137996219282,0.5087460381427871,0.5510869565217391,0.5339788416711494,0.24347826086956523,0.8586956521739131,0.6220735785953178,0.22806333887563898,0.050676667988857636,0.1806020066889632
fnirs_yiruid_vft_native,fnirs,yiruid,vft,signal_qc,random_forest,20260707,306,inner_cv,2,0.4,299,115,184,0.6213137996219282,0.5087460381427871,0.5934782608695652,0.5710955710955711,0.6869565217391305,0.5,0.5719063545150501,0.22806333887563898,0.050676667988857636,0.5719063545150501
fnirs_yiruid_vft_native,fnirs,yiruid,vft,signal_qc,random_forest,20260707,306,fixed_0_5,3,0.5,293,115,178,0.5914020517830972,0.48933293023727,0.5648265754763068,0.5533536585365854,0.28695652173913044,0.8426966292134831,0.6245733788395904,0.23468085845174014,0.0521191606942271,0.20819112627986347
fnirs_yiruid_vft_native,fnirs,yiruid,vft,signal_qc,random_forest,20260707,306,inner_cv,3,0.4,293,115,178,0.5914020517830972,0.48933293023727,0.5717391304347825,0.5551480893207512,0.6434782608695652,0.5,0.5563139931740614,0.23468085845174014,0.0521191606942271,0.5563139931740614
fnirs_yiruid_vft_native,fnirs,yiruid,vft,signal_qc,random_forest,20260707,306,fixed_0_5,4,0.5,294,110,184,0.5920454545454545,0.4788262084665088,0.5529644268774704,0.5363317757009346,0.23636363636363636,0.8695652173913043,0.6326530612244898,0.23069318925407548,0.06125333188932088,0.17006802721088435
fnirs_yiruid_vft_native,fnirs,yiruid,vft,signal_qc,random_forest,20260707,306,inner_cv,4,0.45,294,110,184,0.5920454545454545,0.4788262084665088,0.5769268774703558,0.5771881973716836,0.4636363636363636,0.6902173913043478,0.6054421768707483,0.23069318925407548,0.06125333188932088,0.3673469387755102
fnirs_yiruid_vft_native,fnirs,yiruid,vft,signal_qc,hist_gradient_boosting,20260707,306,fixed_0_5,0,0.5,296,115,181,0.5773720874369446,0.4942775942738815,0.5347585875570502,0.5275503122831366,0.5391304347826087,0.5303867403314917,0.5337837837837838,0.2442871157684762,0.10803268958579709,0.4966216216216216
fnirs_yiruid_vft_native,fnirs,yiruid,vft,signal_qc,hist_gradient_boosting,20260707,306,inner_cv,0,0.5,296,115,181,0.5773720874369446,0.4942775942738815,0.5347585875570502,0.5275503122831366,0.5391304347826087,0.5303867403314917,0.5337837837837838,0.2442871157684762,0.10803268958579709,0.4966216216216216
fnirs_yiruid_vft_native,fnirs,yiruid,vft,signal_qc,hist_gradient_boosting,20260707,306,fixed_0_5,1,0.5,298,113,185,0.5692896436259268,0.4305913520342089,0.5509925855058598,0.5442010235179116,0.5398230088495575,0.5621621621621622,0.5536912751677853,0.24616919103535073,0.11791163296584169,0.47651006711409394
fnirs_yiruid_vft_native,fnirs,yiruid,vft,signal_qc,hist_gradient_boosting,20260707,306,inner_cv,1,0.5,298,113,185,0.5692896436259268,0.4305913520342089,0.5509925855058598,0.5442010235179116,0.5398230088495575,0.5621621621621622,0.5536912751677853,0.24616919103535073,0.11791163296584169,0.47651006711409394
fnirs_yiruid_vft_native,fnirs,yiruid,vft,signal_qc,hist_gradient_boosting,20260707,306,fixed_0_5,2,0.5,299,115,184,0.5896030245746692,0.462238460590238,0.5820652173913043,0.5787370657797486,0.5391304347826087,0.625,0.5919732441471572,0.2446014947535611,0.11053817272946835,0.43812709030100333
fnirs_yiruid_vft_native,fnirs,yiruid,vft,signal_qc,hist_gradient_boosting,20260707,306,inner_cv,2,0.5,299,115,184,0.5896030245746692,0.462238460590238,0.5820652173913043,0.5787370657797486,0.5391304347826087,0.625,0.5919732441471572,0.2446014947535611,0.11053817272946835,0.43812709030100333
fnirs_yiruid_vft_native,fnirs,yiruid,vft,signal_qc,hist_gradient_boosting,20260707,306,fixed_0_5,3,0.5,293,115,178,0.5723497801660968,0.4613153162709331,0.5819003419638495,0.5761075799260031,0.5739130434782609,0.5898876404494382,0.5836177474402731,0.2459234229966057,0.10218815390776091,0.47440273037542663
fnirs_yiruid_vft_native,fnirs,yiruid,vft,signal_qc,hist_gradient_boosting,20260707,306,inner_cv,3,0.45,293,115,178,0.5723497801660968,0.4613153162709331,0.5105520273571079,0.44073296430616526,0.7739130434782608,0.24719101123595505,0.4539249146757679,0.2459234229966057,0.10218815390776091,0.7610921501706485
fnirs_yiruid_vft_native,fnirs,yiruid,vft,signal_qc,hist_gradient_boosting,20260707,306,fixed_0_5,4,0.5,294,110,184,0.5496294466403162,0.43139778826987074,0.5172430830039525,0.508800828313253,0.5181818181818182,0.5163043478260869,0.5170068027210885,0.24646213541790873,0.12103267627587987,0.4965986394557823
fnirs_yiruid_vft_native,fnirs,yiruid,vft,signal_qc,hist_gradient_boosting,20260707,306,inner_cv,4,0.5,294,110,184,0.5496294466403162,0.43139778826987074,0.5172430830039525,0.508800828313253,0.5181818181818182,0.5163043478260869,0.5170068027210885,0.24646213541790873,0.12103267627587987,0.4965986394557823
fnirs_yiruid_vft_native,fnirs,yiruid,vft,signal_demographics,logistic_regression,20260707,293,fixed_0_5,0,0.5,296,115,181,0.6107134278164784,0.49080435271641853,0.589646889262551,0.5832198754872868,0.5826086956521739,0.5966850828729282,0.5912162162162162,0.2510545741832415,0.13021855310170619,0.47297297297297297
fnirs_yiruid_vft_native,fnirs,yiruid,vft,signal_demographics,logistic_regression,20260707,293,inner_cv,0,0.55,296,115,181,0.6107134278164784,0.49080435271641853,0.6002402113860197,0.6005398110661269,0.5043478260869565,0.6961325966850829,0.6216216216216216,0.2510545741832415,0.13021855310170619,0.38175675675675674
fnirs_yiruid_vft_native,fnirs,yiruid,vft,signal_demographics,logistic_regression,20260707,293,fixed_0_5,1,0.5,298,113,185,0.5825878976321455,0.45145169820381675,0.5598421430279837,0.5519208475373897,0.5575221238938053,0.5621621621621622,0.5604026845637584,0.27196127743829424,0.17325916103256966,0.48322147651006714
fnirs_yiruid_vft_native,fnirs,yiruid,vft,signal_demographics,logistic_regression,20260707,293,inner_cv,1,0.55,298,113,185,0.5825878976321455,0.45145169820381675,0.5738340110021526,0.5720809792843691,0.504424778761062,0.6432432432432432,0.5906040268456376,0.27196127743829424,0.17325916103256966,0.412751677852349
fnirs_yiruid_vft_native,fnirs,yiruid,vft,signal_demographics,logistic_regression,20260707,293,fixed_0_5,2,0.5,299,115,184,0.583601134215501,0.504732034778353,0.55,0.54185347029113,0.5565217391304348,0.5434782608695652,0.5484949832775919,0.2564737507156869,0.1648969978594532,0.49498327759197325
fnirs_yiruid_vft_native,fnirs,yiruid,vft,signal_demographics,logistic_regression,20260707,293,inner_cv,2,0.3,299,115,184,0.583601134215501,0.504732034778353,0.5163043478260869,0.44278282741668096,0.782608695652174,0.25,0.45484949832775917,0.2564737507156869,0.1648969978594532,0.7625418060200669
fnirs_yiruid_vft_native,fnirs,yiruid,vft,signal_demographics,logistic_regression,20260707,293,fixed_0_5,3,0.5,293,115,178,0.5990229604298974,0.48039759404416243,0.5795554469956034,0.5784580416621329,0.5130434782608696,0.6460674157303371,0.5938566552901023,0.24911597731512586,0.11532167002592006,0.41638225255972694
fnirs_yiruid_vft_native,fnirs,yiruid,vft,signal_demographics,logistic_regression,20260707,293,inner_cv,3,0.45,293,115,178,0.5990229604298974,0.48039759404416243,0.5829750854909623,0.5681499157776531,0.6434782608695652,0.5224719101123596,0.5699658703071673,0.24911597731512586,0.11532167002592006,0.5426621160409556
fnirs_yiruid_vft_native,fnirs,yiruid,vft,signal_demographics,logistic_regression,20260707,293,fixed_0_5,4,0.5,294,110,184,0.5442193675889329,0.42213651458447593,0.5172430830039525,0.508800828313253,0.5181818181818182,0.5163043478260869,0.5170068027210885,0.2810217519723874,0.20621145914138092,0.4965986394557823
fnirs_yiruid_vft_native,fnirs,yiruid,vft,signal_demographics,logistic_regression,20260707,293,inner_cv,4,0.5,294,110,184,0.5442193675889329,0.42213651458447593,0.5172430830039525,0.508800828313253,0.5181818181818182,0.5163043478260869,0.5170068027210885,0.2810217519723874,0.20621145914138092,0.4965986394557823
fnirs_yiruid_vft_native,fnirs,yiruid,vft,signal_demographics,random_forest,20260707,293,fixed_0_5,0,0.5,296,115,181,0.6042757626711506,0.48102614496290075,0.5455680999279366,0.5262803234501348,0.23478260869565218,0.856353591160221,0.6148648648648649,0.23330395628365988,0.056050361676683376,0.17905405405405406
fnirs_yiruid_vft_native,fnirs,yiruid,vft,signal_demographics,random_forest,20260707,293,inner_cv,0,0.45,296,115,181,0.6042757626711506,0.48102614496290075,0.5876050924813836,0.5876050924813836,0.4956521739130435,0.6795580110497238,0.6081081081081081,0.23330395628365988,0.056050361676683376,0.3885135135135135
fnirs_yiruid_vft_native,fnirs,yiruid,vft,signal_demographics,random_forest,20260707,293,fixed_0_5,1,0.5,298,113,185,0.5591485290600335,0.4567247225041845,0.5718488399904329,0.572610598315743,0.4247787610619469,0.7189189189189189,0.6073825503355704,0.23931716827516092,0.08081904557045859,0.33557046979865773
fnirs_yiruid_vft_native,fnirs,yiruid,vft,signal_demographics,random_forest,20260707,293,inner_cv,1,0.5,298,113,185,0.5591485290600335,0.4567247225041845,0.5718488399904329,0.572610598315743,0.4247787610619469,0.7189189189189189,0.6073825503355704,0.23931716827516092,0.08081904557045859,0.33557046979865773
fnirs_yiruid_vft_native,fnirs,yiruid,vft,signal_demographics,random_forest,20260707,293,fixed_0_5,2,0.5,299,115,184,0.6139886578449906,0.5085714579689931,0.5603260869565218,0.5551803987011812,0.3217391304347826,0.7989130434782609,0.6153846153846154,0.23233715232624236,0.07413118996038755,0.24749163879598662
fnirs_yiruid_vft_native,fnirs,yiruid,vft,signal_demographics,random_forest,20260707,293,inner_cv,2,0.5,299,115,184,0.6139886578449906,0.5085714579689931,0.5603260869565218,0.5551803987011812,0.3217391304347826,0.7989130434782609,0.6153846153846154,0.23233715232624236,0.07413118996038755,0.24749163879598662
fnirs_yiruid_vft_native,fnirs,yiruid,vft,signal_demographics,random_forest,20260707,293,fixed_0_5,3,0.5,293,115,178,0.6073277967757694,0.5001625681555464,0.5907181240840254,0.5911017220408424,0.41739130434782606,0.7640449438202247,0.6279863481228669,0.23489866590915226,0.06447435265332872,0.30716723549488056
fnirs_yiruid_vft_native,fnirs,yiruid,vft,signal_demographics,random_forest,20260707,293,inner_cv,3,0.45,293,115,178,0.6073277967757694,0.5001625681555464,0.5873229115779189,0.5717626425021923,0.6521739130434783,0.5224719101123596,0.5733788395904437,0.23489866590915226,0.06447435265332872,0.5460750853242321
fnirs_yiruid_vft_native,fnirs,yiruid,vft,signal_demographics,random_forest,20260707,293,fixed_0_5,4,0.5,294,110,184,0.5821146245059289,0.4523710915718575,0.5647727272727272,0.5509622238061297,0.2545454545454545,0.875,0.6428571428571429,0.23261739506928258,0.06557558332771657,0.17346938775510204
fnirs_yiruid_vft_native,fnirs,yiruid,vft,signal_demographics,random_forest,20260707,293,inner_cv,4,0.45,294,110,184,0.5821146245059289,0.4523710915718575,0.5814723320158103,0.5816163641088465,0.4727272727272727,0.6902173913043478,0.608843537414966,0.23261739506928258,0.06557558332771657,0.3707482993197279
fnirs_yiruid_vft_native,fnirs,yiruid,vft,signal_demographics,hist_gradient_boosting,20260707,293,fixed_0_5,0,0.5,296,115,181,0.585563295700216,0.4841221031404207,0.5489791016094163,0.5412445061300024,0.5565217391304348,0.5414364640883977,0.5472972972972973,0.24438596150461386,0.10780599693702608,0.4966216216216216
fnirs_yiruid_vft_native,fnirs,yiruid,vft,signal_demographics,hist_gradient_boosting,20260707,293,inner_cv,0,0.5,296,115,181,0.585563295700216,0.4841221031404207,0.5489791016094163,0.5412445061300024,0.5565217391304348,0.5414364640883977,0.5472972972972973,0.24438596150461386,0.10780599693702608,0.4966216216216216
fnirs_yiruid_vft_native,fnirs,yiruid,vft,signal_demographics,hist_gradient_boosting,20260707,293,fixed_0_5,1,0.5,298,113,185,0.5763932073666587,0.43281838406867557,0.5581200669696245,0.5510551434650106,0.5486725663716814,0.5675675675675675,0.5604026845637584,0.24572122250563336,0.11758496468240531,0.47651006711409394
fnirs_yiruid_vft_native,fnirs,yiruid,vft,signal_demographics,hist_gradient_boosting,20260707,293,inner_cv,1,0.5,298,113,185,0.5763932073666587,0.43281838406867557,0.5581200669696245,0.5510551434650106,0.5486725663716814,0.5675675675675675,0.5604026845637584,0.24572122250563336,0.11758496468240531,0.47651006711409394
fnirs_yiruid_vft_native,fnirs,yiruid,vft,signal_demographics,hist_gradient_boosting,20260707,293,fixed_0_5,2,0.5,299,115,184,0.5991020793950851,0.4843295306977201,0.583695652173913,0.5797465437788019,0.5478260869565217,0.6195652173913043,0.5919732441471572,0.2447519561847019,0.11590672353444594,0.44481605351170567
fnirs_yiruid_vft_native,fnirs,yiruid,vft,signal_demographics,hist_gradient_boosting,20260707,293,inner_cv,2,0.55,299,115,184,0.5991020793950851,0.4843295306977201,0.5157608695652174,0.43974358974358974,0.06956521739130435,0.9619565217391305,0.6187290969899666,0.2447519561847019,0.11590672353444594,0.05016722408026756
fnirs_yiruid_vft_native,fnirs,yiruid,vft,signal_demographics,hist_gradient_boosting,20260707,293,fixed_0_5,3,0.5,293,115,178,0.5723497801660968,0.4613153162709331,0.5819003419638495,0.5761075799260031,0.5739130434782609,0.5898876404494382,0.5836177474402731,0.2459234229966057,0.10218815390776091,0.47440273037542663
fnirs_yiruid_vft_native,fnirs,yiruid,vft,signal_demographics,hist_gradient_boosting,20260707,293,inner_cv,3,0.5,293,115,178,0.5723497801660968,0.4613153162709331,0.5819003419638495,0.5761075799260031,0.5739130434782609,0.5898876404494382,0.5836177474402731,0.2459234229966057,0.10218815390776091,0.47440273037542663
fnirs_yiruid_vft_native,fnirs,yiruid,vft,signal_demographics,hist_gradient_boosting,20260707,293,fixed_0_5,4,0.5,294,110,184,0.5483201581027668,0.4134019603086369,0.5227272727272727,0.5112162225448414,0.5454545454545454,0.5,0.5170068027210885,0.24648925823136555,0.11999706982791747,0.5170068027210885
fnirs_yiruid_vft_native,fnirs,yiruid,vft,signal_demographics,hist_gradient_boosting,20260707,293,inner_cv,4,0.5,294,110,184,0.5483201581027668,0.4134019603086369,0.5227272727272727,0.5112162225448414,0.5454545454545454,0.5,0.5170068027210885,0.24648925823136555,0.11999706982791747,0.5170068027210885
fnirs_yiruid_vft_native,fnirs,yiruid,vft,signal_qc_demographics,logistic_regression,20260707,310,fixed_0_5,0,0.5,296,115,181,0.6144126831611819,0.4915984637746267,0.5995195772279607,0.5931603224153195,0.591304347826087,0.6077348066298343,0.6013513513513513,0.24979446557416182,0.14100332540354824,0.46959459459459457
fnirs_yiruid_vft_native,fnirs,yiruid,vft,signal_qc_demographics,logistic_regression,20260707,310,inner_cv,0,0.5,296,115,181,0.6144126831611819,0.4915984637746267,0.5995195772279607,0.5931603224153195,0.591304347826087,0.6077348066298343,0.6013513513513513,0.24979446557416182,0.14100332540354824,0.46959459459459457
fnirs_yiruid_vft_native,fnirs,yiruid,vft,signal_qc_demographics,logistic_regression,20260707,310,fixed_0_5,1,0.5,298,113,185,0.5869887586701746,0.451986739210975,0.5713944032528103,0.5625888720700885,0.5752212389380531,0.5675675675675675,0.5704697986577181,0.273374335796407,0.16170153098661122,0.4865771812080537
fnirs_yiruid_vft_native,fnirs,yiruid,vft,signal_qc_demographics,logistic_regression,20260707,310,inner_cv,1,0.55,298,113,185,0.5869887586701746,0.451986739210975,0.5718727577134657,0.5686604099547089,0.5221238938053098,0.6216216216216216,0.5838926174496645,0.273374335796407,0.16170153098661122,0.43288590604026844
fnirs_yiruid_vft_native,fnirs,yiruid,vft,signal_qc_demographics,logistic_regression,20260707,310,fixed_0_5,2,0.5,299,115,184,0.5801039697542533,0.49910047159159165,0.5282608695652173,0.5227998176014592,0.5130434782608696,0.5434782608695652,0.5317725752508361,0.25714122833880126,0.1546434847779902,0.4782608695652174
fnirs_yiruid_vft_native,fnirs,yiruid,vft,signal_qc_demographics,logistic_regression,20260707,310,inner_cv,2,0.4,299,115,184,0.5801039697542533,0.49910047159159165,0.5347826086956522,0.5014714933139373,0.6782608695652174,0.391304347826087,0.5016722408026756,0.25714122833880126,0.1546434847779902,0.6354515050167224
fnirs_yiruid_vft_native,fnirs,yiruid,vft,signal_qc_demographics,logistic_regression,20260707,310,fixed_0_5,3,0.5,293,115,178,0.5955056179775281,0.48586276247866467,0.566780654616512,0.5654443948729697,0.5043478260869565,0.6292134831460674,0.5802047781569966,0.2494048743244064,0.1198020561384539,0.4232081911262799
fnirs_yiruid_vft_native,fnirs,yiruid,vft,signal_qc_demographics,logistic_regression,20260707,310,inner_cv,3,0.45,293,115,178,0.5955056179775281,0.48586276247866467,0.555886663409868,0.5411173445535297,0.6173913043478261,0.4943820224719101,0.5426621160409556,0.2494048743244064,0.1198020561384539,0.5494880546075085
fnirs_yiruid_vft_native,fnirs,yiruid,vft,signal_qc_demographics,logistic_regression,20260707,310,fixed_0_5,4,0.5,294,110,184,0.546788537549407,0.42118626628215344,0.5163043478260869,0.5099246929197158,0.5,0.532608695652174,0.5204081632653061,0.2813070576410935,0.1882338727819967,0.47959183673469385
fnirs_yiruid_vft_native,fnirs,yiruid,vft,signal_qc_demographics,logistic_regression,20260707,310,inner_cv,4,0.6,294,110,184,0.546788537549407,0.42118626628215344,0.5487154150197628,0.5489368176803986,0.39090909090909093,0.7065217391304348,0.5884353741496599,0.2813070576410935,0.1882338727819967,0.3299319727891156
fnirs_yiruid_vft_native,fnirs,yiruid,vft,signal_qc_demographics,random_forest,20260707,310,fixed_0_5,0,0.5,296,115,181,0.5873648810953639,0.476343081128346,0.534926735527264,0.5204683139337009,0.25217391304347825,0.8176795580110497,0.597972972972973,0.233944094061699,0.03580791062041966,0.20945945945945946
fnirs_yiruid_vft_native,fnirs,yiruid,vft,signal_qc_demographics,random_forest,20260707,310,inner_cv,0,0.45,296,115,181,0.5873648810953639,0.476343081128346,0.5749699735767475,0.574712643678161,0.48695652173913045,0.6629834254143646,0.5945945945945946,0.233944094061699,0.03580791062041966,0.3952702702702703
fnirs_yiruid_vft_native,fnirs,yiruid,vft,signal_qc_demographics,random_forest,20260707,310,fixed_0_5,1,0.5,298,113,185,0.566180339631667,0.4387740845333674,0.5184883999043292,0.506517094017094,0.24778761061946902,0.7891891891891892,0.5838926174496645,0.23612213838139212,0.05616065531655542,0.22483221476510068
fnirs_yiruid_vft_native,fnirs,yiruid,vft,signal_qc_demographics,random_forest,20260707,310,inner_cv,1,0.45,298,113,185,0.566180339631667,0.4387740845333674,0.5411384836163597,0.5410622828695247,0.4336283185840708,0.6486486486486487,0.5671140939597316,0.23612213838139212,0.05616065531655542,0.3825503355704698
fnirs_yiruid_vft_native,fnirs,yiruid,vft,signal_qc_demographics,random_forest,20260707,310,fixed_0_5,2,0.5,299,115,184,0.60382797731569,0.48731138532262885,0.5782608695652174,0.5734441463255022,0.33043478260869563,0.8260869565217391,0.6354515050167224,0.2336878737750038,0.08349057972343821,0.23411371237458195
fnirs_yiruid_vft_native,fnirs,yiruid,vft,signal_qc_demographics,random_forest,20260707,310,inner_cv,2,0.5,299,115,184,0.60382797731569,0.48731138532262885,0.5782608695652174,0.5734441463255022,0.33043478260869563,0.8260869565217391,0.6354515050167224,0.2336878737750038,0.08349057972343821,0.23411371237458195
fnirs_yiruid_vft_native,fnirs,yiruid,vft,signal_qc_demographics,random_forest,20260707,310,fixed_0_5,3,0.5,293,115,178,0.5907181240840254,0.5040054749846355,0.5719833903273083,0.5614745011086475,0.2956521739130435,0.848314606741573,0.6313993174061433,0.23431715349703044,0.05641854077657308,0.20819112627986347
fnirs_yiruid_vft_native,fnirs,yiruid,vft,signal_qc_demographics,random_forest,20260707,310,inner_cv,3,0.4,293,115,178,0.5907181240840254,0.5040054749846355,0.5423790913531998,0.518748907915429,0.6521739130434783,0.43258426966292135,0.5187713310580204,0.23431715349703044,0.05641854077657308,0.6006825938566553
fnirs_yiruid_vft_native,fnirs,yiruid,vft,signal_qc_demographics,random_forest,20260707,310,fixed_0_5,4,0.5,294,110,184,0.5731225296442688,0.43522020663358274,0.5384387351778657,0.519158878504673,0.21818181818181817,0.8586956521739131,0.6190476190476191,0.2345522301860567,0.045113014893248836,0.17006802721088435
fnirs_yiruid_vft_native,fnirs,yiruid,vft,signal_qc_demographics,random_forest,20260707,310,inner_cv,4,0.45,294,110,184,0.5731225296442688,0.43522020663358274,0.5723814229249011,0.5727328058429701,0.45454545454545453,0.6902173913043478,0.6020408163265306,0.2345522301860567,0.045113014893248836,0.36394557823129253
fnirs_yiruid_vft_native,fnirs,yiruid,vft,signal_qc_demographics,hist_gradient_boosting,20260707,310,fixed_0_5,0,0.5,296,115,181,0.585563295700216,0.4841221031404207,0.5489791016094163,0.5412445061300024,0.5565217391304348,0.5414364640883977,0.5472972972972973,0.24438596150461386,0.10780599693702608,0.4966216216216216
fnirs_yiruid_vft_native,fnirs,yiruid,vft,signal_qc_demographics,hist_gradient_boosting,20260707,310,inner_cv,0,0.5,296,115,181,0.585563295700216,0.4841221031404207,0.5489791016094163,0.5412445061300024,0.5565217391304348,0.5414364640883977,0.5472972972972973,0.24438596150461386,0.10780599693702608,0.4966216216216216
fnirs_yiruid_vft_native,fnirs,yiruid,vft,signal_qc_demographics,hist_gradient_boosting,20260707,310,fixed_0_5,1,0.5,298,113,185,0.579646017699115,0.4324696719380611,0.5404209519253766,0.5354235232981119,0.5132743362831859,0.5675675675675675,0.5469798657718121,0.2458684949369654,0.11855786851774434,0.46308724832214765
fnirs_yiruid_vft_native,fnirs,yiruid,vft,signal_qc_demographics,hist_gradient_boosting,20260707,310,inner_cv,1,0.5,298,113,185,0.579646017699115,0.4324696719380611,0.5404209519253766,0.5354235232981119,0.5132743362831859,0.5675675675675675,0.5469798657718121,0.2458684949369654,0.11855786851774434,0.46308724832214765
fnirs_yiruid_vft_native,fnirs,yiruid,vft,signal_qc_demographics,hist_gradient_boosting,20260707,310,fixed_0_5,2,0.5,299,115,184,0.5991020793950851,0.4843295306977201,0.583695652173913,0.5797465437788019,0.5478260869565217,0.6195652173913043,0.5919732441471572,0.2447519561847019,0.11590672353444594,0.44481605351170567
fnirs_yiruid_vft_native,fnirs,yiruid,vft,signal_qc_demographics,hist_gradient_boosting,20260707,310,inner_cv,2,0.55,299,115,184,0.5991020793950851,0.4843295306977201,0.5157608695652174,0.43974358974358974,0.06956521739130435,0.9619565217391305,0.6187290969899666,0.2447519561847019,0.11590672353444594,0.05016722408026756
fnirs_yiruid_vft_native,fnirs,yiruid,vft,signal_qc_demographics,hist_gradient_boosting,20260707,310,fixed_0_5,3,0.5,293,115,178,0.5723497801660968,0.4613153162709331,0.5819003419638495,0.5761075799260031,0.5739130434782609,0.5898876404494382,0.5836177474402731,0.2459234229966057,0.10218815390776091,0.47440273037542663
fnirs_yiruid_vft_native,fnirs,yiruid,vft,signal_qc_demographics,hist_gradient_boosting,20260707,310,inner_cv,3,0.5,293,115,178,0.5723497801660968,0.4613153162709331,0.5819003419638495,0.5761075799260031,0.5739130434782609,0.5898876404494382,0.5836177474402731,0.2459234229966057,0.10218815390776091,0.47440273037542663
fnirs_yiruid_vft_native,fnirs,yiruid,vft,signal_qc_demographics,hist_gradient_boosting,20260707,310,fixed_0_5,4,0.5,294,110,184,0.5483201581027668,0.4134019603086369,0.5227272727272727,0.5112162225448414,0.5454545454545454,0.5,0.5170068027210885,0.24648925823136555,0.11999706982791747,0.5170068027210885
fnirs_yiruid_vft_native,fnirs,yiruid,vft,signal_qc_demographics,hist_gradient_boosting,20260707,310,inner_cv,4,0.5,294,110,184,0.5483201581027668,0.4134019603086369,0.5227272727272727,0.5112162225448414,0.5454545454545454,0.5,0.5170068027210885,0.24648925823136555,0.11999706982791747,0.5170068027210885
fnirs_yiruid_1back_native,fnirs,yiruid,1back,no_information,no_information_prior,20260707,0,fixed_0_5,0,0.5,287,113,174,0.5,0.39372822299651566,0.5,0.3774403470715835,0.0,1.0,0.6062717770034843,0.2387430696817455,0.006063024758630187,0.0
fnirs_yiruid_1back_native,fnirs,yiruid,1back,no_information,no_information_prior,20260707,0,inner_cv,0,0.5,287,113,174,0.5,0.39372822299651566,0.5,0.3774403470715835,0.0,1.0,0.6062717770034843,0.2387430696817455,0.006063024758630187,0.0
fnirs_yiruid_1back_native,fnirs,yiruid,1back,no_information,no_information_prior,20260707,0,fixed_0_5,1,0.5,287,110,177,0.5,0.3832752613240418,0.5,0.38146551724137934,0.0,1.0,0.6167247386759582,0.23642479999929675,0.007033108720011061,0.0
fnirs_yiruid_1back_native,fnirs,yiruid,1back,no_information,no_information_prior,20260707,0,inner_cv,1,0.5,287,110,177,0.5,0.3832752613240418,0.5,0.38146551724137934,0.0,1.0,0.6167247386759582,0.23642479999929675,0.007033108720011061,0.0
fnirs_yiruid_1back_native,fnirs,yiruid,1back,no_information,no_information_prior,20260707,0,fixed_0_5,2,0.5,287,113,174,0.5,0.39372822299651566,0.5,0.3774403470715835,0.0,1.0,0.6062717770034843,0.2387430696817455,0.006063024758630187,0.0
fnirs_yiruid_1back_native,fnirs,yiruid,1back,no_information,no_information_prior,20260707,0,inner_cv,2,0.5,287,113,174,0.5,0.39372822299651566,0.5,0.3774403470715835,0.0,1.0,0.6062717770034843,0.2387430696817455,0.006063024758630187,0.0
fnirs_yiruid_1back_native,fnirs,yiruid,1back,no_information,no_information_prior,20260707,0,fixed_0_5,3,0.5,277,108,169,0.5,0.3898916967509025,0.5,0.3789237668161435,0.0,1.0,0.6101083032490975,0.23787771259803953,0.0012454085412955673,0.0
fnirs_yiruid_1back_native,fnirs,yiruid,1back,no_information,no_information_prior,20260707,0,inner_cv,3,0.5,277,108,169,0.5,0.3898916967509025,0.5,0.3789237668161435,0.0,1.0,0.6101083032490975,0.23787771259803953,0.0012454085412955673,0.0
fnirs_yiruid_1back_native,fnirs,yiruid,1back,no_information,no_information_prior,20260707,0,fixed_0_5,4,0.5,284,109,175,0.5,0.38380281690140844,0.5,0.38126361655773416,0.0,1.0,0.6161971830985915,0.2365386051813303,0.006355355330577517,0.0
fnirs_yiruid_1back_native,fnirs,yiruid,1back,no_information,no_information_prior,20260707,0,inner_cv,4,0.5,284,109,175,0.5,0.38380281690140844,0.5,0.38126361655773416,0.0,1.0,0.6161971830985915,0.2365386051813303,0.006355355330577517,0.0
fnirs_yiruid_1back_native,fnirs,yiruid,1back,demographics,logistic_regression,20260707,4,fixed_0_5,0,0.5,287,113,174,0.6035245651510528,0.45185329416983355,0.581400671345743,0.5688954020882946,0.6283185840707964,0.5344827586206896,0.5714285714285714,0.2406489781171528,0.10529862431634227,0.5296167247386759
fnirs_yiruid_1back_native,fnirs,yiruid,1back,demographics,logistic_regression,20260707,4,inner_cv,0,0.5,287,113,174,0.6035245651510528,0.45185329416983355,0.581400671345743,0.5688954020882946,0.6283185840707964,0.5344827586206896,0.5714285714285714,0.2406489781171528,0.10529862431634227,0.5296167247386759
fnirs_yiruid_1back_native,fnirs,yiruid,1back,demographics,logistic_regression,20260707,4,fixed_0_5,1,0.5,287,110,177,0.5763995891114535,0.43545029201316904,0.5711864406779661,0.5596484552406438,0.6,0.5423728813559322,0.5644599303135889,0.24292833184960141,0.1085152186367399,0.5121951219512195
fnirs_yiruid_1back_native,fnirs,yiruid,1back,demographics,logistic_regression,20260707,4,inner_cv,1,0.45,287,110,177,0.5763995891114535,0.43545029201316904,0.5604006163328197,0.5046454408578458,0.7818181818181819,0.3389830508474576,0.5087108013937283,0.24292833184960141,0.1085152186367399,0.7073170731707317
fnirs_yiruid_1back_native,fnirs,yiruid,1back,demographics,logistic_regression,20260707,4,fixed_0_5,2,0.5,287,113,174,0.5553605940392635,0.4235783683995835,0.5371528837351236,0.5307517364312495,0.5398230088495575,0.5344827586206896,0.5365853658536586,0.2451661091789803,0.09981343069082751,0.49477351916376305
fnirs_yiruid_1back_native,fnirs,yiruid,1back,demographics,logistic_regression,20260707,4,inner_cv,2,0.5,287,113,174,0.5553605940392635,0.4235783683995835,0.5371528837351236,0.5307517364312495,0.5398230088495575,0.5344827586206896,0.5365853658536586,0.2451661091789803,0.09981343069082751,0.49477351916376305
fnirs_yiruid_1back_native,fnirs,yiruid,1back,demographics,logistic_regression,20260707,4,fixed_0_5,3,0.5,277,108,169,0.6016874863028709,0.4799214371831201,0.5920173131711594,0.5758261893855114,0.6574074074074074,0.5266272189349113,0.5776173285198556,0.24071757797492077,0.10501036166301783,0.5451263537906137
fnirs_yiruid_1back_native,fnirs,yiruid,1back,demographics,logistic_regression,20260707,4,inner_cv,3,0.5,277,108,169,0.6016874863028709,0.4799214371831201,0.5920173131711594,0.5758261893855114,0.6574074074074074,0.5266272189349113,0.5776173285198556,0.24071757797492077,0.10501036166301783,0.5451263537906137
fnirs_yiruid_1back_native,fnirs,yiruid,1back,demographics,logistic_regression,20260707,4,fixed_0_5,4,0.5,284,109,175,0.6006815203145478,0.4452623771864328,0.5805766710353866,0.5589349832892269,0.6697247706422018,0.49142857142857144,0.5598591549295775,0.24280567433573141,0.11943014399328118,0.5704225352112676
fnirs_yiruid_1back_native,fnirs,yiruid,1back,demographics,logistic_regression,20260707,4,inner_cv,4,0.5,284,109,175,0.6006815203145478,0.4452623771864328,0.5805766710353866,0.5589349832892269,0.6697247706422018,0.49142857142857144,0.5598591549295775,0.24280567433573141,0.11943014399328118,0.5704225352112676
fnirs_yiruid_1back_native,fnirs,yiruid,1back,demographics,random_forest,20260707,4,fixed_0_5,0,0.5,287,113,174,0.6000406876207913,0.4572653715870535,0.5785779676533415,0.5427546366676801,0.7433628318584071,0.41379310344827586,0.5435540069686411,0.24244467801807812,0.10321340375294258,0.6480836236933798
fnirs_yiruid_1back_native,fnirs,yiruid,1back,demographics,random_forest,20260707,4,inner_cv,0,0.45,287,113,174,0.6000406876207913,0.4572653715870535,0.5737463126843658,0.515853373228424,0.8141592920353983,0.3333333333333333,0.5226480836236934,0.24244467801807812,0.10321340375294258,0.7247386759581882
fnirs_yiruid_1back_native,fnirs,yiruid,1back,demographics,random_forest,20260707,4,fixed_0_5,1,0.5,287,110,177,0.5921160760143811,0.45137716968175357,0.5600154083204931,0.5391240875912409,0.6454545454545455,0.4745762711864407,0.5400696864111498,0.24023881742477107,0.10631963991969828,0.5714285714285714
fnirs_yiruid_1back_native,fnirs,yiruid,1back,demographics,random_forest,20260707,4,inner_cv,1,0.45,287,110,177,0.5921160760143811,0.45137716968175357,0.5537750385208012,0.4754764835328783,0.8363636363636363,0.2711864406779661,0.4878048780487805,0.24023881742477107,0.10631963991969828,0.7700348432055749
fnirs_yiruid_1back_native,fnirs,yiruid,1back,demographics,random_forest,20260707,4,fixed_0_5,2,0.5,287,113,174,0.5517241379310345,0.4329905707733477,0.526523242803377,0.5233739837398373,0.49557522123893805,0.5574712643678161,0.5331010452961672,0.24726302830599498,0.0966069466773291,0.4634146341463415
fnirs_yiruid_1back_native,fnirs,yiruid,1back,demographics,random_forest,20260707,4,inner_cv,2,0.45,287,113,174,0.5517241379310345,0.4329905707733477,0.5531736344217272,0.4993858097484276,0.7787610619469026,0.3275862068965517,0.5052264808362369,0.24726302830599498,0.0966069466773291,0.7142857142857143
fnirs_yiruid_1back_native,fnirs,yiruid,1back,demographics,random_forest,20260707,4,fixed_0_5,3,0.5,277,108,169,0.5811691869384177,0.4394815900244151,0.5539666885820732,0.5537625600698995,0.46296296296296297,0.6449704142011834,0.5740072202166066,0.24713064321998499,0.1098301470254268,0.3971119133574007
fnirs_yiruid_1back_native,fnirs,yiruid,1back,demographics,random_forest,20260707,4,inner_cv,3,0.35,277,108,169,0.5811691869384177,0.4394815900244151,0.5298597413982029,0.4261233449955409,0.8703703703703703,0.1893491124260355,0.4548736462093863,0.24713064321998499,0.1098301470254268,0.8339350180505415
fnirs_yiruid_1back_native,fnirs,yiruid,1back,demographics,random_forest,20260707,4,fixed_0_5,4,0.5,284,109,175,0.6041939711664482,0.45553510070186437,0.5743381389252948,0.5457239574937691,0.6972477064220184,0.4514285714285714,0.545774647887324,0.24086119589514934,0.11547604090948439,0.6056338028169014
fnirs_yiruid_1back_native,fnirs,yiruid,1back,demographics,random_forest,20260707,4,inner_cv,4,0.5,284,109,175,0.6041939711664482,0.45553510070186437,0.5743381389252948,0.5457239574937691,0.6972477064220184,0.4514285714285714,0.545774647887324,0.24086119589514934,0.11547604090948439,0.6056338028169014
fnirs_yiruid_1back_native,fnirs,yiruid,1back,demographics,hist_gradient_boosting,20260707,4,fixed_0_5,0,0.5,287,113,174,0.5864866239446649,0.44178436676880106,0.5798494558030719,0.5684104996760114,0.6194690265486725,0.5402298850574713,0.5714285714285714,0.24459040639239024,0.10543488045659988,0.5226480836236934
fnirs_yiruid_1back_native,fnirs,yiruid,1back,demographics,hist_gradient_boosting,20260707,4,inner_cv,0,0.5,287,113,174,0.5864866239446649,0.44178436676880106,0.5798494558030719,0.5684104996760114,0.6194690265486725,0.5402298850574713,0.5714285714285714,0.24459040639239024,0.10543488045659988,0.5226480836236934
fnirs_yiruid_1back_native,fnirs,yiruid,1back,demographics,hist_gradient_boosting,20260707,4,fixed_0_5,1,0.5,287,110,177,0.5859527478171547,0.43570339050325224,0.5673857216230098,0.5461070559610706,0.6545454545454545,0.480225988700565,0.5470383275261324,0.24318194984442135,0.11160300538238523,0.5714285714285714
fnirs_yiruid_1back_native,fnirs,yiruid,1back,demographics,hist_gradient_boosting,20260707,4,inner_cv,1,0.5,287,110,177,0.5859527478171547,0.43570339050325224,0.5673857216230098,0.5461070559610706,0.6545454545454545,0.480225988700565,0.5470383275261324,0.24318194984442135,0.11160300538238523,0.5714285714285714
fnirs_yiruid_1back_native,fnirs,yiruid,1back,demographics,hist_gradient_boosting,20260707,4,fixed_0_5,2,0.5,287,113,174,0.5562252059810803,0.4235525744134694,0.5508849557522124,0.5380450687737781,0.6017699115044248,0.5,0.5400696864111498,0.24557821711837885,0.10251782752824411,0.5400696864111498
fnirs_yiruid_1back_native,fnirs,yiruid,1back,demographics,hist_gradient_boosting,20260707,4,inner_cv,2,0.5,287,113,174,0.5562252059810803,0.4235525744134694,0.5508849557522124,0.5380450687737781,0.6017699115044248,0.5,0.5400696864111498,0.24557821711837885,0.10251782752824411,0.5400696864111498
fnirs_yiruid_1back_native,fnirs,yiruid,1back,demographics,hist_gradient_boosting,20260707,4,fixed_0_5,3,0.5,277,108,169,0.6044543063773833,0.4569790669104754,0.5830046022353714,0.5522940563086548,0.7222222222222222,0.4437869822485207,0.5523465703971119,0.24406951864312643,0.10687897228408927,0.6209386281588448
fnirs_yiruid_1back_native,fnirs,yiruid,1back,demographics,hist_gradient_boosting,20260707,4,inner_cv,3,0.5,277,108,169,0.6044543063773833,0.4569790669104754,0.5830046022353714,0.5522940563086548,0.7222222222222222,0.4437869822485207,0.5523465703971119,0.24406951864312643,0.10687897228408927,0.6209386281588448
fnirs_yiruid_1back_native,fnirs,yiruid,1back,demographics,hist_gradient_boosting,20260707,4,fixed_0_5,4,0.5,284,109,175,0.6034076015727393,0.44511787203727327,0.5852424639580602,0.5528113570144442,0.7247706422018348,0.44571428571428573,0.5528169014084507,0.24417871455454437,0.11727858893501181,0.6197183098591549
fnirs_yiruid_1back_native,fnirs,yiruid,1back,demographics,hist_gradient_boosting,20260707,4,inner_cv,4,0.5,284,109,175,0.6034076015727393,0.44511787203727327,0.5852424639580602,0.5528113570144442,0.7247706422018348,0.44571428571428573,0.5528169014084507,0.24417871455454437,0.11727858893501181,0.6197183098591549
fnirs_yiruid_1back_native,fnirs,yiruid,1back,qc,logistic_regression,20260707,16,fixed_0_5,0,0.5,287,113,174,0.4990336690062048,0.39365989261868234,0.4855558946190621,0.4839205670801626,0.3274336283185841,0.6436781609195402,0.519163763066202,0.2515706688375544,0.10237857834931438,0.34494773519163763
fnirs_yiruid_1back_native,fnirs,yiruid,1back,qc,logistic_regression,20260707,16,inner_cv,0,0.5,287,113,174,0.4990336690062048,0.39365989261868234,0.4855558946190621,0.4839205670801626,0.3274336283185841,0.6436781609195402,0.519163763066202,0.2515706688375544,0.10237857834931438,0.34494773519163763
fnirs_yiruid_1back_native,fnirs,yiruid,1back,qc,logistic_regression,20260707,16,fixed_0_5,1,0.5,287,110,177,0.554648176682075,0.45211432443673916,0.5431689779147406,0.5412508023611443,0.4818181818181818,0.6045197740112994,0.5574912891986062,0.2473405630178988,0.12475182745506548,0.42857142857142855
fnirs_yiruid_1back_native,fnirs,yiruid,1back,qc,logistic_regression,20260707,16,inner_cv,1,0.5,287,110,177,0.554648176682075,0.45211432443673916,0.5431689779147406,0.5412508023611443,0.4818181818181818,0.6045197740112994,0.5574912891986062,0.2473405630178988,0.12475182745506548,0.42857142857142855
fnirs_yiruid_1back_native,fnirs,yiruid,1back,qc,logistic_regression,20260707,16,fixed_0_5,2,0.5,287,113,174,0.5003051571559354,0.45456008118551033,0.5028481334553963,0.5017423343533379,0.4424778761061947,0.5632183908045977,0.5156794425087108,0.24907229865573022,0.11307756053300498,0.43902439024390244
fnirs_yiruid_1back_native,fnirs,yiruid,1back,qc,logistic_regression,20260707,16,inner_cv,2,0.5,287,113,174,0.5003051571559354,0.45456008118551033,0.5028481334553963,0.5017423343533379,0.4424778761061947,0.5632183908045977,0.5156794425087108,0.24907229865573022,0.11307756053300498,0.43902439024390244
fnirs_yiruid_1back_native,fnirs,yiruid,1back,qc,logistic_regression,20260707,16,fixed_0_5,3,0.5,277,108,169,0.5534735919351303,0.43348185670971284,0.567855577470962,0.5671463318522142,0.49074074074074076,0.6449704142011834,0.5848375451263538,0.24871189500916804,0.10976666342232436,0.40794223826714804
fnirs_yiruid_1back_native,fnirs,yiruid,1back,qc,logistic_regression,20260707,16,inner_cv,3,0.5,277,108,169,0.5534735919351303,0.43348185670971284,0.567855577470962,0.5671463318522142,0.49074074074074076,0.6449704142011834,0.5848375451263538,0.24871189500916804,0.10976666342232436,0.40794223826714804
fnirs_yiruid_1back_native,fnirs,yiruid,1back,qc,logistic_regression,20260707,16,fixed_0_5,4,0.5,284,109,175,0.5370380078636959,0.4164977682875407,0.5166448230668415,0.5164671455174249,0.3761467889908257,0.6571428571428571,0.5492957746478874,0.2506699957992706,0.12142310909212826,0.35563380281690143
fnirs_yiruid_1back_native,fnirs,yiruid,1back,qc,logistic_regression,20260707,16,inner_cv,4,0.55,284,109,175,0.5370380078636959,0.4164977682875407,0.5012844036697248,0.4374478732276898,0.08256880733944955,0.92,0.5985915492957746,0.2506699957992706,0.12142310909212826,0.08098591549295775
fnirs_yiruid_1back_native,fnirs,yiruid,1back,qc,random_forest,20260707,16,fixed_0_5,0,0.5,287,113,174,0.5669311362018106,0.46434604966447424,0.5229122164581426,0.5192629815745393,0.3274336283185841,0.7183908045977011,0.5644599303135889,0.24241814578602391,0.08447458014200296,0.29965156794425085
fnirs_yiruid_1back_native,fnirs,yiruid,1back,qc,random_forest,20260707,16,inner_cv,0,0.55,287,113,174,0.5669311362018106,0.46434604966447424,0.5349913538805818,0.49014857881136953,0.1504424778761062,0.9195402298850575,0.6167247386759582,0.24241814578602391,0.08447458014200296,0.10801393728222997
fnirs_yiruid_1back_native,fnirs,yiruid,1back,qc,random_forest,20260707,16,fixed_0_5,1,0.5,287,110,177,0.5526450950179764,0.4505768159042941,0.538366718027735,0.5381226255804137,0.38181818181818183,0.6949152542372882,0.5749128919860628,0.2419003716378079,0.0915819914270341,0.3344947735191638
fnirs_yiruid_1back_native,fnirs,yiruid,1back,qc,random_forest,20260707,16,inner_cv,1,0.5,287,110,177,0.5526450950179764,0.4505768159042941,0.538366718027735,0.5381226255804137,0.38181818181818183,0.6949152542372882,0.5749128919860628,0.2419003716378079,0.0915819914270341,0.3344947735191638
fnirs_yiruid_1back_native,fnirs,yiruid,1back,qc,random_forest,20260707,16,fixed_0_5,2,0.5,287,113,174,0.4867765232428034,0.3749025532243031,0.4831400671345743,0.48300180138745163,0.36283185840707965,0.603448275862069,0.5087108013937283,0.2538240453237872,0.10895170545651259,0.3832752613240418
fnirs_yiruid_1back_native,fnirs,yiruid,1back,qc,random_forest,20260707,16,inner_cv,2,0.55,287,113,174,0.4867765232428034,0.3749025532243031,0.48326721594954736,0.4495984657796956,0.1504424778761062,0.8160919540229885,0.554006968641115,0.2538240453237872,0.10895170545651259,0.17073170731707318
fnirs_yiruid_1back_native,fnirs,yiruid,1back,qc,random_forest,20260707,16,fixed_0_5,3,0.5,277,108,169,0.5281065088757396,0.4519215549082623,0.5139710716633794,0.5139209373661449,0.3888888888888889,0.6390532544378699,0.5415162454873647,0.25149396194753404,0.1099624483442438,0.37184115523465705
fnirs_yiruid_1back_native,fnirs,yiruid,1back,qc,random_forest,20260707,16,inner_cv,3,0.45,277,108,169,0.5281065088757396,0.4519215549082623,0.5012053473591935,0.4727523988318732,0.6296296296296297,0.3727810650887574,0.4729241877256318,0.25149396194753404,0.1099624483442438,0.628158844765343
fnirs_yiruid_1back_native,fnirs,yiruid,1back,qc,random_forest,20260707,16,fixed_0_5,4,0.5,284,109,175,0.5343119266055045,0.39490433987608764,0.5092005242463958,0.5089119446661347,0.3669724770642202,0.6514285714285715,0.5422535211267606,0.2466674881513525,0.08526477111763406,0.35563380281690143
fnirs_yiruid_1back_native,fnirs,yiruid,1back,qc,random_forest,20260707,16,inner_cv,4,0.4,284,109,175,0.5343119266055045,0.39490433987608764,0.528256880733945,0.44609736510000386,0.8165137614678899,0.24,0.4612676056338028,0.2466674881513525,0.08526477111763406,0.7816901408450704
fnirs_yiruid_1back_native,fnirs,yiruid,1back,qc,hist_gradient_boosting,20260707,16,fixed_0_5,0,0.5,287,113,174,0.5343047502797275,0.4243462564551909,0.509231003967043,0.5090230883014984,0.3805309734513274,0.6379310344827587,0.5365853658536586,0.24924260245409066,0.10675514189739174,0.3693379790940767
fnirs_yiruid_1back_native,fnirs,yiruid,1back,qc,hist_gradient_boosting,20260707,16,inner_cv,0,0.5,287,113,174,0.5343047502797275,0.4243462564551909,0.509231003967043,0.5090230883014984,0.3805309734513274,0.6379310344827587,0.5365853658536586,0.24924260245409066,0.10675514189739174,0.3693379790940767
fnirs_yiruid_1back_native,fnirs,yiruid,1back,qc,hist_gradient_boosting,20260707,16,fixed_0_5,1,0.5,287,110,177,0.5411658962506419,0.44873187006839554,0.5161530559835645,0.5087855392609558,0.5181818181818182,0.5141242937853108,0.5156794425087108,0.24728158598520888,0.11302665957441382,0.49825783972125437
fnirs_yiruid_1back_native,fnirs,yiruid,1back,qc,hist_gradient_boosting,20260707,16,inner_cv,1,0.5,287,110,177,0.5411658962506419,0.44873187006839554,0.5161530559835645,0.5087855392609558,0.5181818181818182,0.5141242937853108,0.5156794425087108,0.24728158598520888,0.11302665957441382,0.49825783972125437
fnirs_yiruid_1back_native,fnirs,yiruid,1back,qc,hist_gradient_boosting,20260707,16,fixed_0_5,2,0.5,287,113,174,0.4592869494456311,0.3664367078835008,0.508061234869291,0.4522428675212096,0.7345132743362832,0.28160919540229884,0.45993031358885017,0.2540903930051518,0.11687559771872438,0.7247386759581882
fnirs_yiruid_1back_native,fnirs,yiruid,1back,qc,hist_gradient_boosting,20260707,16,inner_cv,2,0.5,287,113,174,0.4592869494456311,0.3664367078835008,0.508061234869291,0.4522428675212096,0.7345132743362832,0.28160919540229884,0.45993031358885017,0.2540903930051518,0.11687559771872438,0.7247386759581882
fnirs_yiruid_1back_native,fnirs,yiruid,1back,qc,hist_gradient_boosting,20260707,16,fixed_0_5,3,0.5,277,108,169,0.506328073635766,0.40748797019699834,0.5192581634889327,0.5117532919585858,0.28703703703703703,0.7514792899408284,0.5703971119133574,0.25119398420901107,0.11325801566060695,0.26353790613718414
fnirs_yiruid_1back_native,fnirs,yiruid,1back,qc,hist_gradient_boosting,20260707,16,inner_cv,3,0.5,277,108,169,0.506328073635766,0.40748797019699834,0.5192581634889327,0.5117532919585858,0.28703703703703703,0.7514792899408284,0.5703971119133574,0.25119398420901107,0.11325801566060695,0.26353790613718414
fnirs_yiruid_1back_native,fnirs,yiruid,1back,qc,hist_gradient_boosting,20260707,16,fixed_0_5,4,0.5,284,109,175,0.4921887287024902,0.39415855155541313,0.4991349934469201,0.4927295597484277,0.4954128440366973,0.5028571428571429,0.5,0.25139905288093717,0.11358341384170419,0.4964788732394366
fnirs_yiruid_1back_native,fnirs,yiruid,1back,qc,hist_gradient_boosting,20260707,16,inner_cv,4,0.45,284,109,175,0.4921887287024902,0.39415855155541313,0.47758846657929227,0.2923852183650616,0.926605504587156,0.02857142857142857,0.3732394366197183,0.25139905288093717,0.11358341384170419,0.954225352112676
fnirs_yiruid_1back_native,fnirs,yiruid,1back,signal,logistic_regression,20260707,289,fixed_0_5,0,0.5,287,113,174,0.5339741633607975,0.4129177534892384,0.5269301190112908,0.5270016480778813,0.415929203539823,0.6379310344827587,0.5505226480836237,0.27160485182864436,0.14477335843385578,0.3832752613240418
fnirs_yiruid_1back_native,fnirs,yiruid,1back,signal,logistic_regression,20260707,289,inner_cv,0,0.45,287,113,174,0.5339741633607975,0.4129177534892384,0.5068660360085444,0.49823334515178563,0.5309734513274337,0.4827586206896552,0.5017421602787456,0.27160485182864436,0.14477335843385578,0.5226480836236934
fnirs_yiruid_1back_native,fnirs,yiruid,1back,signal,logistic_regression,20260707,289,fixed_0_5,1,0.5,287,110,177,0.5337955829481253,0.4174244264061219,0.5380071905495635,0.5372671990249971,0.45454545454545453,0.6214689265536724,0.5574912891986062,0.2706446979248972,0.1382076481326885,0.4076655052264808
fnirs_yiruid_1back_native,fnirs,yiruid,1back,signal,logistic_regression,20260707,289,inner_cv,1,0.55,287,110,177,0.5337955829481253,0.4174244264061219,0.5128145865434001,0.5111253060789949,0.33636363636363636,0.6892655367231638,0.554006968641115,0.2706446979248972,0.1382076481326885,0.3205574912891986
fnirs_yiruid_1back_native,fnirs,yiruid,1back,signal,logistic_regression,20260707,289,fixed_0_5,2,0.5,287,113,174,0.5080358051062963,0.4183769919078356,0.49755874275251755,0.49377721312890854,0.4778761061946903,0.5172413793103449,0.5017421602787456,0.2765777162977174,0.18393133236013184,0.4808362369337979
fnirs_yiruid_1back_native,fnirs,yiruid,1back,signal,logistic_regression,20260707,289,inner_cv,2,0.5,287,113,174,0.5080358051062963,0.4183769919078356,0.49755874275251755,0.49377721312890854,0.4778761061946903,0.5172413793103449,0.5017421602787456,0.2765777162977174,0.18393133236013184,0.4808362369337979
fnirs_yiruid_1back_native,fnirs,yiruid,1back,signal,logistic_regression,20260707,289,fixed_0_5,3,0.5,277,108,169,0.5975783475783476,0.45330601942380344,0.5656640368178829,0.5624598415078175,0.5277777777777778,0.6035502958579881,0.5740072202166066,0.24583934778943156,0.10332873822880825,0.44765342960288806
fnirs_yiruid_1back_native,fnirs,yiruid,1back,signal,logistic_regression,20260707,289,inner_cv,3,0.4,277,108,169,0.5975783475783476,0.45330601942380344,0.5708963401271093,0.4969017094017094,0.8518518518518519,0.28994082840236685,0.5090252707581228,0.24583934778943156,0.10332873822880825,0.7653429602888087
fnirs_yiruid_1back_native,fnirs,yiruid,1back,signal,logistic_regression,20260707,289,fixed_0_5,4,0.5,284,109,175,0.5702228047182175,0.47275841079145187,0.5489908256880733,0.5377604166666667,0.5779816513761468,0.52,0.5422535211267606,0.25578511348132443,0.15752028286194067,0.5176056338028169
fnirs_yiruid_1back_native,fnirs,yiruid,1back,signal,logistic_regression,20260707,289,inner_cv,4,0.5,284,109,175,0.5702228047182175,0.47275841079145187,0.5489908256880733,0.5377604166666667,0.5779816513761468,0.52,0.5422535211267606,0.25578511348132443,0.15752028286194067,0.5176056338028169
fnirs_yiruid_1back_native,fnirs,yiruid,1back,signal,random_forest,20260707,289,fixed_0_5,0,0.5,287,113,174,0.503509307293256,0.39666932846134484,0.48504729935917,0.4590839360070129,0.17699115044247787,0.7931034482758621,0.5505226480836237,0.2445803681330068,0.059402793008136216,0.1951219512195122
fnirs_yiruid_1back_native,fnirs,yiruid,1back,signal,random_forest,20260707,289,inner_cv,0,0.5,287,113,174,0.503509307293256,0.39666932846134484,0.48504729935917,0.4590839360070129,0.17699115044247787,0.7931034482758621,0.5505226480836237,0.2445803681330068,0.059402793008136216,0.1951219512195122
fnirs_yiruid_1back_native,fnirs,yiruid,1back,signal,random_forest,20260707,289,fixed_0_5,1,0.5,287,110,177,0.5212634822804314,0.3954618541840127,0.5142783769902414,0.5032629667461128,0.2545454545454545,0.7740112994350282,0.5749128919860628,0.24351859495356262,0.06849419846445746,0.23693379790940766
fnirs_yiruid_1back_native,fnirs,yiruid,1back,signal,random_forest,20260707,289,inner_cv,1,0.4,287,110,177,0.5212634822804314,0.3954618541840127,0.5242937853107345,0.44693098603806897,0.8,0.24858757062146894,0.45993031358885017,0.24351859495356262,0.06849419846445746,0.7700348432055749
fnirs_yiruid_1back_native,fnirs,yiruid,1back,signal,random_forest,20260707,289,fixed_0_5,2,0.5,287,113,174,0.5155121554267114,0.42617003845548973,0.5209032651815685,0.5122082659702358,0.2831858407079646,0.7586206896551724,0.5714285714285714,0.24441960843692728,0.09127327337925693,0.2578397212543554
fnirs_yiruid_1back_native,fnirs,yiruid,1back,signal,random_forest,20260707,289,inner_cv,2,0.5,287,113,174,0.5155121554267114,0.42617003845548973,0.5209032651815685,0.5122082659702358,0.2831858407079646,0.7586206896551724,0.5714285714285714,0.24441960843692728,0.09127327337925693,0.2578397212543554
fnirs_yiruid_1back_native,fnirs,yiruid,1back,signal,random_forest,20260707,289,fixed_0_5,3,0.5,277,108,169,0.5741288625904011,0.4495213322849794,0.5357221126451895,0.5281795362180254,0.2962962962962963,0.7751479289940828,0.5884476534296029,0.23832150544835465,0.07047388580145801,0.2527075812274368
fnirs_yiruid_1back_native,fnirs,yiruid,1back,signal,random_forest,20260707,289,inner_cv,3,0.5,277,108,169,0.5741288625904011,0.4495213322849794,0.5357221126451895,0.5281795362180254,0.2962962962962963,0.7751479289940828,0.5884476534296029,0.23832150544835465,0.07047388580145801,0.2527075812274368
fnirs_yiruid_1back_native,fnirs,yiruid,1back,signal,random_forest,20260707,289,fixed_0_5,4,0.5,284,109,175,0.6052948885976409,0.47603067400447674,0.5455832241153342,0.5318587783971708,0.25688073394495414,0.8342857142857143,0.6126760563380281,0.23437014635037182,0.06867199148804978,0.2007042253521127
fnirs_yiruid_1back_native,fnirs,yiruid,1back,signal,random_forest,20260707,289,inner_cv,4,0.45,284,109,175,0.6052948885976409,0.47603067400447674,0.5730537352555701,0.5596899224806202,0.6146788990825688,0.5314285714285715,0.5633802816901409,0.23437014635037182,0.06867199148804978,0.5246478873239436
fnirs_yiruid_1back_native,fnirs,yiruid,1back,signal,hist_gradient_boosting,20260707,289,fixed_0_5,0,0.5,287,113,174,0.49478689858610514,0.40896045606870174,0.4849201505441969,0.48490899898887774,0.3893805309734513,0.5804597701149425,0.5052264808362369,0.24980808926086867,0.09804536045262113,0.4076655052264808
fnirs_yiruid_1back_native,fnirs,yiruid,1back,signal,hist_gradient_boosting,20260707,289,inner_cv,0,0.5,287,113,174,0.49478689858610514,0.40896045606870174,0.4849201505441969,0.48490899898887774,0.3893805309734513,0.5804597701149425,0.5052264808362369,0.24980808926086867,0.09804536045262113,0.4076655052264808
fnirs_yiruid_1back_native,fnirs,yiruid,1back,signal,hist_gradient_boosting,20260707,289,fixed_0_5,1,0.5,287,110,177,0.5304057524396508,0.43938600412659057,0.5136877247046738,0.512353215108303,0.44545454545454544,0.5819209039548022,0.5296167247386759,0.24794099984647194,0.11568786900772188,0.42857142857142855
fnirs_yiruid_1back_native,fnirs,yiruid,1back,signal,hist_gradient_boosting,20260707,289,inner_cv,1,0.45,287,110,177,0.5304057524396508,0.43938600412659057,0.5072419106317412,0.32341008771929824,0.9636363636363636,0.05084745762711865,0.40069686411149824,0.24794099984647194,0.11568786900772188,0.9547038327526133
fnirs_yiruid_1back_native,fnirs,yiruid,1back,signal,hist_gradient_boosting,20260707,289,fixed_0_5,2,0.5,287,113,174,0.5127911707862883,0.44180329964765624,0.5127911707862882,0.512353215108303,0.4336283185840708,0.5919540229885057,0.5296167247386759,0.2488729732470608,0.10021325273437748,0.4181184668989547
fnirs_yiruid_1back_native,fnirs,yiruid,1back,signal,hist_gradient_boosting,20260707,289,inner_cv,2,0.45,287,113,174,0.5127911707862883,0.44180329964765624,0.4975333129895229,0.3414588057445201,0.9203539823008849,0.07471264367816093,0.4076655052264808,0.2488729732470608,0.10021325273437748,0.9233449477351916
fnirs_yiruid_1back_native,fnirs,yiruid,1back,signal,hist_gradient_boosting,20260707,289,fixed_0_5,3,0.5,277,108,169,0.5056706114398422,0.4232328272023235,0.5116425597194828,0.5074575371549894,0.49074074074074076,0.5325443786982249,0.516245487364621,0.24970517807366238,0.10794791702850424,0.47653429602888087
fnirs_yiruid_1back_native,fnirs,yiruid,1back,signal,hist_gradient_boosting,20260707,289,inner_cv,3,0.5,277,108,169,0.5056706114398422,0.4232328272023235,0.5116425597194828,0.5074575371549894,0.49074074074074076,0.5325443786982249,0.516245487364621,0.24970517807366238,0.10794791702850424,0.47653429602888087
fnirs_yiruid_1back_native,fnirs,yiruid,1back,signal,hist_gradient_boosting,20260707,289,fixed_0_5,4,0.5,284,109,175,0.461389252948886,0.35281696249920425,0.48883355176933163,0.48244875388037756,0.48623853211009177,0.49142857142857144,0.4894366197183099,0.2521961775439166,0.11341629053011598,0.5
fnirs_yiruid_1back_native,fnirs,yiruid,1back,signal,hist_gradient_boosting,20260707,289,inner_cv,4,0.6,284,109,175,0.461389252948886,0.35281696249920425,0.5,0.38126361655773416,0.0,1.0,0.6161971830985915,0.2521961775439166,0.11341629053011598,0.0
fnirs_yiruid_1back_native,fnirs,yiruid,1back,signal_qc,logistic_regression,20260707,305,fixed_0_5,0,0.5,287,113,174,0.5428237208829214,0.4207948399340472,0.5229630759841318,0.5225347852389595,0.4424778761061947,0.603448275862069,0.5400696864111498,0.26940180553394805,0.14057291854722062,0.4146341463414634
fnirs_yiruid_1back_native,fnirs,yiruid,1back,signal_qc,logistic_regression,20260707,305,inner_cv,0,0.45,287,113,174,0.5428237208829214,0.4207948399340472,0.5157155935306683,0.5058069243451181,0.5486725663716814,0.4827586206896552,0.5087108013937283,0.26940180553394805,0.14057291854722062,0.5296167247386759
fnirs_yiruid_1back_native,fnirs,yiruid,1back,signal_qc,logistic_regression,20260707,305,fixed_0_5,1,0.5,287,110,177,0.5398561890087313,0.4308917289338414,0.5351823317925013,0.534327147348139,0.45454545454545453,0.615819209039548,0.554006968641115,0.2687754739563409,0.15389024582294614,0.41114982578397213
fnirs_yiruid_1back_native,fnirs,yiruid,1back,signal_qc,logistic_regression,20260707,305,inner_cv,1,0.55,287,110,177,0.5398561890087313,0.4308917289338414,0.5134309193631228,0.5126564783003593,0.35454545454545455,0.672316384180791,0.5505226480836237,0.2687754739563409,0.15389024582294614,0.33797909407665505
fnirs_yiruid_1back_native,fnirs,yiruid,1back,signal_qc,logistic_regression,20260707,305,fixed_0_5,2,0.5,287,113,174,0.5094598718339945,0.42223250878120666,0.497787610619469,0.49233490566037735,0.49557522123893805,0.5,0.49825783972125437,0.27613089425544685,0.18023973365927437,0.49825783972125437
fnirs_yiruid_1back_native,fnirs,yiruid,1back,signal_qc,logistic_regression,20260707,305,inner_cv,2,0.55,287,113,174,0.5094598718339945,0.42223250878120666,0.48756484589563626,0.48749999999999993,0.37168141592920356,0.603448275862069,0.5121951219512195,0.27613089425544685,0.18023973365927437,0.3867595818815331
fnirs_yiruid_1back_native,fnirs,yiruid,1back,signal_qc,logistic_regression,20260707,305,fixed_0_5,3,0.5,277,108,169,0.6083168967784353,0.4684392404797333,0.5897161954854262,0.5868726906281492,0.5462962962962963,0.6331360946745562,0.5992779783393501,0.24322762252392574,0.10090777548480594,0.4368231046931408
fnirs_yiruid_1back_native,fnirs,yiruid,1back,signal_qc,logistic_regression,20260707,305,inner_cv,3,0.4,277,108,169,0.6083168967784353,0.4684392404797333,0.5705128205128205,0.5032875074716079,0.8333333333333334,0.3076923076923077,0.5126353790613718,0.24322762252392574,0.10090777548480594,0.7472924187725631
fnirs_yiruid_1back_native,fnirs,yiruid,1back,signal_qc,logistic_regression,20260707,305,fixed_0_5,4,0.5,284,109,175,0.555124508519004,0.46378747302767054,0.5438007863695937,0.5355974842767296,0.5504587155963303,0.5371428571428571,0.5422535211267606,0.2573598171309985,0.1496357915594093,0.4964788732394366
fnirs_yiruid_1back_native,fnirs,yiruid,1back,signal_qc,logistic_regression,20260707,305,inner_cv,4,0.5,284,109,175,0.555124508519004,0.46378747302767054,0.5438007863695937,0.5355974842767296,0.5504587155963303,0.5371428571428571,0.5422535211267606,0.2573598171309985,0.1496357915594093,0.4964788732394366
fnirs_yiruid_1back_native,fnirs,yiruid,1back,signal_qc,random_forest,20260707,305,fixed_0_5,0,0.5,287,113,174,0.5221747533312989,0.39154372475087834,0.49170989726375747,0.4804819743260236,0.24778761061946902,0.735632183908046,0.5435540069686411,0.2443559872797693,0.05331241162112568,0.2578397212543554
fnirs_yiruid_1back_native,fnirs,yiruid,1back,signal_qc,random_forest,20260707,305,inner_cv,0,0.4,287,113,174,0.5221747533312989,0.39154372475087834,0.5414505136812124,0.48919220807914665,0.7610619469026548,0.3218390804597701,0.49477351916376305,0.2443559872797693,0.05331241162112568,0.710801393728223
fnirs_yiruid_1back_native,fnirs,yiruid,1back,signal_qc,random_forest,20260707,305,fixed_0_5,1,0.5,287,110,177,0.5464304057524397,0.41966670498589725,0.4987930148947098,0.4714070048309179,0.17272727272727273,0.8248587570621468,0.5749128919860628,0.2383019313267892,0.04106304795796738,0.17421602787456447
fnirs_yiruid_1back_native,fnirs,yiruid,1back,signal_qc,random_forest,20260707,305,inner_cv,1,0.4,287,110,177,0.5464304057524397,0.41966670498589725,0.5538777606574217,0.5260806216610004,0.6727272727272727,0.4350282485875706,0.5261324041811847,0.2383019313267892,0.04106304795796738,0.6062717770034843
fnirs_yiruid_1back_native,fnirs,yiruid,1back,signal_qc,random_forest,20260707,305,fixed_0_5,2,0.5,287,113,174,0.4826569016376767,0.3987084389778347,0.4730953107517038,0.43879211260878004,0.1415929203539823,0.8045977011494253,0.5435540069686411,0.24702253997867463,0.0703857304619273,0.17421602787456447
fnirs_yiruid_1back_native,fnirs,yiruid,1back,signal_qc,random_forest,20260707,305,inner_cv,2,0.5,287,113,174,0.4826569016376767,0.3987084389778347,0.4730953107517038,0.43879211260878004,0.1415929203539823,0.8045977011494253,0.5435540069686411,0.24702253997867463,0.0703857304619273,0.17421602787456447
fnirs_yiruid_1back_native,fnirs,yiruid,1back,signal_qc,random_forest,20260707,305,fixed_0_5,3,0.5,277,108,169,0.5682664913434144,0.442561786698334,0.49328840674994523,0.4663322983838867,0.17592592592592593,0.8106508875739645,0.5631768953068592,0.23609480345472109,0.06482660295716762,0.18411552346570398
fnirs_yiruid_1back_native,fnirs,yiruid,1back,signal_qc,random_forest,20260707,305,inner_cv,3,0.4,277,108,169,0.5682664913434144,0.442561786698334,0.569362261669954,0.5201574803149607,0.7777777777777778,0.3609467455621302,0.5234657039711191,0.23609480345472109,0.06482660295716762,0.6931407942238267
fnirs_yiruid_1back_native,fnirs,yiruid,1back,signal_qc,random_forest,20260707,305,fixed_0_5,4,0.5,284,109,175,0.6135779816513761,0.5097596183141835,0.5546788990825688,0.5341716785128485,0.22935779816513763,0.88,0.6302816901408451,0.23003034794626287,0.05402838644490477,0.1619718309859155
fnirs_yiruid_1back_native,fnirs,yiruid,1back,signal_qc,random_forest,20260707,305,inner_cv,4,0.45,284,109,175,0.6135779816513761,0.5097596183141835,0.5677064220183486,0.5664234332143042,0.4954128440366973,0.64,0.5845070422535211,0.23003034794626287,0.05402838644490477,0.4119718309859155
fnirs_yiruid_1back_native,fnirs,yiruid,1back,signal_qc,hist_gradient_boosting,20260707,305,fixed_0_5,0,0.5,287,113,174,0.49478689858610514,0.40896045606870174,0.4849201505441969,0.48490899898887774,0.3893805309734513,0.5804597701149425,0.5052264808362369,0.24980808926086867,0.09804536045262113,0.4076655052264808
fnirs_yiruid_1back_native,fnirs,yiruid,1back,signal_qc,hist_gradient_boosting,20260707,305,inner_cv,0,0.5,287,113,174,0.49478689858610514,0.40896045606870174,0.4849201505441969,0.48490899898887774,0.3893805309734513,0.5804597701149425,0.5052264808362369,0.24980808926086867,0.09804536045262113,0.4076655052264808
fnirs_yiruid_1back_native,fnirs,yiruid,1back,signal_qc,hist_gradient_boosting,20260707,305,fixed_0_5,1,0.5,287,110,177,0.5265793528505394,0.43737844745577337,0.5289162814586543,0.5285195797516715,0.43636363636363634,0.6214689265536724,0.5505226480836237,0.2476150529164808,0.11362677401342694,0.40069686411149824
fnirs_yiruid_1back_native,fnirs,yiruid,1back,signal_qc,hist_gradient_boosting,20260707,305,inner_cv,1,0.45,287,110,177,0.5265793528505394,0.43737844745577337,0.5009758602978942,0.32477935076768255,0.9454545454545454,0.05649717514124294,0.397212543554007,0.2476150529164808,0.11362677401342694,0.9442508710801394
fnirs_yiruid_1back_native,fnirs,yiruid,1back,signal_qc,hist_gradient_boosting,20260707,305,fixed_0_5,2,0.5,287,113,174,0.4862933577459058,0.3866031151786453,0.48848031736344216,0.48673621460506705,0.4424778761061947,0.5344827586206896,0.49825783972125437,0.25068840533677456,0.1005482485225177,0.4564459930313589
fnirs_yiruid_1back_native,fnirs,yiruid,1back,signal_qc,hist_gradient_boosting,20260707,305,inner_cv,2,0.5,287,113,174,0.4862933577459058,0.3866031151786453,0.48848031736344216,0.48673621460506705,0.4424778761061947,0.5344827586206896,0.49825783972125437,0.25068840533677456,0.1005482485225177,0.4564459930313589
fnirs_yiruid_1back_native,fnirs,yiruid,1back,signal_qc,hist_gradient_boosting,20260707,305,fixed_0_5,3,0.5,277,108,169,0.5142176199868507,0.43146418986273966,0.5040543502081963,0.5001061571125265,0.48148148148148145,0.5266272189349113,0.5090252707581228,0.24929735935410327,0.10763933155211505,0.47653429602888087
fnirs_yiruid_1back_native,fnirs,yiruid,1back,signal_qc,hist_gradient_boosting,20260707,305,inner_cv,3,0.5,277,108,169,0.5142176199868507,0.43146418986273966,0.5040543502081963,0.5001061571125265,0.48148148148148145,0.5266272189349113,0.5090252707581228,0.24929735935410327,0.10763933155211505,0.47653429602888087
fnirs_yiruid_1back_native,fnirs,yiruid,1back,signal_qc,hist_gradient_boosting,20260707,305,fixed_0_5,4,0.5,284,109,175,0.4681520314547838,0.35832987900697344,0.48026212319790307,0.47299262751391746,0.48623853211009177,0.4742857142857143,0.4788732394366197,0.25196681052417247,0.11341985599048388,0.5105633802816901
fnirs_yiruid_1back_native,fnirs,yiruid,1back,signal_qc,hist_gradient_boosting,20260707,305,inner_cv,4,0.45,284,109,175,0.4681520314547838,0.35832987900697344,0.48901703800786367,0.3154920212765957,0.926605504587156,0.05142857142857143,0.3873239436619718,0.25196681052417247,0.11341985599048388,0.9401408450704225
fnirs_yiruid_1back_native,fnirs,yiruid,1back,signal_demographics,logistic_regression,20260707,293,fixed_0_5,0,0.5,287,113,174,0.550910385515207,0.4192915586310893,0.5247431593937545,0.523249859489165,0.4690265486725664,0.5804597701149425,0.5365853658536586,0.25959219596154026,0.13872439207307247,0.43902439024390244
fnirs_yiruid_1back_native,fnirs,yiruid,1back,signal_demographics,logistic_regression,20260707,293,inner_cv,0,0.55,287,113,174,0.550910385515207,0.4192915586310893,0.5038907537381752,0.49884483129163976,0.3008849557522124,0.7068965517241379,0.5470383275261324,0.25959219596154026,0.13872439207307247,0.2961672473867596
fnirs_yiruid_1back_native,fnirs,yiruid,1back,signal_demographics,logistic_regression,20260707,293,fixed_0_5,1,0.5,287,110,177,0.5550077041602466,0.4348027891869657,0.5267077555213149,0.525488117324852,0.45454545454545453,0.5988700564971752,0.5435540069686411,0.26476007213975505,0.14276291062232455,0.42160278745644597
fnirs_yiruid_1back_native,fnirs,yiruid,1back,signal_demographics,logistic_regression,20260707,293,inner_cv,1,0.6,287,110,177,0.5550077041602466,0.4348027891869657,0.5069080636877247,0.49511973669277043,0.24545454545454545,0.768361581920904,0.5679442508710801,0.26476007213975505,0.14276291062232455,0.23693379790940766
fnirs_yiruid_1back_native,fnirs,yiruid,1back,signal_demographics,logistic_regression,20260707,293,fixed_0_5,2,0.5,287,113,174,0.5179534126741939,0.40444436564405206,0.5090529956260808,0.5060852554816824,0.4778761061946903,0.5402298850574713,0.5156794425087108,0.26943729734968774,0.14730911416879233,0.46689895470383275
fnirs_yiruid_1back_native,fnirs,yiruid,1back,signal_demographics,logistic_regression,20260707,293,inner_cv,2,0.45,287,113,174,0.5179534126741939,0.40444436564405206,0.5108839385616926,0.48780487804878053,0.6194690265486725,0.40229885057471265,0.4878048780487805,0.26943729734968774,0.14730911416879233,0.6062717770034843
fnirs_yiruid_1back_native,fnirs,yiruid,1back,signal_demographics,logistic_regression,20260707,293,fixed_0_5,3,0.5,277,108,169,0.6208086785009861,0.47128266793672324,0.5880451457374535,0.5857818372873136,0.5370370370370371,0.6390532544378699,0.5992779783393501,0.23911666227863554,0.0901333264101807,0.4296028880866426
fnirs_yiruid_1back_native,fnirs,yiruid,1back,signal_demographics,logistic_regression,20260707,293,inner_cv,3,0.45,277,108,169,0.6208086785009861,0.47128266793672324,0.5755533640149024,0.5582714629300429,0.6481481481481481,0.5029585798816568,0.5595667870036101,0.23911666227863554,0.0901333264101807,0.555956678700361
fnirs_yiruid_1back_native,fnirs,yiruid,1back,signal_demographics,logistic_regression,20260707,293,fixed_0_5,4,0.5,284,109,175,0.5835910878112713,0.4807082932656296,0.5547051114023591,0.5442098400120366,0.5779816513761468,0.5314285714285715,0.5492957746478874,0.2540029420534136,0.14976692435493394,0.5105633802816901
fnirs_yiruid_1back_native,fnirs,yiruid,1back,signal_demographics,logistic_regression,20260707,293,inner_cv,4,0.5,284,109,175,0.5835910878112713,0.4807082932656296,0.5547051114023591,0.5442098400120366,0.5779816513761468,0.5314285714285715,0.5492957746478874,0.2540029420534136,0.14976692435493394,0.5105633802816901
fnirs_yiruid_1back_native,fnirs,yiruid,1back,signal_demographics,random_forest,20260707,293,fixed_0_5,0,0.5,287,113,174,0.5246668701047706,0.4084519659494771,0.47441765842742345,0.43674516908212563,0.13274336283185842,0.8160919540229885,0.5470383275261324,0.24234838638702072,0.06157171628418077,0.16376306620209058
fnirs_yiruid_1back_native,fnirs,yiruid,1back,signal_demographics,random_forest,20260707,293,inner_cv,0,0.35,287,113,174,0.5246668701047706,0.4084519659494771,0.5439172006916896,0.4632147116048453,0.8407079646017699,0.2471264367816092,0.4808362369337979,0.24234838638702072,0.06157171628418077,0.7874564459930313
fnirs_yiruid_1back_native,fnirs,yiruid,1back,signal_demographics,random_forest,20260707,293,fixed_0_5,1,0.5,287,110,177,0.5541345659989728,0.4238505845990439,0.5135336414997431,0.4887379227053141,0.19090909090909092,0.8361581920903954,0.5888501742160279,0.23806082530788503,0.05414892535436242,0.17421602787456447
fnirs_yiruid_1back_native,fnirs,yiruid,1back,signal_demographics,random_forest,20260707,293,inner_cv,1,0.4,287,110,177,0.5541345659989728,0.4238505845990439,0.5210837185413457,0.48758092138024844,0.6636363636363637,0.3785310734463277,0.4878048780487805,0.23806082530788503,0.05414892535436242,0.6376306620209059
fnirs_yiruid_1back_native,fnirs,yiruid,1back,signal_demographics,random_forest,20260707,293,fixed_0_5,2,0.5,287,113,174,0.5579798596277082,0.44714401043008767,0.5310751703794121,0.5227801795809777,0.2920353982300885,0.7701149425287356,0.5818815331010453,0.24054957197489438,0.06211098544009861,0.25435540069686413
fnirs_yiruid_1back_native,fnirs,yiruid,1back,signal_demographics,random_forest,20260707,293,inner_cv,2,0.5,287,113,174,0.5579798596277082,0.44714401043008767,0.5310751703794121,0.5227801795809777,0.2920353982300885,0.7701149425287356,0.5818815331010453,0.24054957197489438,0.06211098544009861,0.25435540069686413
fnirs_yiruid_1back_native,fnirs,yiruid,1back,signal_demographics,random_forest,20260707,293,fixed_0_5,3,0.5,277,108,169,0.581744466359851,0.47593751077155605,0.5417762436993206,0.5218642117376295,0.23148148148148148,0.8520710059171598,0.6101083032490975,0.23335515077579505,0.04236537308205584,0.18050541516245489
fnirs_yiruid_1back_native,fnirs,yiruid,1back,signal_demographics,random_forest,20260707,293,inner_cv,3,0.45,277,108,169,0.581744466359851,0.47593751077155605,0.5219428007889546,0.5219428007889546,0.4166666666666667,0.6272189349112426,0.5451263537906137,0.23335515077579505,0.04236537308205584,0.3898916967509025
fnirs_yiruid_1back_native,fnirs,yiruid,1back,signal_demographics,random_forest,20260707,293,fixed_0_5,4,0.5,284,109,175,0.5596854521625163,0.45654335302349247,0.5369331585845347,0.5139407518048295,0.21100917431192662,0.8628571428571429,0.6126760563380281,0.23499890281639824,0.0651674836613333,0.16549295774647887
fnirs_yiruid_1back_native,fnirs,yiruid,1back,signal_demographics,random_forest,20260707,293,inner_cv,4,0.35,284,109,175,0.5596854521625163,0.45654335302349247,0.5312712975098296,0.40544837820648716,0.908256880733945,0.15428571428571428,0.44366197183098594,0.23499890281639824,0.0651674836613333,0.8697183098591549
fnirs_yiruid_1back_native,fnirs,yiruid,1back,signal_demographics,hist_gradient_boosting,20260707,293,fixed_0_5,0,0.5,287,113,174,0.5345081883836843,0.4100878298716195,0.5289899298138542,0.5170471173544045,0.5752212389380531,0.4827586206896552,0.519163763066202,0.24785686334918264,0.1014029837279888,0.5400696864111498
fnirs_yiruid_1back_native,fnirs,yiruid,1back,signal_demographics,hist_gradient_boosting,20260707,293,inner_cv,0,0.5,287,113,174,0.5345081883836843,0.4100878298716195,0.5289899298138542,0.5170471173544045,0.5752212389380531,0.4827586206896552,0.519163763066202,0.24785686334918264,0.1014029837279888,0.5400696864111498
fnirs_yiruid_1back_native,fnirs,yiruid,1back,signal_demographics,hist_gradient_boosting,20260707,293,fixed_0_5,1,0.5,287,110,177,0.5790446841294299,0.4390214367561269,0.5724191063174113,0.5553318937647158,0.6363636363636364,0.5084745762711864,0.5574912891986062,0.24489153969998545,0.1110255389284066,0.5470383275261324
fnirs_yiruid_1back_native,fnirs,yiruid,1back,signal_demographics,hist_gradient_boosting,20260707,293,inner_cv,1,0.45,287,110,177,0.5790446841294299,0.4390214367561269,0.5402670775552131,0.44733364378941004,0.8545454545454545,0.22598870056497175,0.46689895470383275,0.24489153969998545,0.1110255389284066,0.8048780487804879
fnirs_yiruid_1back_native,fnirs,yiruid,1back,signal_demographics,hist_gradient_boosting,20260707,293,fixed_0_5,2,0.5,287,113,174,0.5678211779066219,0.44391230166795925,0.5329061133150239,0.5329061133150239,0.4336283185840708,0.632183908045977,0.554006968641115,0.24563950371439597,0.099224190770845,0.39372822299651566
fnirs_yiruid_1back_native,fnirs,yiruid,1back,signal_demographics,hist_gradient_boosting,20260707,293,inner_cv,2,0.5,287,113,174,0.5678211779066219,0.44391230166795925,0.5329061133150239,0.5329061133150239,0.4336283185840708,0.632183908045977,0.554006968641115,0.24563950371439597,0.099224190770845,0.39372822299651566
fnirs_yiruid_1back_native,fnirs,yiruid,1back,signal_demographics,hist_gradient_boosting,20260707,293,fixed_0_5,3,0.5,277,108,169,0.5485426254657024,0.4602828971861732,0.549583607275915,0.5442144373673037,0.5370370370370371,0.5621301775147929,0.5523465703971119,0.2465915396046128,0.11054761703656214,0.47653429602888087
fnirs_yiruid_1back_native,fnirs,yiruid,1back,signal_demographics,hist_gradient_boosting,20260707,293,inner_cv,3,0.5,277,108,169,0.5485426254657024,0.4602828971861732,0.549583607275915,0.5442144373673037,0.5370370370370371,0.5621301775147929,0.5523465703971119,0.2465915396046128,0.11054761703656214,0.47653429602888087
fnirs_yiruid_1back_native,fnirs,yiruid,1back,signal_demographics,hist_gradient_boosting,20260707,293,fixed_0_5,4,0.5,284,109,175,0.5169855832241154,0.41655136322459424,0.51478374836173,0.4893796421441591,0.6238532110091743,0.4057142857142857,0.4894366197183099,0.2504498143467812,0.12291965915096917,0.6056338028169014
fnirs_yiruid_1back_native,fnirs,yiruid,1back,signal_demographics,hist_gradient_boosting,20260707,293,inner_cv,4,0.5,284,109,175,0.5169855832241154,0.41655136322459424,0.51478374836173,0.4893796421441591,0.6238532110091743,0.4057142857142857,0.4894366197183099,0.2504498143467812,0.12291965915096917,0.6056338028169014
fnirs_yiruid_1back_native,fnirs,yiruid,1back,signal_qc_demographics,logistic_regression,20260707,309,fixed_0_5,0,0.5,287,113,174,0.5597599430373308,0.424376826180083,0.5450869697894416,0.5436402108452592,0.48672566371681414,0.603448275862069,0.5574912891986062,0.2584375343973342,0.11391678834411789,0.43205574912891986
fnirs_yiruid_1back_native,fnirs,yiruid,1back,signal_qc_demographics,logistic_regression,20260707,309,inner_cv,0,0.55,287,113,174,0.5597599430373308,0.424376826180083,0.5145203946699217,0.5126564783003593,0.34513274336283184,0.6839080459770115,0.5505226480836237,0.2584375343973342,0.11391678834411789,0.32752613240418116
fnirs_yiruid_1back_native,fnirs,yiruid,1back,signal_qc_demographics,logistic_regression,20260707,309,fixed_0_5,1,0.5,287,110,177,0.5604006163328197,0.44431427374791255,0.5135593220338983,0.5135593220338983,0.4,0.6271186440677966,0.5400696864111498,0.2632197215777325,0.1475001690485966,0.3832752613240418
fnirs_yiruid_1back_native,fnirs,yiruid,1back,signal_qc_demographics,logistic_regression,20260707,309,inner_cv,1,0.55,287,110,177,0.5604006163328197,0.44431427374791255,0.5071648690292758,0.5056968733439321,0.33636363636363636,0.6779661016949152,0.5470383275261324,0.2632197215777325,0.1475001690485966,0.32752613240418116
fnirs_yiruid_1back_native,fnirs,yiruid,1back,signal_qc_demographics,logistic_regression,20260707,309,fixed_0_5,2,0.5,287,113,174,0.5145458244329163,0.40598767646423284,0.5126131624453261,0.5046454408578458,0.5309734513274337,0.4942528735632184,0.5087108013937283,0.2964475685235911,0.2006746714448112,0.5156794425087108
fnirs_yiruid_1back_native,fnirs,yiruid,1back,signal_qc_demographics,logistic_regression,20260707,309,inner_cv,2,0.45,287,113,174,0.5145458244329163,0.40598767646423284,0.4874376970806632,0.46687306501547987,0.584070796460177,0.39080459770114945,0.46689895470383275,0.2964475685235911,0.2006746714448112,0.5993031358885017
fnirs_yiruid_1back_native,fnirs,yiruid,1back,signal_qc_demographics,logistic_regression,20260707,309,fixed_0_5,3,0.5,277,108,169,0.6259587990357222,0.47936604765729596,0.5956333552487398,0.593245227606461,0.5462962962962963,0.6449704142011834,0.6064981949458483,0.23780666534790174,0.08860947261273443,0.4296028880866426
fnirs_yiruid_1back_native,fnirs,yiruid,1back,signal_qc_demographics,logistic_regression,20260707,309,inner_cv,3,0.45,277,108,169,0.6259587990357222,0.47936604765729596,0.5996055226824457,0.5830770237549898,0.6666666666666666,0.5325443786982249,0.5848375451263538,0.23780666534790174,0.08860947261273443,0.5451263537906137
fnirs_yiruid_1back_native,fnirs,yiruid,1back,signal_qc_demographics,logistic_regression,20260707,309,fixed_0_5,4,0.5,284,109,175,0.5664482306684141,0.4756940766148906,0.556959370904325,0.5490927419354839,0.5596330275229358,0.5542857142857143,0.5563380281690141,0.262208699622674,0.17431153228795795,0.4894366197183099
fnirs_yiruid_1back_native,fnirs,yiruid,1back,signal_qc_demographics,logistic_regression,20260707,309,inner_cv,4,0.4,284,109,175,0.5664482306684141,0.4756940766148906,0.5069724770642202,0.4476441432963172,0.7339449541284404,0.28,0.45422535211267606,0.262208699622674,0.17431153228795795,0.7253521126760564
fnirs_yiruid_1back_native,fnirs,yiruid,1back,signal_qc_demographics,random_forest,20260707,309,fixed_0_5,0,0.5,287,113,174,0.5376360492320211,0.41187510095814284,0.5074000610314312,0.4926101407255498,0.23893805309734514,0.7758620689655172,0.5644599303135889,0.24170996396832026,0.05154261976332546,0.22996515679442509
fnirs_yiruid_1back_native,fnirs,yiruid,1back,signal_qc_demographics,random_forest,20260707,309,inner_cv,0,0.45,287,113,174,0.5376360492320211,0.41187510095814284,0.5307191536974876,0.5284775465498357,0.48672566371681414,0.5747126436781609,0.5400696864111498,0.24170996396832026,0.05154261976332546,0.44947735191637633
fnirs_yiruid_1back_native,fnirs,yiruid,1back,signal_qc_demographics,random_forest,20260707,309,fixed_0_5,1,0.5,287,110,177,0.5639445300462249,0.4480140023436082,0.5401900359527478,0.5208969365196336,0.22727272727272727,0.8531073446327684,0.6132404181184669,0.23656203226954403,0.049014262873541534,0.17770034843205576
fnirs_yiruid_1back_native,fnirs,yiruid,1back,signal_qc_demographics,random_forest,20260707,309,inner_cv,1,0.4,287,110,177,0.5639445300462249,0.4480140023436082,0.5312788906009245,0.4981055085980764,0.6727272727272727,0.3898305084745763,0.49825783972125437,0.23656203226954403,0.049014262873541534,0.6341463414634146
fnirs_yiruid_1back_native,fnirs,yiruid,1back,signal_qc_demographics,random_forest,20260707,309,fixed_0_5,2,0.5,287,113,174,0.490184111484081,0.43529123898525657,0.5087224087071508,0.4919483782549109,0.23008849557522124,0.7873563218390804,0.5679442508710801,0.2463634897052388,0.11941295918147064,0.21951219512195122
fnirs_yiruid_1back_native,fnirs,yiruid,1back,signal_qc_demographics,random_forest,20260707,309,inner_cv,2,0.4,287,113,174,0.490184111484081,0.43529123898525657,0.45628623741226726,0.4190566773973271,0.6194690265486725,0.29310344827586204,0.42160278745644597,0.2463634897052388,0.11941295918147064,0.6724738675958188
fnirs_yiruid_1back_native,fnirs,yiruid,1back,signal_qc_demographics,random_forest,20260707,309,fixed_0_5,3,0.5,277,108,169,0.6011943896559281,0.4973723438771242,0.5318595222441376,0.5277652304419415,0.32407407407407407,0.7396449704142012,0.5776173285198556,0.235367033046914,0.07129771538242456,0.2851985559566787
fnirs_yiruid_1back_native,fnirs,yiruid,1back,signal_qc_demographics,random_forest,20260707,309,inner_cv,3,0.45,277,108,169,0.6011943896559281,0.4973723438771242,0.5801829936445322,0.5620581971175833,0.6574074074074074,0.5029585798816568,0.5631768953068592,0.235367033046914,0.07129771538242456,0.5595667870036101
fnirs_yiruid_1back_native,fnirs,yiruid,1back,signal_qc_demographics,random_forest,20260707,309,fixed_0_5,4,0.5,284,109,175,0.5885714285714285,0.4907092763219735,0.5588204456094364,0.552704206221914,0.3119266055045872,0.8057142857142857,0.6161971830985915,0.23573926485868107,0.07282972609956391,0.23943661971830985
fnirs_yiruid_1back_native,fnirs,yiruid,1back,signal_qc_demographics,random_forest,20260707,309,inner_cv,4,0.45,284,109,175,0.5885714285714285,0.4907092763219735,0.5468152031454784,0.5241700279242941,0.6422018348623854,0.4514285714285714,0.5246478873239436,0.23573926485868107,0.07282972609956391,0.5845070422535211
fnirs_yiruid_1back_native,fnirs,yiruid,1back,signal_qc_demographics,hist_gradient_boosting,20260707,309,fixed_0_5,0,0.5,287,113,174,0.5405604719764011,0.4242175934822169,0.5415776624961854,0.5346403301886793,0.5486725663716814,0.5344827586206896,0.5400696864111498,0.24769168157110666,0.10061767253795462,0.49825783972125437
fnirs_yiruid_1back_native,fnirs,yiruid,1back,signal_qc_demographics,hist_gradient_boosting,20260707,309,inner_cv,0,0.5,287,113,174,0.5405604719764011,0.4242175934822169,0.5415776624961854,0.5346403301886793,0.5486725663716814,0.5344827586206896,0.5400696864111498,0.24769168157110666,0.10061767253795462,0.49825783972125437
fnirs_yiruid_1back_native,fnirs,yiruid,1back,signal_qc_demographics,hist_gradient_boosting,20260707,309,fixed_0_5,1,0.5,287,110,177,0.5790446841294299,0.4390214367561269,0.5724191063174113,0.5553318937647158,0.6363636363636364,0.5084745762711864,0.5574912891986062,0.24489153969998545,0.1110255389284066,0.5470383275261324
fnirs_yiruid_1back_native,fnirs,yiruid,1back,signal_qc_demographics,hist_gradient_boosting,20260707,309,inner_cv,1,0.45,287,110,177,0.5790446841294299,0.4390214367561269,0.5402670775552131,0.44733364378941004,0.8545454545454545,0.22598870056497175,0.46689895470383275,0.24489153969998545,0.1110255389284066,0.8048780487804879
fnirs_yiruid_1back_native,fnirs,yiruid,1back,signal_qc_demographics,hist_gradient_boosting,20260707,309,fixed_0_5,2,0.5,287,113,174,0.5683552029295087,0.4487503431188504,0.5588190418065304,0.5535555555555556,0.5486725663716814,0.5689655172413793,0.5609756097560976,0.24590467564186755,0.09999950564492485,0.47735191637630664
fnirs_yiruid_1back_native,fnirs,yiruid,1back,signal_qc_demographics,hist_gradient_boosting,20260707,309,inner_cv,2,0.5,287,113,174,0.5683552029295087,0.4487503431188504,0.5588190418065304,0.5535555555555556,0.5486725663716814,0.5689655172413793,0.5609756097560976,0.24590467564186755,0.09999950564492485,0.47735191637630664
fnirs_yiruid_1back_native,fnirs,yiruid,1back,signal_qc_demographics,hist_gradient_boosting,20260707,309,fixed_0_5,3,0.5,277,108,169,0.5485426254657024,0.4602828971861732,0.549583607275915,0.5442144373673037,0.5370370370370371,0.5621301775147929,0.5523465703971119,0.2465915396046128,0.11054761703656214,0.47653429602888087
fnirs_yiruid_1back_native,fnirs,yiruid,1back,signal_qc_demographics,hist_gradient_boosting,20260707,309,inner_cv,3,0.5,277,108,169,0.5485426254657024,0.4602828971861732,0.549583607275915,0.5442144373673037,0.5370370370370371,0.5621301775147929,0.5523465703971119,0.2465915396046128,0.11054761703656214,0.47653429602888087
fnirs_yiruid_1back_native,fnirs,yiruid,1back,signal_qc_demographics,hist_gradient_boosting,20260707,309,fixed_0_5,4,0.5,284,109,175,0.5169855832241154,0.41655136322459424,0.51478374836173,0.4893796421441591,0.6238532110091743,0.4057142857142857,0.4894366197183099,0.2504498143467812,0.12291965915096917,0.6056338028169014
fnirs_yiruid_1back_native,fnirs,yiruid,1back,signal_qc_demographics,hist_gradient_boosting,20260707,309,inner_cv,4,0.5,284,109,175,0.5169855832241154,0.41655136322459424,0.51478374836173,0.4893796421441591,0.6238532110091743,0.4057142857142857,0.4894366197183099,0.2504498143467812,0.12291965915096917,0.6056338028169014
fnirs_bikom_rest_native,fnirs,bikom,rest,no_information,no_information_prior,20260707,0,fixed_0_5,0,0.5,208,66,142,0.5,0.3173076923076923,0.5,0.4057142857142857,0.0,1.0,0.6826923076923077,0.2166279464186126,0.0021037368070742635,0.0
fnirs_bikom_rest_native,fnirs,bikom,rest,no_information,no_information_prior,20260707,0,inner_cv,0,0.5,208,66,142,0.5,0.3173076923076923,0.5,0.4057142857142857,0.0,1.0,0.6826923076923077,0.2166279464186126,0.0021037368070742635,0.0
fnirs_bikom_rest_native,fnirs,bikom,rest,no_information,no_information_prior,20260707,0,fixed_0_5,1,0.5,198,61,137,0.5,0.30808080808080807,0.5,0.408955223880597,0.0,1.0,0.6919191919191919,0.21325499896928468,0.009379509379509265,0.0
fnirs_bikom_rest_native,fnirs,bikom,rest,no_information,no_information_prior,20260707,0,inner_cv,1,0.5,198,61,137,0.5,0.30808080808080807,0.5,0.408955223880597,0.0,1.0,0.6919191919191919,0.21325499896928468,0.009379509379509265,0.0
fnirs_bikom_rest_native,fnirs,bikom,rest,no_information,no_information_prior,20260707,0,fixed_0_5,2,0.5,199,63,136,0.5,0.3165829145728643,0.5,0.40597014925373137,0.0,1.0,0.6834170854271356,0.21635956397382564,0.0011794915899792091,0.0
fnirs_bikom_rest_native,fnirs,bikom,rest,no_information,no_information_prior,20260707,0,inner_cv,2,0.5,199,63,136,0.5,0.3165829145728643,0.5,0.40597014925373137,0.0,1.0,0.6834170854271356,0.21635956397382564,0.0011794915899792091,0.0
fnirs_bikom_rest_native,fnirs,bikom,rest,no_information,no_information_prior,20260707,0,fixed_0_5,3,0.5,209,68,141,0.5,0.3253588516746411,0.5,0.4028571428571428,0.0,1.0,0.6746411483253588,0.2196502878857453,0.012240039793453006,0.0
fnirs_bikom_rest_native,fnirs,bikom,rest,no_information,no_information_prior,20260707,0,inner_cv,3,0.5,209,68,141,0.5,0.3253588516746411,0.5,0.4028571428571428,0.0,1.0,0.6746411483253588,0.2196502878857453,0.012240039793453006,0.0
fnirs_bikom_rest_native,fnirs,bikom,rest,no_information,no_information_prior,20260707,0,fixed_0_5,4,0.5,203,63,140,0.5,0.3103448275862069,0.5,0.40816326530612246,0.0,1.0,0.6896551724137931,0.21407458770840962,0.006608489367110004,0.0
fnirs_bikom_rest_native,fnirs,bikom,rest,no_information,no_information_prior,20260707,0,inner_cv,4,0.5,203,63,140,0.5,0.3103448275862069,0.5,0.40816326530612246,0.0,1.0,0.6896551724137931,0.21407458770840962,0.006608489367110004,0.0
fnirs_bikom_rest_native,fnirs,bikom,rest,demographics,logistic_regression,20260707,4,fixed_0_5,0,0.5,208,66,142,0.5892552283397354,0.39242993138338633,0.5546308151941954,0.5137914913510987,0.6515151515151515,0.45774647887323944,0.5192307692307693,0.24051087339416086,0.16792140683674783,0.5769230769230769
fnirs_bikom_rest_native,fnirs,bikom,rest,demographics,logistic_regression,20260707,4,inner_cv,0,0.55,208,66,142,0.5892552283397354,0.39242993138338633,0.5580452411438327,0.5592728894836623,0.3484848484848485,0.7676056338028169,0.6346153846153846,0.24051087339416086,0.16792140683674783,0.2692307692307692
fnirs_bikom_rest_native,fnirs,bikom,rest,demographics,logistic_regression,20260707,4,fixed_0_5,1,0.5,198,61,137,0.6508316381476607,0.4534957065087478,0.6362330980016753,0.6014830508474576,0.6885245901639344,0.583941605839416,0.6161616161616161,0.23242275364683404,0.18205089037148886,0.5
fnirs_bikom_rest_native,fnirs,bikom,rest,demographics,logistic_regression,20260707,4,inner_cv,1,0.6,198,61,137,0.6508316381476607,0.4534957065087478,0.5763431853535957,0.5787923416789396,0.32786885245901637,0.8248175182481752,0.6717171717171717,0.23242275364683404,0.18205089037148886,0.2222222222222222
fnirs_bikom_rest_native,fnirs,bikom,rest,demographics,logistic_regression,20260707,4,fixed_0_5,2,0.5,199,63,136,0.670985060690943,0.4809473816292426,0.6048085901027078,0.5747863247863247,0.6507936507936508,0.5588235294117647,0.5879396984924623,0.23526509142286994,0.19316281497087717,0.507537688442211
fnirs_bikom_rest_native,fnirs,bikom,rest,demographics,logistic_regression,20260707,4,inner_cv,2,0.55,199,63,136,0.670985060690943,0.4809473816292426,0.6044000933706816,0.5949053697183099,0.5396825396825397,0.6691176470588235,0.628140703517588,0.23526509142286994,0.19316281497087717,0.3969849246231156
fnirs_bikom_rest_native,fnirs,bikom,rest,demographics,logistic_regression,20260707,4,fixed_0_5,3,0.5,209,68,141,0.5911556111806423,0.4149966937284913,0.5380162703379223,0.5200179937022043,0.5441176470588235,0.5319148936170213,0.5358851674641149,0.24211503494402387,0.1610328283541232,0.49282296650717705
fnirs_bikom_rest_native,fnirs,bikom,rest,demographics,logistic_regression,20260707,4,inner_cv,3,0.55,209,68,141,0.5911556111806423,0.4149966937284913,0.5414580725907384,0.5419271044727656,0.3382352941176471,0.7446808510638298,0.6124401913875598,0.24211503494402387,0.1610328283541232,0.2822966507177033
fnirs_bikom_rest_native,fnirs,bikom,rest,demographics,logistic_regression,20260707,4,fixed_0_5,4,0.5,203,63,140,0.6375283446712018,0.4398809841746603,0.5785714285714285,0.55861663213363,0.5714285714285714,0.5857142857142857,0.5812807881773399,0.23535869969181047,0.17625828473151597,0.4630541871921182
fnirs_bikom_rest_native,fnirs,bikom,rest,demographics,logistic_regression,20260707,4,inner_cv,4,0.5,203,63,140,0.6375283446712018,0.4398809841746603,0.5785714285714285,0.55861663213363,0.5714285714285714,0.5857142857142857,0.5812807881773399,0.23535869969181047,0.17625828473151597,0.4630541871921182
fnirs_bikom_rest_native,fnirs,bikom,rest,demographics,random_forest,20260707,4,fixed_0_5,0,0.5,208,66,142,0.5814127187366624,0.3891528322914632,0.5378787878787878,0.5117486662714879,0.5757575757575758,0.5,0.5240384615384616,0.24155349782502172,0.15807897664006082,0.5240384615384616
fnirs_bikom_rest_native,fnirs,bikom,rest,demographics,random_forest,20260707,4,inner_cv,0,0.45,208,66,142,0.5814127187366624,0.3891528322914632,0.5562313273580879,0.5028657616892911,0.696969696969697,0.4154929577464789,0.5048076923076923,0.24155349782502172,0.15807897664006082,0.6201923076923077
fnirs_bikom_rest_native,fnirs,bikom,rest,demographics,random_forest,20260707,4,fixed_0_5,1,0.5,198,61,137,0.6156515495991385,0.42032218888424067,0.5962067727653464,0.5810963044374227,0.5573770491803278,0.635036496350365,0.6111111111111112,0.2405322032640084,0.18328124012178995,0.42424242424242425
fnirs_bikom_rest_native,fnirs,bikom,rest,demographics,random_forest,20260707,4,inner_cv,1,0.5,198,61,137,0.6156515495991385,0.42032218888424067,0.5962067727653464,0.5810963044374227,0.5573770491803278,0.635036496350365,0.6111111111111112,0.2405322032640084,0.18328124012178995,0.42424242424242425
fnirs_bikom_rest_native,fnirs,bikom,rest,demographics,random_forest,20260707,4,fixed_0_5,2,0.5,199,63,136,0.6137955182072828,0.42299196821786855,0.5535130718954249,0.5339333175442752,0.5555555555555556,0.5514705882352942,0.5527638190954773,0.24076734147690884,0.17306697050421885,0.4824120603015075
fnirs_bikom_rest_native,fnirs,bikom,rest,demographics,random_forest,20260707,4,inner_cv,2,0.55,199,63,136,0.6137955182072828,0.42299196821786855,0.5842670401493931,0.5784838350055741,0.49206349206349204,0.6764705882352942,0.6180904522613065,0.24076734147690884,0.17306697050421885,0.3768844221105528
fnirs_bikom_rest_native,fnirs,bikom,rest,demographics,random_forest,20260707,4,fixed_0_5,3,0.5,209,68,141,0.5909470171047142,0.39928206138191313,0.5367125573633709,0.5295556860442356,0.47058823529411764,0.6028368794326241,0.5598086124401914,0.24319220384484025,0.15500403139527183,0.42105263157894735
fnirs_bikom_rest_native,fnirs,bikom,rest,demographics,random_forest,20260707,4,inner_cv,3,0.5,209,68,141,0.5909470171047142,0.39928206138191313,0.5367125573633709,0.5295556860442356,0.47058823529411764,0.6028368794326241,0.5598086124401914,0.24319220384484025,0.15500403139527183,0.42105263157894735
fnirs_bikom_rest_native,fnirs,bikom,rest,demographics,random_forest,20260707,4,fixed_0_5,4,0.5,203,63,140,0.6357709750566893,0.4345621612086733,0.584920634920635,0.5688458350600911,0.5555555555555556,0.6142857142857143,0.5960591133004927,0.2363995439900777,0.18316837251991563,0.43842364532019706
fnirs_bikom_rest_native,fnirs,bikom,rest,demographics,random_forest,20260707,4,inner_cv,4,0.5,203,63,140,0.6357709750566893,0.4345621612086733,0.584920634920635,0.5688458350600911,0.5555555555555556,0.6142857142857143,0.5960591133004927,0.2363995439900777,0.18316837251991563,0.43842364532019706
fnirs_bikom_rest_native,fnirs,bikom,rest,demographics,hist_gradient_boosting,20260707,4,fixed_0_5,0,0.5,208,66,142,0.5846670934699103,0.3849822257356057,0.5676483141271873,0.5371212121212121,0.6212121212121212,0.5140845070422535,0.5480769230769231,0.24372866929648118,0.17517747408709805,0.5288461538461539
fnirs_bikom_rest_native,fnirs,bikom,rest,demographics,hist_gradient_boosting,20260707,4,inner_cv,0,0.5,208,66,142,0.5846670934699103,0.3849822257356057,0.5676483141271873,0.5371212121212121,0.6212121212121212,0.5140845070422535,0.5480769230769231,0.24372866929648118,0.17517747408709805,0.5288461538461539
fnirs_bikom_rest_native,fnirs,bikom,rest,demographics,hist_gradient_boosting,20260707,4,fixed_0_5,1,0.5,198,61,137,0.6215747277731243,0.4081005707214147,0.6016513102788081,0.5814634146341464,0.5901639344262295,0.6131386861313869,0.6060606060606061,0.2426382792635138,0.18627865678566896,0.4494949494949495
fnirs_bikom_rest_native,fnirs,bikom,rest,demographics,hist_gradient_boosting,20260707,4,inner_cv,1,0.55,198,61,137,0.6215747277731243,0.4081005707214147,0.5600095728132105,0.5542483660130719,0.22950819672131148,0.8905109489051095,0.6868686868686869,0.2426382792635138,0.18627865678566896,0.14646464646464646
fnirs_bikom_rest_native,fnirs,bikom,rest,demographics,hist_gradient_boosting,20260707,4,fixed_0_5,2,0.5,199,63,136,0.6139122315592904,0.4114840541605024,0.5906862745098038,0.5539840791405828,0.6666666666666666,0.5147058823529411,0.5628140703517588,0.24313830571311462,0.18328896183363846,0.542713567839196
fnirs_bikom_rest_native,fnirs,bikom,rest,demographics,hist_gradient_boosting,20260707,4,inner_cv,2,0.5,199,63,136,0.6139122315592904,0.4114840541605024,0.5906862745098038,0.5539840791405828,0.6666666666666666,0.5147058823529411,0.5628140703517588,0.24313830571311462,0.18328896183363846,0.542713567839196
fnirs_bikom_rest_native,fnirs,bikom,rest,demographics,hist_gradient_boosting,20260707,4,fixed_0_5,3,0.5,209,68,141,0.6003858990404672,0.388855143457808,0.5785878181059658,0.5499063670411986,0.6323529411764706,0.524822695035461,0.5598086124401914,0.24274201628845785,0.1691437670502804,0.5263157894736842
fnirs_bikom_rest_native,fnirs,bikom,rest,demographics,hist_gradient_boosting,20260707,4,inner_cv,3,0.5,209,68,141,0.6003858990404672,0.388855143457808,0.5785878181059658,0.5499063670411986,0.6323529411764706,0.524822695035461,0.5598086124401914,0.24274201628845785,0.1691437670502804,0.5263157894736842
fnirs_bikom_rest_native,fnirs,bikom,rest,demographics,hist_gradient_boosting,20260707,4,fixed_0_5,4,0.5,203,63,140,0.6155895691609977,0.41380304746643476,0.5797619047619047,0.568119139547711,0.5238095238095238,0.6357142857142857,0.6009852216748769,0.24303164582580555,0.18448297349709947,0.41379310344827586
fnirs_bikom_rest_native,fnirs,bikom,rest,demographics,hist_gradient_boosting,20260707,4,inner_cv,4,0.5,203,63,140,0.6155895691609977,0.41380304746643476,0.5797619047619047,0.568119139547711,0.5238095238095238,0.6357142857142857,0.6009852216748769,0.24303164582580555,0.18448297349709947,0.41379310344827586
fnirs_bikom_rest_native,fnirs,bikom,rest,qc,logistic_regression,20260707,18,fixed_0_5,0,0.5,208,66,142,0.5205932565087493,0.3760342889684046,0.47023047375160054,0.45686701962005605,0.45454545454545453,0.4859154929577465,0.47596153846153844,0.25413375829258994,0.1919778676178988,0.4951923076923077
fnirs_bikom_rest_native,fnirs,bikom,rest,qc,logistic_regression,20260707,18,inner_cv,0,0.65,208,66,142,0.5205932565087493,0.3760342889684046,0.5,0.4057142857142857,0.0,1.0,0.6826923076923077,0.25413375829258994,0.1919778676178988,0.0
fnirs_bikom_rest_native,fnirs,bikom,rest,qc,logistic_regression,20260707,18,fixed_0_5,1,0.5,198,61,137,0.5079574009812133,0.3645463641059104,0.5039487854493239,0.4390362183822966,0.6721311475409836,0.3357664233576642,0.4393939393939394,0.2515362748735524,0.20577859717869612,0.6666666666666666
fnirs_bikom_rest_native,fnirs,bikom,rest,qc,logistic_regression,20260707,18,inner_cv,1,0.6,198,61,137,0.5079574009812133,0.3645463641059104,0.5163934426229508,0.44315744315744315,0.03278688524590164,1.0,0.702020202020202,0.2515362748735524,0.20577859717869612,0.010101010101010102
fnirs_bikom_rest_native,fnirs,bikom,rest,qc,logistic_regression,20260707,18,fixed_0_5,2,0.5,199,63,136,0.4780578898225957,0.3150739823700345,0.46486928104575165,0.45239405613648875,0.4444444444444444,0.4852941176470588,0.4723618090452261,0.2525559333450323,0.18541831460227032,0.49246231155778897
fnirs_bikom_rest_native,fnirs,bikom,rest,qc,logistic_regression,20260707,18,inner_cv,2,0.5,199,63,136,0.4780578898225957,0.3150739823700345,0.46486928104575165,0.45239405613648875,0.4444444444444444,0.4852941176470588,0.4723618090452261,0.2525559333450323,0.18541831460227032,0.49246231155778897
fnirs_bikom_rest_native,fnirs,bikom,rest,qc,logistic_regression,20260707,18,fixed_0_5,3,0.5,209,68,141,0.4941593658740092,0.3214409796068247,0.48706716729244887,0.4745256166982922,0.47058823529411764,0.5035460992907801,0.49282296650717705,0.24799625454087554,0.17393185874294192,0.4880382775119617
fnirs_bikom_rest_native,fnirs,bikom,rest,qc,logistic_regression,20260707,18,inner_cv,3,0.55,209,68,141,0.4941593658740092,0.3214409796068247,0.49316854401335,0.41080007941234864,0.014705882352941176,0.9716312056737588,0.6602870813397129,0.24799625454087554,0.17393185874294192,0.023923444976076555
fnirs_bikom_rest_native,fnirs,bikom,rest,qc,logistic_regression,20260707,18,fixed_0_5,4,0.5,203,63,140,0.5069160997732426,0.3269328060660922,0.5123015873015873,0.5017954480870082,0.4603174603174603,0.5642857142857143,0.5320197044334976,0.24812095428235423,0.1846331358928678,0.4433497536945813
fnirs_bikom_rest_native,fnirs,bikom,rest,qc,logistic_regression,20260707,18,inner_cv,4,0.75,203,63,140,0.5069160997732426,0.3269328060660922,0.5,0.40816326530612246,0.0,1.0,0.6896551724137931,0.24812095428235423,0.1846331358928678,0.0
fnirs_bikom_rest_native,fnirs,bikom,rest,qc,random_forest,20260707,18,fixed_0_5,0,0.5,208,66,142,0.4700170721297482,0.3174715772473631,0.4616944088775075,0.4580753606947752,0.21212121212121213,0.7112676056338029,0.5528846153846154,0.24164375489027373,0.14031323528912726,0.2644230769230769
fnirs_bikom_rest_native,fnirs,bikom,rest,qc,random_forest,20260707,18,inner_cv,0,0.5,208,66,142,0.4700170721297482,0.3174715772473631,0.4616944088775075,0.4580753606947752,0.21212121212121213,0.7112676056338029,0.5528846153846154,0.24164375489027373,0.14031323528912726,0.2644230769230769
fnirs_bikom_rest_native,fnirs,bikom,rest,qc,random_forest,20260707,18,fixed_0_5,1,0.5,198,61,137,0.42718678951776956,0.28346164960232245,0.46876869690080175,0.46693485997214923,0.22950819672131148,0.708029197080292,0.5606060606060606,0.24952036040403142,0.17418951927924128,0.2727272727272727
fnirs_bikom_rest_native,fnirs,bikom,rest,qc,random_forest,20260707,18,inner_cv,1,0.4,198,61,137,0.42718678951776956,0.28346164960232245,0.42377647481153524,0.37750172532781234,0.5409836065573771,0.30656934306569344,0.3787878787878788,0.24952036040403142,0.17418951927924128,0.6464646464646465
fnirs_bikom_rest_native,fnirs,bikom,rest,qc,random_forest,20260707,18,fixed_0_5,2,0.5,199,63,136,0.5332633053221288,0.34673865369600765,0.487686741363212,0.48593094636260104,0.36507936507936506,0.6102941176470589,0.5326633165829145,0.24421643510308336,0.17093328712310196,0.38190954773869346
fnirs_bikom_rest_native,fnirs,bikom,rest,qc,random_forest,20260707,18,inner_cv,2,0.2,199,63,136,0.5332633053221288,0.34673865369600765,0.5,0.24045801526717558,1.0,0.0,0.3165829145728643,0.24421643510308336,0.17093328712310196,1.0
fnirs_bikom_rest_native,fnirs,bikom,rest,qc,random_forest,20260707,18,fixed_0_5,3,0.5,209,68,141,0.5579891531080516,0.3602371407032211,0.5011472674176053,0.49888383629599004,0.2647058823529412,0.7375886524822695,0.583732057416268,0.23427611116888844,0.1279151796100918,0.2631578947368421
fnirs_bikom_rest_native,fnirs,bikom,rest,qc,random_forest,20260707,18,inner_cv,3,0.35,209,68,141,0.5579891531080516,0.3602371407032211,0.5308719232373801,0.3549382716049383,0.9411764705882353,0.12056737588652482,0.3875598086124402,0.23427611116888844,0.1279151796100918,0.8995215311004785
fnirs_bikom_rest_native,fnirs,bikom,rest,qc,random_forest,20260707,18,fixed_0_5,4,0.5,203,63,140,0.37936507936507935,0.2555922287090888,0.44920634920634916,0.44995576199955756,0.2698412698412698,0.6285714285714286,0.5172413793103449,0.2532954124111352,0.1786483115518589,0.3399014778325123
fnirs_bikom_rest_native,fnirs,bikom,rest,qc,random_forest,20260707,18,inner_cv,4,0.5,203,63,140,0.37936507936507935,0.2555922287090888,0.44920634920634916,0.44995576199955756,0.2698412698412698,0.6285714285714286,0.5172413793103449,0.2532954124111352,0.1786483115518589,0.3399014778325123
fnirs_bikom_rest_native,fnirs,bikom,rest,qc,hist_gradient_boosting,20260707,18,fixed_0_5,0,0.5,208,66,142,0.5061352966282544,0.33136486286111233,0.4973324797268459,0.49098998887652945,0.42424242424242425,0.5704225352112676,0.5240384615384616,0.246486162646967,0.1754402899838678,0.42788461538461536
fnirs_bikom_rest_native,fnirs,bikom,rest,qc,hist_gradient_boosting,20260707,18,inner_cv,0,0.55,208,66,142,0.5061352966282544,0.33136486286111233,0.5192061459667093,0.4503715937241949,0.045454545454545456,0.9929577464788732,0.6923076923076923,0.246486162646967,0.1754402899838678,0.019230769230769232
fnirs_bikom_rest_native,fnirs,bikom,rest,qc,hist_gradient_boosting,20260707,18,fixed_0_5,1,0.5,198,61,137,0.4673926050017948,0.3109978315782935,0.43227234653583824,0.43303321033210335,0.22950819672131148,0.635036496350365,0.51010101010101,0.2512350962950036,0.19614599591488902,0.32323232323232326
fnirs_bikom_rest_native,fnirs,bikom,rest,qc,hist_gradient_boosting,20260707,18,inner_cv,1,0.55,198,61,137,0.4673926050017948,0.3109978315782935,0.5235730525308125,0.5065282892534315,0.16393442622950818,0.8832116788321168,0.6616161616161617,0.2512350962950036,0.19614599591488902,0.13131313131313133
fnirs_bikom_rest_native,fnirs,bikom,rest,qc,hist_gradient_boosting,20260707,18,fixed_0_5,2,0.5,199,63,136,0.5419000933706816,0.3438434946583577,0.5101540616246498,0.4980751360679676,0.47619047619047616,0.5441176470588235,0.5226130653266332,0.2482497466663999,0.18192554630219532,0.4623115577889447
fnirs_bikom_rest_native,fnirs,bikom,rest,qc,hist_gradient_boosting,20260707,18,inner_cv,2,0.45,199,63,136,0.5419000933706816,0.3438434946583577,0.5172152194211018,0.3042523782421335,0.9682539682539683,0.0661764705882353,0.35175879396984927,0.2482497466663999,0.18192554630219532,0.9447236180904522
fnirs_bikom_rest_native,fnirs,bikom,rest,qc,hist_gradient_boosting,20260707,18,fixed_0_5,3,0.5,209,68,141,0.556528994576554,0.3752160479614933,0.5600750938673342,0.5372621066515922,0.5882352941176471,0.5319148936170213,0.5502392344497608,0.24708948275400466,0.17215876838934635,0.507177033492823
fnirs_bikom_rest_native,fnirs,bikom,rest,qc,hist_gradient_boosting,20260707,18,inner_cv,3,0.55,209,68,141,0.556528994576554,0.3752160479614933,0.5013037129745516,0.4512857399748247,0.07352941176470588,0.9290780141843972,0.6507177033492823,0.24708948275400466,0.17215876838934635,0.07177033492822966
fnirs_bikom_rest_native,fnirs,bikom,rest,qc,hist_gradient_boosting,20260707,18,fixed_0_5,4,0.5,203,63,140,0.4520408163265306,0.322075809423388,0.4468253968253968,0.4167955801104973,0.5079365079365079,0.38571428571428573,0.4236453201970443,0.2535703960788837,0.19426421868005878,0.5812807881773399
fnirs_bikom_rest_native,fnirs,bikom,rest,qc,hist_gradient_boosting,20260707,18,inner_cv,4,0.45,203,63,140,0.4520408163265306,0.322075809423388,0.4996031746031746,0.3025128205128205,0.9206349206349206,0.07857142857142857,0.3399014778325123,0.2535703960788837,0.19426421868005878,0.9211822660098522
fnirs_bikom_rest_native,fnirs,bikom,rest,signal,logistic_regression,20260707,380,fixed_0_5,0,0.5,208,66,142,0.5082159624413145,0.354579279764868,0.5205932565087494,0.5085616855437828,0.48484848484848486,0.5563380281690141,0.5336538461538461,0.29910754246143123,0.2530429373303289,0.4567307692307692
fnirs_bikom_rest_native,fnirs,bikom,rest,signal,logistic_regression,20260707,380,inner_cv,0,0.35,208,66,142,0.5082159624413145,0.354579279764868,0.49829278702518137,0.44184324974553524,0.6515151515151515,0.34507042253521125,0.4423076923076923,0.29910754246143123,0.2530429373303289,0.6538461538461539
fnirs_bikom_rest_native,fnirs,bikom,rest,signal,logistic_regression,20260707,380,fixed_0_5,1,0.5,198,61,137,0.532248414502812,0.3423208311703128,0.5059231781739859,0.4861228813559323,0.5081967213114754,0.5036496350364964,0.5050505050505051,0.27065963605001375,0.19939390484758396,0.5
fnirs_bikom_rest_native,fnirs,bikom,rest,signal,logistic_regression,20260707,380,inner_cv,1,0.65,198,61,137,0.532248414502812,0.3423208311703128,0.48982888596386265,0.47301181731076336,0.14754098360655737,0.8321167883211679,0.6212121212121212,0.27065963605001375,0.19939390484758396,0.16161616161616163
fnirs_bikom_rest_native,fnirs,bikom,rest,signal,logistic_regression,20260707,380,fixed_0_5,2,0.5,199,63,136,0.5089869281045751,0.3234178240635021,0.5378151260504201,0.5341137123745819,0.42857142857142855,0.6470588235294118,0.5778894472361809,0.30303566182546454,0.27123222947460096,0.3768844221105528
fnirs_bikom_rest_native,fnirs,bikom,rest,signal,logistic_regression,20260707,380,inner_cv,2,0.45,199,63,136,0.5089869281045751,0.3234178240635021,0.527952847805789,0.5199880749112393,0.4603174603174603,0.5955882352941176,0.5527638190954773,0.30303566182546454,0.27123222947460096,0.4221105527638191
fnirs_bikom_rest_native,fnirs,bikom,rest,signal,logistic_regression,20260707,380,fixed_0_5,3,0.5,209,68,141,0.5715477680433876,0.3822038270538976,0.5380162703379223,0.5200179937022043,0.5441176470588235,0.5319148936170213,0.5358851674641149,0.2627962524345315,0.1903932728044156,0.49282296650717705
fnirs_bikom_rest_native,fnirs,bikom,rest,signal,logistic_regression,20260707,380,inner_cv,3,0.6,209,68,141,0.5715477680433876,0.3822038270538976,0.5414580725907384,0.5419271044727656,0.3382352941176471,0.7446808510638298,0.6124401913875598,0.2627962524345315,0.1903932728044156,0.2822966507177033
fnirs_bikom_rest_native,fnirs,bikom,rest,signal,logistic_regression,20260707,380,fixed_0_5,4,0.5,203,63,140,0.4973922902494331,0.33236364056386863,0.4873015873015873,0.48721721027064535,0.31746031746031744,0.6571428571428571,0.5517241379310345,0.26523821277700144,0.1972969525114577,0.33497536945812806
fnirs_bikom_rest_native,fnirs,bikom,rest,signal,logistic_regression,20260707,380,inner_cv,4,0.55,203,63,140,0.4973922902494331,0.33236364056386863,0.4984126984126984,0.49651875093381137,0.25396825396825395,0.7428571428571429,0.5911330049261084,0.26523821277700144,0.1972969525114577,0.2561576354679803
fnirs_bikom_rest_native,fnirs,bikom,rest,signal,random_forest,20260707,380,fixed_0_5,0,0.5,208,66,142,0.5134443021766966,0.34603888129506943,0.5051216389244558,0.44112533586217795,0.045454545454545456,0.9647887323943662,0.6730769230769231,0.22527511165184172,0.09037296121043918,0.038461538461538464
fnirs_bikom_rest_native,fnirs,bikom,rest,signal,random_forest,20260707,380,inner_cv,0,0.35,208,66,142,0.5134443021766966,0.34603888129506943,0.5169654289372598,0.45641666088484933,0.6818181818181818,0.352112676056338,0.4567307692307692,0.22527511165184172,0.09037296121043918,0.6586538461538461
fnirs_bikom_rest_native,fnirs,bikom,rest,signal,random_forest,20260707,380,fixed_0_5,1,0.5,198,61,137,0.5669498623908101,0.3682904035012646,0.5172908938614336,0.4545454545454546,0.04918032786885246,0.9854014598540146,0.696969696969697,0.21488907807044436,0.0714565434739475,0.025252525252525252
fnirs_bikom_rest_native,fnirs,bikom,rest,signal,random_forest,20260707,380,inner_cv,1,0.4,198,61,137,0.5669498623908101,0.3682904035012646,0.553428263731004,0.548820781588242,0.4426229508196721,0.6642335766423357,0.5959595959595959,0.21488907807044436,0.0714565434739475,0.3686868686868687
fnirs_bikom_rest_native,fnirs,bikom,rest,signal,random_forest,20260707,380,fixed_0_5,2,0.5,199,63,136,0.5011671335200747,0.3532704879998024,0.5091036414565826,0.44529616724738674,0.047619047619047616,0.9705882352941176,0.678391959798995,0.2233609380558541,0.08015275664321855,0.035175879396984924
fnirs_bikom_rest_native,fnirs,bikom,rest,signal,random_forest,20260707,380,inner_cv,2,0.4,199,63,136,0.5011671335200747,0.3532704879998024,0.5300536881419234,0.5302058111380146,0.31746031746031744,0.7426470588235294,0.6080402010050251,0.2233609380558541,0.08015275664321855,0.27638190954773867
fnirs_bikom_rest_native,fnirs,bikom,rest,signal,random_forest,20260707,380,fixed_0_5,3,0.5,209,68,141,0.5444305381727159,0.3732748714786967,0.5007822277847309,0.4348554671135317,0.04411764705882353,0.9574468085106383,0.6602870813397129,0.2218450841702328,0.055091916320724806,0.0430622009569378
fnirs_bikom_rest_native,fnirs,bikom,rest,signal,random_forest,20260707,380,inner_cv,3,0.4,209,68,141,0.5444305381727159,0.3732748714786967,0.5275344180225282,0.5276960269077149,0.35294117647058826,0.7021276595744681,0.5885167464114832,0.2218450841702328,0.055091916320724806,0.3157894736842105
fnirs_bikom_rest_native,fnirs,bikom,rest,signal,random_forest,20260707,380,fixed_0_5,4,0.5,203,63,140,0.4603174603174603,0.2858297201148564,0.48611111111111116,0.4472378678801895,0.07936507936507936,0.8928571428571429,0.6403940886699507,0.23186488554778723,0.09500080480429313,0.09852216748768473
fnirs_bikom_rest_native,fnirs,bikom,rest,signal,random_forest,20260707,380,inner_cv,4,0.45,203,63,140,0.4603174603174603,0.2858297201148564,0.43134920634920637,0.4197116579666916,0.12698412698412698,0.7357142857142858,0.5467980295566502,0.23186488554778723,0.09500080480429313,0.22167487684729065
fnirs_bikom_rest_native,fnirs,bikom,rest,signal,hist_gradient_boosting,20260707,380,fixed_0_5,0,0.5,208,66,142,0.4569462227912932,0.3016688647758914,0.4859154929577465,0.4665146765460245,0.5,0.47183098591549294,0.4807692307692308,0.25249050132391676,0.18090722419201488,0.5192307692307693
fnirs_bikom_rest_native,fnirs,bikom,rest,signal,hist_gradient_boosting,20260707,380,inner_cv,0,0.5,208,66,142,0.4569462227912932,0.3016688647758914,0.4859154929577465,0.4665146765460245,0.5,0.47183098591549294,0.4807692307692308,0.25249050132391676,0.18090722419201488,0.5192307692307693
fnirs_bikom_rest_native,fnirs,bikom,rest,signal,hist_gradient_boosting,20260707,380,fixed_0_5,1,0.5,198,61,137,0.536915160942922,0.35840809868765877,0.5287782697140122,0.5198412698412698,0.45901639344262296,0.5985401459854015,0.5555555555555556,0.2457191205003329,0.19019802824677431,0.41919191919191917
fnirs_bikom_rest_native,fnirs,bikom,rest,signal,hist_gradient_boosting,20260707,380,inner_cv,1,0.6,198,61,137,0.536915160942922,0.35840809868765877,0.5081967213114754,0.4263086729766274,0.01639344262295082,1.0,0.696969696969697,0.2457191205003329,0.19019802824677431,0.005050505050505051
fnirs_bikom_rest_native,fnirs,bikom,rest,signal,hist_gradient_boosting,20260707,380,fixed_0_5,2,0.5,199,63,136,0.5514122315592903,0.37825847209938734,0.5403244631185807,0.5391543013980616,0.3968253968253968,0.6838235294117647,0.592964824120603,0.24306494585841434,0.16833601799817116,0.3417085427135678
fnirs_bikom_rest_native,fnirs,bikom,rest,signal,hist_gradient_boosting,20260707,380,inner_cv,2,0.55,199,63,136,0.5514122315592903,0.37825847209938734,0.49807422969187676,0.43801896733403584,0.047619047619047616,0.9485294117647058,0.6633165829145728,0.24306494585841434,0.16833601799817116,0.05025125628140704
fnirs_bikom_rest_native,fnirs,bikom,rest,signal,hist_gradient_boosting,20260707,380,fixed_0_5,3,0.5,209,68,141,0.5271172298706717,0.3614195866717661,0.540258656654151,0.533447810621857,0.47058823529411764,0.6099290780141844,0.5645933014354066,0.24656774157658537,0.16647909009076634,0.41626794258373206
fnirs_bikom_rest_native,fnirs,bikom,rest,signal,hist_gradient_boosting,20260707,380,inner_cv,3,0.55,209,68,141,0.5271172298706717,0.3614195866717661,0.5045890696704214,0.4459131473806057,0.058823529411764705,0.950354609929078,0.6602870813397129,0.24656774157658537,0.16647909009076634,0.05263157894736842
fnirs_bikom_rest_native,fnirs,bikom,rest,signal,hist_gradient_boosting,20260707,380,fixed_0_5,4,0.5,203,63,140,0.46077097505668935,0.3203700026646468,0.4603174603174603,0.4582375478927203,0.3492063492063492,0.5714285714285714,0.5024630541871922,0.2494695762403717,0.18209843243800267,0.4039408866995074
fnirs_bikom_rest_native,fnirs,bikom,rest,signal,hist_gradient_boosting,20260707,380,inner_cv,4,0.55,203,63,140,0.46077097505668935,0.3203700026646468,0.5226190476190475,0.48197767145135567,0.09523809523809523,0.95,0.6847290640394089,0.2494695762403717,0.18209843243800267,0.06403940886699508
fnirs_bikom_rest_native,fnirs,bikom,rest,signal_qc,logistic_regression,20260707,398,fixed_0_5,0,0.5,208,66,142,0.5073623559539053,0.35039152918083083,0.5241143832693129,0.5125,0.48484848484848486,0.5633802816901409,0.5384615384615384,0.298292215572349,0.24550629069426008,0.4519230769230769
fnirs_bikom_rest_native,fnirs,bikom,rest,signal_qc,logistic_regression,20260707,398,inner_cv,0,0.2,208,66,142,0.5073623559539053,0.35039152918083083,0.49114383269312845,0.3396825396825397,0.8484848484848485,0.13380281690140844,0.3605769230769231,0.298292215572349,0.24550629069426008,0.8605769230769231
fnirs_bikom_rest_native,fnirs,bikom,rest,signal_qc,logistic_regression,20260707,398,fixed_0_5,1,0.5,198,61,137,0.5407442862271149,0.35996699288477857,0.5132224482469786,0.49452185937666204,0.5081967213114754,0.5182481751824818,0.5151515151515151,0.2678471760216391,0.21658726015771768,0.4898989898989899
fnirs_bikom_rest_native,fnirs,bikom,rest,signal_qc,logistic_regression,20260707,398,inner_cv,1,0.65,198,61,137,0.5407442862271149,0.35996699288477857,0.5107694148617925,0.5016377616108678,0.19672131147540983,0.8248175182481752,0.6313131313131313,0.2678471760216391,0.21658726015771768,0.18181818181818182
fnirs_bikom_rest_native,fnirs,bikom,rest,signal_qc,logistic_regression,20260707,398,fixed_0_5,2,0.5,199,63,136,0.4760737628384687,0.300115169679642,0.46872082166199813,0.46731241548693325,0.3492063492063492,0.5882352941176471,0.5125628140703518,0.287327403504929,0.20498464932768387,0.39195979899497485
fnirs_bikom_rest_native,fnirs,bikom,rest,signal_qc,logistic_regression,20260707,398,inner_cv,2,0.5,199,63,136,0.4760737628384687,0.300115169679642,0.46872082166199813,0.46731241548693325,0.3492063492063492,0.5882352941176471,0.5125628140703518,0.287327403504929,0.20498464932768387,0.39195979899497485
fnirs_bikom_rest_native,fnirs,bikom,rest,signal_qc,logistic_regression,20260707,398,fixed_0_5,3,0.5,209,68,141,0.5354609929078014,0.3594409743340812,0.5187213183145598,0.5115871470301849,0.45588235294117646,0.5815602836879432,0.5406698564593302,0.2982871842597623,0.22515289669596106,0.430622009569378
fnirs_bikom_rest_native,fnirs,bikom,rest,signal_qc,logistic_regression,20260707,398,inner_cv,3,0.4,209,68,141,0.5354609929078014,0.3594409743340812,0.5246141009595328,0.49516908212560395,0.5882352941176471,0.46099290780141844,0.5023923444976076,0.2982871842597623,0.22515289669596106,0.5550239234449761
fnirs_bikom_rest_native,fnirs,bikom,rest,signal_qc,logistic_regression,20260707,398,fixed_0_5,4,0.5,203,63,140,0.4984126984126984,0.33638194039727737,0.49087301587301585,0.49080267558528423,0.31746031746031744,0.6642857142857143,0.5566502463054187,0.26546786387239685,0.19441735989464476,0.33004926108374383
fnirs_bikom_rest_native,fnirs,bikom,rest,signal_qc,logistic_regression,20260707,398,inner_cv,4,0.55,203,63,140,0.4984126984126984,0.33638194039727737,0.4904761904761905,0.48774333093006494,0.23809523809523808,0.7428571428571429,0.5862068965517241,0.26546786387239685,0.19441735989464476,0.2512315270935961
fnirs_bikom_rest_native,fnirs,bikom,rest,signal_qc,random_forest,20260707,398,fixed_0_5,0,0.5,208,66,142,0.5193128467776355,0.3247928668872413,0.4986128894579599,0.44529166510160384,0.06060606060606061,0.9366197183098591,0.6586538461538461,0.2253507808198942,0.09489565052041557,0.0625
fnirs_bikom_rest_native,fnirs,bikom,rest,signal_qc,random_forest,20260707,398,inner_cv,0,0.45,208,66,142,0.5193128467776355,0.3247928668872413,0.5012804097311139,0.47773225849081535,0.13636363636363635,0.8661971830985915,0.6346153846153846,0.2253507808198942,0.09489565052041557,0.1346153846153846
fnirs_bikom_rest_native,fnirs,bikom,rest,signal_qc,random_forest,20260707,398,fixed_0_5,1,0.5,198,61,137,0.5137010889075027,0.3429636385658916,0.48534162977144907,0.4412191582002903,0.06557377049180328,0.9051094890510949,0.6464646464646465,0.22521401030202554,0.10793881043269404,0.08585858585858586
fnirs_bikom_rest_native,fnirs,bikom,rest,signal_qc,random_forest,20260707,398,inner_cv,1,0.4,198,61,137,0.5137010889075027,0.3429636385658916,0.4757688165609668,0.4387176579734048,0.5573770491803278,0.39416058394160586,0.4444444444444444,0.22521401030202554,0.10793881043269404,0.5909090909090909
fnirs_bikom_rest_native,fnirs,bikom,rest,signal_qc,random_forest,20260707,398,fixed_0_5,2,0.5,199,63,136,0.5504201680672268,0.3977018770501097,0.5292366946778712,0.48540206873540204,0.09523809523809523,0.9632352941176471,0.6884422110552764,0.21920669566363793,0.07567936336992685,0.05527638190954774
fnirs_bikom_rest_native,fnirs,bikom,rest,signal_qc,random_forest,20260707,398,inner_cv,2,0.35,199,63,136,0.5504201680672268,0.3977018770501097,0.5336134453781513,0.4672155991109315,0.7142857142857143,0.35294117647058826,0.46733668341708545,0.21920669566363793,0.07567936336992685,0.6683417085427136
fnirs_bikom_rest_native,fnirs,bikom,rest,signal_qc,random_forest,20260707,398,fixed_0_5,3,0.5,209,68,141,0.5457863996662495,0.4024428668964379,0.5149666249478515,0.4439944411355966,0.04411764705882353,0.9858156028368794,0.6794258373205742,0.22118762870441386,0.10074524595928218,0.023923444976076555
fnirs_bikom_rest_native,fnirs,bikom,rest,signal_qc,random_forest,20260707,398,inner_cv,3,0.55,209,68,141,0.5457863996662495,0.4024428668964379,0.5,0.4028571428571428,0.0,1.0,0.6746411483253588,0.22118762870441386,0.10074524595928218,0.0
fnirs_bikom_rest_native,fnirs,bikom,rest,signal_qc,random_forest,20260707,398,fixed_0_5,4,0.5,203,63,140,0.45612244897959187,0.29147118848961584,0.4825396825396825,0.4446169772256729,0.07936507936507936,0.8857142857142857,0.6354679802955665,0.23290079456804896,0.09763176282185199,0.10344827586206896
fnirs_bikom_rest_native,fnirs,bikom,rest,signal_qc,random_forest,20260707,398,inner_cv,4,0.45,203,63,140,0.45612244897959187,0.29147118848961584,0.4666666666666667,0.4606504809894641,0.19047619047619047,0.7428571428571429,0.5714285714285714,0.23290079456804896,0.09763176282185199,0.23645320197044334
fnirs_bikom_rest_native,fnirs,bikom,rest,signal_qc,hist_gradient_boosting,20260707,398,fixed_0_5,0,0.5,208,66,142,0.4569462227912932,0.3016688647758914,0.4859154929577465,0.4665146765460245,0.5,0.47183098591549294,0.4807692307692308,0.25249050132391676,0.18090722419201488,0.5192307692307693
fnirs_bikom_rest_native,fnirs,bikom,rest,signal_qc,hist_gradient_boosting,20260707,398,inner_cv,0,0.5,208,66,142,0.4569462227912932,0.3016688647758914,0.4859154929577465,0.4665146765460245,0.5,0.47183098591549294,0.4807692307692308,0.25249050132391676,0.18090722419201488,0.5192307692307693
fnirs_bikom_rest_native,fnirs,bikom,rest,signal_qc,hist_gradient_boosting,20260707,398,fixed_0_5,1,0.5,198,61,137,0.536915160942922,0.35840809868765877,0.5287782697140122,0.5198412698412698,0.45901639344262296,0.5985401459854015,0.5555555555555556,0.2457191205003329,0.19019802824677431,0.41919191919191917
fnirs_bikom_rest_native,fnirs,bikom,rest,signal_qc,hist_gradient_boosting,20260707,398,inner_cv,1,0.6,198,61,137,0.536915160942922,0.35840809868765877,0.5081967213114754,0.4263086729766274,0.01639344262295082,1.0,0.696969696969697,0.2457191205003329,0.19019802824677431,0.005050505050505051
fnirs_bikom_rest_native,fnirs,bikom,rest,signal_qc,hist_gradient_boosting,20260707,398,fixed_0_5,2,0.5,199,63,136,0.5514122315592903,0.37825847209938734,0.5403244631185807,0.5391543013980616,0.3968253968253968,0.6838235294117647,0.592964824120603,0.24306494585841434,0.16833601799817116,0.3417085427135678
fnirs_bikom_rest_native,fnirs,bikom,rest,signal_qc,hist_gradient_boosting,20260707,398,inner_cv,2,0.55,199,63,136,0.5514122315592903,0.37825847209938734,0.49807422969187676,0.43801896733403584,0.047619047619047616,0.9485294117647058,0.6633165829145728,0.24306494585841434,0.16833601799817116,0.05025125628140704
fnirs_bikom_rest_native,fnirs,bikom,rest,signal_qc,hist_gradient_boosting,20260707,398,fixed_0_5,3,0.5,209,68,141,0.5271172298706717,0.3614195866717661,0.540258656654151,0.533447810621857,0.47058823529411764,0.6099290780141844,0.5645933014354066,0.24656774157658537,0.16647909009076634,0.41626794258373206
fnirs_bikom_rest_native,fnirs,bikom,rest,signal_qc,hist_gradient_boosting,20260707,398,inner_cv,3,0.55,209,68,141,0.5271172298706717,0.3614195866717661,0.5045890696704214,0.4459131473806057,0.058823529411764705,0.950354609929078,0.6602870813397129,0.24656774157658537,0.16647909009076634,0.05263157894736842
fnirs_bikom_rest_native,fnirs,bikom,rest,signal_qc,hist_gradient_boosting,20260707,398,fixed_0_5,4,0.5,203,63,140,0.4702947845804988,0.32833342967104473,0.4869047619047619,0.48346055979643765,0.38095238095238093,0.5928571428571429,0.5270935960591133,0.24853250837363886,0.17371534569103717,0.39901477832512317
fnirs_bikom_rest_native,fnirs,bikom,rest,signal_qc,hist_gradient_boosting,20260707,398,inner_cv,4,0.55,203,63,140,0.4702947845804988,0.32833342967104473,0.5226190476190475,0.48197767145135567,0.09523809523809523,0.95,0.6847290640394089,0.24853250837363886,0.17371534569103717,0.06403940886699508
fnirs_bikom_rest_native,fnirs,bikom,rest,signal_demographics,logistic_regression,20260707,384,fixed_0_5,0,0.5,208,66,142,0.5453478446436193,0.3447183053685418,0.5195262483994878,0.5115560499320232,0.45454545454545453,0.5845070422535211,0.5432692307692307,0.2650680302490519,0.1740762357287659,0.42788461538461536
fnirs_bikom_rest_native,fnirs,bikom,rest,signal_demographics,logistic_regression,20260707,384,inner_cv,0,0.45,208,66,142,0.5453478446436193,0.3447183053685418,0.5197396500213401,0.4935583764744817,0.5606060606060606,0.4788732394366197,0.5048076923076923,0.2650680302490519,0.1740762357287659,0.5336538461538461
fnirs_bikom_rest_native,fnirs,bikom,rest,signal_demographics,logistic_regression,20260707,384,fixed_0_5,1,0.5,198,61,137,0.5772406365920785,0.3719619844655066,0.5506162498504248,0.5343695093931613,0.5245901639344263,0.5766423357664233,0.5606060606060606,0.25833373403485443,0.19272584821018313,0.45454545454545453
fnirs_bikom_rest_native,fnirs,bikom,rest,signal_demographics,logistic_regression,20260707,384,inner_cv,1,0.4,198,61,137,0.5772406365920785,0.3719619844655066,0.5240516931913366,0.4759347295387383,0.639344262295082,0.40875912408759124,0.4797979797979798,0.25833373403485443,0.19272584821018313,0.6060606060606061
fnirs_bikom_rest_native,fnirs,bikom,rest,signal_demographics,logistic_regression,20260707,384,fixed_0_5,2,0.5,199,63,136,0.5348972922502334,0.3417920341285211,0.5041433239962652,0.49945319335083105,0.4126984126984127,0.5955882352941176,0.5376884422110553,0.26478332037277247,0.17217733480224706,0.40703517587939697
fnirs_bikom_rest_native,fnirs,bikom,rest,signal_demographics,logistic_regression,20260707,384,inner_cv,2,0.6,199,63,136,0.5348972922502334,0.3417920341285211,0.4866946778711485,0.48369162342475913,0.23809523809523808,0.7352941176470589,0.5778894472361809,0.26478332037277247,0.17217733480224706,0.2562814070351759
fnirs_bikom_rest_native,fnirs,bikom,rest,signal_demographics,logistic_regression,20260707,384,fixed_0_5,3,0.5,209,68,141,0.5651856487275762,0.3631396080818056,0.5557467667918231,0.5403518837253777,0.5441176470588235,0.5673758865248227,0.5598086124401914,0.26694365998595565,0.19273270276085872,0.4688995215311005
fnirs_bikom_rest_native,fnirs,bikom,rest,signal_demographics,logistic_regression,20260707,384,inner_cv,3,0.35,209,68,141,0.5651856487275762,0.3631396080818056,0.5607008760951189,0.4665056916177992,0.8235294117647058,0.2978723404255319,0.4688995215311005,0.26694365998595565,0.19273270276085872,0.7416267942583732
fnirs_bikom_rest_native,fnirs,bikom,rest,signal_demographics,logistic_regression,20260707,384,fixed_0_5,4,0.5,203,63,140,0.5524943310657596,0.3688119009672167,0.519047619047619,0.5172611726117261,0.38095238095238093,0.6571428571428571,0.5714285714285714,0.25585871755102607,0.17895479044257537,0.35467980295566504
fnirs_bikom_rest_native,fnirs,bikom,rest,signal_demographics,logistic_regression,20260707,384,inner_cv,4,0.55,203,63,140,0.5524943310657596,0.3688119009672167,0.5273809523809524,0.5276221666810307,0.3333333333333333,0.7214285714285714,0.6009852216748769,0.25585871755102607,0.17895479044257537,0.2955665024630542
fnirs_bikom_rest_native,fnirs,bikom,rest,signal_demographics,random_forest,20260707,384,fixed_0_5,0,0.5,208,66,142,0.49605206999573204,0.30332142016614444,0.48559539052496803,0.4496787272789747,0.09090909090909091,0.8802816901408451,0.6298076923076923,0.23353909906944834,0.09971588050645304,0.11057692307692307
fnirs_bikom_rest_native,fnirs,bikom,rest,signal_demographics,random_forest,20260707,384,inner_cv,0,0.45,208,66,142,0.49605206999573204,0.30332142016614444,0.47844643619291505,0.47844643619291505,0.2878787878787879,0.6690140845070423,0.5480769230769231,0.23353909906944834,0.09971588050645304,0.3173076923076923
fnirs_bikom_rest_native,fnirs,bikom,rest,signal_demographics,random_forest,20260707,384,fixed_0_5,1,0.5,198,61,137,0.5422998683738184,0.36081540391894273,0.5172908938614336,0.4545454545454546,0.04918032786885246,0.9854014598540146,0.696969696969697,0.21571134472024617,0.06288107250880826,0.025252525252525252
fnirs_bikom_rest_native,fnirs,bikom,rest,signal_demographics,random_forest,20260707,384,inner_cv,1,0.35,198,61,137,0.5422998683738184,0.36081540391894273,0.5404451358142874,0.4869545139690603,0.6721311475409836,0.40875912408759124,0.4898989898989899,0.21571134472024617,0.06288107250880826,0.6161616161616161
fnirs_bikom_rest_native,fnirs,bikom,rest,signal_demographics,random_forest,20260707,384,fixed_0_5,2,0.5,199,63,136,0.5103874883286648,0.3830168667295556,0.5371732026143791,0.49890608875129,0.1111111111111111,0.9632352941176471,0.6934673366834171,0.2216341126542885,0.07860103134360868,0.06030150753768844
fnirs_bikom_rest_native,fnirs,bikom,rest,signal_demographics,random_forest,20260707,384,inner_cv,2,0.4,199,63,136,0.5103874883286648,0.3830168667295556,0.5159313725490196,0.515985347985348,0.3333333333333333,0.6985294117647058,0.5829145728643216,0.2216341126542885,0.07860103134360868,0.31155778894472363
fnirs_bikom_rest_native,fnirs,bikom,rest,signal_demographics,random_forest,20260707,384,fixed_0_5,3,0.5,209,68,141,0.5602836879432623,0.40593316404181246,0.5233625365039632,0.4876015690669655,0.11764705882352941,0.9290780141843972,0.6650717703349283,0.2242820695212205,0.0897638678637008,0.0861244019138756
fnirs_bikom_rest_native,fnirs,bikom,rest,signal_demographics,random_forest,20260707,384,inner_cv,3,0.4,209,68,141,0.5602836879432623,0.40593316404181246,0.5106904463913224,0.47457158013700207,0.6029411764705882,0.41843971631205673,0.4784688995215311,0.2242820695212205,0.0897638678637008,0.5885167464114832
fnirs_bikom_rest_native,fnirs,bikom,rest,signal_demographics,random_forest,20260707,384,fixed_0_5,4,0.5,203,63,140,0.4784580498866213,0.3141993483647034,0.4746031746031746,0.432093699876907,0.06349206349206349,0.8857142857142857,0.6305418719211823,0.22864447970564447,0.09476476041147769,0.09852216748768473
fnirs_bikom_rest_native,fnirs,bikom,rest,signal_demographics,random_forest,20260707,384,inner_cv,4,0.45,203,63,140,0.4784580498866213,0.3141993483647034,0.471031746031746,0.46658008396508505,0.20634920634920634,0.7357142857142858,0.5714285714285714,0.22864447970564447,0.09476476041147769,0.24630541871921183
fnirs_bikom_rest_native,fnirs,bikom,rest,signal_demographics,hist_gradient_boosting,20260707,384,fixed_0_5,0,0.5,208,66,142,0.515738369611609,0.3421163646352363,0.48570209133589415,0.481658692185008,0.3939393939393939,0.5774647887323944,0.5192307692307693,0.24746032704536997,0.1740261998802935,0.41346153846153844
fnirs_bikom_rest_native,fnirs,bikom,rest,signal_demographics,hist_gradient_boosting,20260707,384,inner_cv,0,0.5,208,66,142,0.515738369611609,0.3421163646352363,0.48570209133589415,0.481658692185008,0.3939393939393939,0.5774647887323944,0.5192307692307693,0.24746032704536997,0.1740261998802935,0.41346153846153844
fnirs_bikom_rest_native,fnirs,bikom,rest,signal_demographics,hist_gradient_boosting,20260707,384,fixed_0_5,1,0.5,198,61,137,0.556120617446452,0.37424008344154014,0.538769893502453,0.5236653601838086,0.5081967213114754,0.5693430656934306,0.5505050505050505,0.24272416652897127,0.17977458704583982,0.45454545454545453
fnirs_bikom_rest_native,fnirs,bikom,rest,signal_demographics,hist_gradient_boosting,20260707,384,inner_cv,1,0.5,198,61,137,0.556120617446452,0.37424008344154014,0.538769893502453,0.5236653601838086,0.5081967213114754,0.5693430656934306,0.5505050505050505,0.24272416652897127,0.17977458704583982,0.45454545454545453
fnirs_bikom_rest_native,fnirs,bikom,rest,signal_demographics,hist_gradient_boosting,20260707,384,fixed_0_5,2,0.5,199,63,136,0.5643674136321195,0.38870217341330254,0.5792483660130718,0.5635964912280702,0.5555555555555556,0.6029411764705882,0.5879396984924623,0.24403268711341075,0.171439721397619,0.4472361809045226
fnirs_bikom_rest_native,fnirs,bikom,rest,signal_demographics,hist_gradient_boosting,20260707,384,inner_cv,2,0.5,199,63,136,0.5643674136321195,0.38870217341330254,0.5792483660130718,0.5635964912280702,0.5555555555555556,0.6029411764705882,0.5879396984924623,0.24403268711341075,0.171439721397619,0.4472361809045226
fnirs_bikom_rest_native,fnirs,bikom,rest,signal_demographics,hist_gradient_boosting,20260707,384,fixed_0_5,3,0.5,209,68,141,0.5172611597830622,0.356978712278606,0.5040154359616187,0.49887453513407715,0.4264705882352941,0.5815602836879432,0.5311004784688995,0.24646809700219427,0.16188646704555315,0.42105263157894735
fnirs_bikom_rest_native,fnirs,bikom,rest,signal_demographics,hist_gradient_boosting,20260707,384,inner_cv,3,0.45,209,68,141,0.5172611597830622,0.356978712278606,0.517886942010847,0.40911197626992957,0.8088235294117647,0.22695035460992907,0.41626794258373206,0.24646809700219427,0.16188646704555315,0.784688995215311
fnirs_bikom_rest_native,fnirs,bikom,rest,signal_demographics,hist_gradient_boosting,20260707,384,fixed_0_5,4,0.5,203,63,140,0.4859410430839002,0.31784403232712666,0.471031746031746,0.4693235168587281,0.3492063492063492,0.5928571428571429,0.5172413793103449,0.24733763619880145,0.1788671673330411,0.3891625615763547
fnirs_bikom_rest_native,fnirs,bikom,rest,signal_demographics,hist_gradient_boosting,20260707,384,inner_cv,4,0.55,203,63,140,0.4859410430839002,0.31784403232712666,0.49087301587301585,0.4259813705921491,0.031746031746031744,0.95,0.6650246305418719,0.24733763619880145,0.1788671673330411,0.04433497536945813
fnirs_bikom_rest_native,fnirs,bikom,rest,signal_qc_demographics,logistic_regression,20260707,402,fixed_0_5,0,0.5,208,66,142,0.5469483568075117,0.34420085727217137,0.5119504908237302,0.5051055814414592,0.4393939393939394,0.5845070422535211,0.5384615384615384,0.2643544591142435,0.1737295640469225,0.4230769230769231
fnirs_bikom_rest_native,fnirs,bikom,rest,signal_qc_demographics,logistic_regression,20260707,402,inner_cv,0,0.5,208,66,142,0.5469483568075117,0.34420085727217137,0.5119504908237302,0.5051055814414592,0.4393939393939394,0.5845070422535211,0.5384615384615384,0.2643544591142435,0.1737295640469225,0.4230769230769231
fnirs_bikom_rest_native,fnirs,bikom,rest,signal_qc_demographics,logistic_regression,20260707,402,fixed_0_5,1,0.5,198,61,137,0.5829843245183679,0.38515260269625207,0.5579155199234176,0.5427003233432057,0.5245901639344263,0.5912408759124088,0.5707070707070707,0.2563111289006716,0.18736188398867135,0.4444444444444444
fnirs_bikom_rest_native,fnirs,bikom,rest,signal_qc_demographics,logistic_regression,20260707,402,inner_cv,1,0.45,198,61,137,0.5829843245183679,0.38515260269625207,0.5277611583103985,0.49779044531025285,0.5737704918032787,0.48175182481751827,0.51010101010101,0.2563111289006716,0.18736188398867135,0.5353535353535354
fnirs_bikom_rest_native,fnirs,bikom,rest,signal_qc_demographics,logistic_regression,20260707,402,fixed_0_5,2,0.5,199,63,136,0.5256769374416432,0.33269988838464626,0.4956232492997199,0.4931339977851606,0.38095238095238093,0.6102941176470589,0.5376884422110553,0.26640875431129313,0.17469051103646546,0.3869346733668342
fnirs_bikom_rest_native,fnirs,bikom,rest,signal_qc_demographics,logistic_regression,20260707,402,inner_cv,2,0.6,199,63,136,0.5256769374416432,0.33269988838464626,0.4830182072829131,0.4802581041634659,0.23809523809523808,0.7279411764705882,0.5728643216080402,0.26640875431129313,0.17469051103646546,0.2613065326633166
fnirs_bikom_rest_native,fnirs,bikom,rest,signal_qc_demographics,logistic_regression,20260707,402,fixed_0_5,3,0.5,209,68,141,0.5664372131831457,0.366683937136736,0.5554860241969128,0.5424275231565019,0.5294117647058824,0.5815602836879432,0.5645933014354066,0.2650485077349534,0.18770266039794467,0.45454545454545453
fnirs_bikom_rest_native,fnirs,bikom,rest,signal_qc_demographics,logistic_regression,20260707,402,inner_cv,3,0.35,209,68,141,0.5664372131831457,0.366683937136736,0.5713391739674594,0.48181818181818176,0.8235294117647058,0.3191489361702128,0.48325358851674644,0.2650485077349534,0.18770266039794467,0.7272727272727273
fnirs_bikom_rest_native,fnirs,bikom,rest,signal_qc_demographics,logistic_regression,20260707,402,fixed_0_5,4,0.5,203,63,140,0.5513605442176871,0.3649110379894285,0.519047619047619,0.5172611726117261,0.38095238095238093,0.6571428571428571,0.5714285714285714,0.25577457855811725,0.19212942302637448,0.35467980295566504
fnirs_bikom_rest_native,fnirs,bikom,rest,signal_qc_demographics,logistic_regression,20260707,402,inner_cv,4,0.55,203,63,140,0.5513605442176871,0.3649110379894285,0.530952380952381,0.5312860771184484,0.3333333333333333,0.7285714285714285,0.6059113300492611,0.25577457855811725,0.19212942302637448,0.29064039408866993
fnirs_bikom_rest_native,fnirs,bikom,rest,signal_qc_demographics,random_forest,20260707,402,fixed_0_5,0,0.5,208,66,142,0.5125906956892873,0.32012115311226574,0.48965002134016217,0.4584615384615384,0.10606060606060606,0.8732394366197183,0.6298076923076923,0.23156341190933788,0.09814083051393518,0.1201923076923077
fnirs_bikom_rest_native,fnirs,bikom,rest,signal_qc_demographics,random_forest,20260707,402,inner_cv,0,0.45,208,66,142,0.5125906956892873,0.32012115311226574,0.5011737089201878,0.5010412547779096,0.3333333333333333,0.6690140845070423,0.5625,0.23156341190933788,0.09814083051393518,0.3317307692307692
fnirs_bikom_rest_native,fnirs,bikom,rest,signal_qc_demographics,random_forest,20260707,402,fixed_0_5,1,0.5,198,61,137,0.5249491444298192,0.35505510057870737,0.5017949024769655,0.4341060654175929,0.03278688524590164,0.9708029197080292,0.6818181818181818,0.21754161990191054,0.05749328166534298,0.030303030303030304
fnirs_bikom_rest_native,fnirs,bikom,rest,signal_qc_demographics,random_forest,20260707,402,inner_cv,1,0.35,198,61,137,0.5249491444298192,0.35505510057870737,0.4912648079454349,0.45344787555142785,0.5737704918032787,0.40875912408759124,0.4595959595959596,0.21754161990191054,0.05749328166534298,0.5858585858585859
fnirs_bikom_rest_native,fnirs,bikom,rest,signal_qc_demographics,random_forest,20260707,402,fixed_0_5,2,0.5,199,63,136,0.5291783380018674,0.3953004997720583,0.5286531279178338,0.47715036395744503,0.07936507936507936,0.9779411764705882,0.6934673366834171,0.21983497303120383,0.08103614471987593,0.04020100502512563
fnirs_bikom_rest_native,fnirs,bikom,rest,signal_qc_demographics,random_forest,20260707,402,inner_cv,2,0.45,199,63,136,0.5291783380018674,0.3953004997720583,0.5517040149393091,0.5405483405483406,0.20634920634920634,0.8970588235294118,0.678391959798995,0.21983497303120383,0.08103614471987593,0.135678391959799
fnirs_bikom_rest_native,fnirs,bikom,rest,signal_qc_demographics,random_forest,20260707,402,fixed_0_5,3,0.5,209,68,141,0.5876095118898623,0.40729737820198864,0.49723612849395077,0.432579185520362,0.04411764705882353,0.950354609929078,0.6555023923444976,0.21674450917645274,0.04406385064920309,0.04784688995215311
fnirs_bikom_rest_native,fnirs,bikom,rest,signal_qc_demographics,random_forest,20260707,402,inner_cv,3,0.4,209,68,141,0.5876095118898623,0.40729737820198864,0.5348873591989988,0.5350085067399555,0.36764705882352944,0.7021276595744681,0.5933014354066986,0.21674450917645274,0.04406385064920309,0.32057416267942584
fnirs_bikom_rest_native,fnirs,bikom,rest,signal_qc_demographics,random_forest,20260707,402,fixed_0_5,4,0.5,203,63,140,0.469501133786848,0.3156925648197112,0.5063492063492063,0.4806687565308255,0.12698412698412698,0.8857142857142857,0.6502463054187192,0.23004097413397653,0.10539818783274205,0.11822660098522167
fnirs_bikom_rest_native,fnirs,bikom,rest,signal_qc_demographics,random_forest,20260707,402,inner_cv,4,0.45,203,63,140,0.469501133786848,0.3156925648197112,0.49126984126984125,0.4896933132227249,0.25396825396825395,0.7285714285714285,0.5812807881773399,0.23004097413397653,0.10539818783274205,0.2660098522167488
fnirs_bikom_rest_native,fnirs,bikom,rest,signal_qc_demographics,hist_gradient_boosting,20260707,402,fixed_0_5,0,0.5,208,66,142,0.515738369611609,0.3421163646352363,0.48570209133589415,0.481658692185008,0.3939393939393939,0.5774647887323944,0.5192307692307693,0.24746032704536997,0.1740261998802935,0.41346153846153844
fnirs_bikom_rest_native,fnirs,bikom,rest,signal_qc_demographics,hist_gradient_boosting,20260707,402,inner_cv,0,0.5,208,66,142,0.515738369611609,0.3421163646352363,0.48570209133589415,0.481658692185008,0.3939393939393939,0.5774647887323944,0.5192307692307693,0.24746032704536997,0.1740261998802935,0.41346153846153844
fnirs_bikom_rest_native,fnirs,bikom,rest,signal_qc_demographics,hist_gradient_boosting,20260707,402,fixed_0_5,1,0.5,198,61,137,0.556120617446452,0.37424008344154014,0.538769893502453,0.5236653601838086,0.5081967213114754,0.5693430656934306,0.5505050505050505,0.24272416652897127,0.17977458704583982,0.45454545454545453
fnirs_bikom_rest_native,fnirs,bikom,rest,signal_qc_demographics,hist_gradient_boosting,20260707,402,inner_cv,1,0.5,198,61,137,0.556120617446452,0.37424008344154014,0.538769893502453,0.5236653601838086,0.5081967213114754,0.5693430656934306,0.5505050505050505,0.24272416652897127,0.17977458704583982,0.45454545454545453
fnirs_bikom_rest_native,fnirs,bikom,rest,signal_qc_demographics,hist_gradient_boosting,20260707,402,fixed_0_5,2,0.5,199,63,136,0.5643674136321195,0.38870217341330254,0.5792483660130718,0.5635964912280702,0.5555555555555556,0.6029411764705882,0.5879396984924623,0.24403268711341075,0.171439721397619,0.4472361809045226
fnirs_bikom_rest_native,fnirs,bikom,rest,signal_qc_demographics,hist_gradient_boosting,20260707,402,inner_cv,2,0.5,199,63,136,0.5643674136321195,0.38870217341330254,0.5792483660130718,0.5635964912280702,0.5555555555555556,0.6029411764705882,0.5879396984924623,0.24403268711341075,0.171439721397619,0.4472361809045226
fnirs_bikom_rest_native,fnirs,bikom,rest,signal_qc_demographics,hist_gradient_boosting,20260707,402,fixed_0_5,3,0.5,209,68,141,0.5172611597830622,0.356978712278606,0.5040154359616187,0.49887453513407715,0.4264705882352941,0.5815602836879432,0.5311004784688995,0.24646809700219427,0.16188646704555315,0.42105263157894735
fnirs_bikom_rest_native,fnirs,bikom,rest,signal_qc_demographics,hist_gradient_boosting,20260707,402,inner_cv,3,0.45,209,68,141,0.5172611597830622,0.356978712278606,0.517886942010847,0.40911197626992957,0.8088235294117647,0.22695035460992907,0.41626794258373206,0.24646809700219427,0.16188646704555315,0.784688995215311
fnirs_bikom_rest_native,fnirs,bikom,rest,signal_qc_demographics,hist_gradient_boosting,20260707,402,fixed_0_5,4,0.5,203,63,140,0.5125850340136054,0.33578855382490747,0.5178571428571428,0.5118773946360153,0.42857142857142855,0.6071428571428571,0.5517241379310345,0.2455795031642398,0.18403352591987737,0.4039408866995074
fnirs_bikom_rest_native,fnirs,bikom,rest,signal_qc_demographics,hist_gradient_boosting,20260707,402,inner_cv,4,0.55,203,63,140,0.5125850340136054,0.33578855382490747,0.5051587301587301,0.4347372084928646,0.031746031746031744,0.9785714285714285,0.6847290640394089,0.2455795031642398,0.18403352591987737,0.024630541871921183
fnirs_bikom_vft_native,fnirs,bikom,vft,no_information,no_information_prior,20260707,0,fixed_0_5,0,0.5,208,66,142,0.5,0.3173076923076923,0.5,0.4057142857142857,0.0,1.0,0.6826923076923077,0.21662602620833576,0.0015828765828766467,0.0
fnirs_bikom_vft_native,fnirs,bikom,vft,no_information,no_information_prior,20260707,0,inner_cv,0,0.5,208,66,142,0.5,0.3173076923076923,0.5,0.4057142857142857,0.0,1.0,0.6826923076923077,0.21662602620833576,0.0015828765828766467,0.0
fnirs_bikom_vft_native,fnirs,bikom,vft,no_information,no_information_prior,20260707,0,fixed_0_5,1,0.5,200,61,139,0.5,0.305,0.5,0.41002949852507375,0.0,1.0,0.695,0.2121636445438992,0.013734793187347938,0.0
fnirs_bikom_vft_native,fnirs,bikom,vft,no_information,no_information_prior,20260707,0,inner_cv,1,0.5,200,61,139,0.5,0.305,0.5,0.41002949852507375,0.0,1.0,0.695,0.2121636445438992,0.013734793187347938,0.0
fnirs_bikom_vft_native,fnirs,bikom,vft,no_information,no_information_prior,20260707,0,fixed_0_5,2,0.5,200,63,137,0.5,0.315,0.5,0.4065281899109792,0.0,1.0,0.685,0.21577669443112454,0.0013017031630170317,0.0
fnirs_bikom_vft_native,fnirs,bikom,vft,no_information,no_information_prior,20260707,0,inner_cv,2,0.5,200,63,137,0.5,0.315,0.5,0.4065281899109792,0.0,1.0,0.685,0.21577669443112454,0.0013017031630170317,0.0
fnirs_bikom_vft_native,fnirs,bikom,vft,no_information,no_information_prior,20260707,0,fixed_0_5,3,0.5,209,68,141,0.5,0.3253588516746411,0.5,0.4028571428571428,0.0,1.0,0.6746411483253588,0.2196374930786155,0.01170571514327573,0.0
fnirs_bikom_vft_native,fnirs,bikom,vft,no_information,no_information_prior,20260707,0,inner_cv,3,0.5,209,68,141,0.5,0.3253588516746411,0.5,0.4028571428571428,0.0,1.0,0.6746411483253588,0.2196374930786155,0.01170571514327573,0.0
fnirs_bikom_vft_native,fnirs,bikom,vft,no_information,no_information_prior,20260707,0,fixed_0_5,4,0.5,205,65,140,0.5,0.3170731707317073,0.5,0.40579710144927533,0.0,1.0,0.6829268292682927,0.2165394230119587,0.0012836970474967013,0.0
fnirs_bikom_vft_native,fnirs,bikom,vft,no_information,no_information_prior,20260707,0,inner_cv,4,0.5,205,65,140,0.5,0.3170731707317073,0.5,0.40579710144927533,0.0,1.0,0.6829268292682927,0.2165394230119587,0.0012836970474967013,0.0
fnirs_bikom_vft_native,fnirs,bikom,vft,demographics,logistic_regression,20260707,4,fixed_0_5,0,0.5,208,66,142,0.5892552283397354,0.39242993138338633,0.5542040119504908,0.5509406805798294,0.4393939393939394,0.6690140845070423,0.5961538461538461,0.24069821198428368,0.16816345657491355,0.36538461538461536
fnirs_bikom_vft_native,fnirs,bikom,vft,demographics,logistic_regression,20260707,4,inner_cv,0,0.5,208,66,142,0.5892552283397354,0.39242993138338633,0.5542040119504908,0.5509406805798294,0.4393939393939394,0.6690140845070423,0.5961538461538461,0.24069821198428368,0.16816345657491355,0.36538461538461536
fnirs_bikom_vft_native,fnirs,bikom,vft,demographics,logistic_regression,20260707,4,fixed_0_5,1,0.5,200,61,139,0.6459488147187169,0.44218103236591777,0.6204151432951999,0.6085889908762645,0.5573770491803278,0.6834532374100719,0.645,0.23493407708999914,0.18373539577343595,0.39
fnirs_bikom_vft_native,fnirs,bikom,vft,demographics,logistic_regression,20260707,4,inner_cv,1,0.5,200,61,139,0.6459488147187169,0.44218103236591777,0.6204151432951999,0.6085889908762645,0.5573770491803278,0.6834532374100719,0.645,0.23493407708999914,0.18373539577343595,0.39
fnirs_bikom_vft_native,fnirs,bikom,vft,demographics,logistic_regression,20260707,4,fixed_0_5,2,0.5,200,63,137,0.6670142509558568,0.4702983888835655,0.6064187232070444,0.576271186440678,0.6507936507936508,0.5620437956204379,0.59,0.23728608606535828,0.18984100285041486,0.505
fnirs_bikom_vft_native,fnirs,bikom,vft,demographics,logistic_regression,20260707,4,inner_cv,2,0.5,200,63,137,0.6670142509558568,0.4702983888835655,0.6064187232070444,0.576271186440678,0.6507936507936508,0.5620437956204379,0.59,0.23728608606535828,0.18984100285041486,0.505
fnirs_bikom_vft_native,fnirs,bikom,vft,demographics,logistic_regression,20260707,4,fixed_0_5,3,0.5,209,68,141,0.5900083437630371,0.41451481637118054,0.5380162703379223,0.5200179937022043,0.5441176470588235,0.5319148936170213,0.5358851674641149,0.24243608168767472,0.1612826479325327,0.49282296650717705
fnirs_bikom_vft_native,fnirs,bikom,vft,demographics,logistic_regression,20260707,4,inner_cv,3,0.55,209,68,141,0.5900083437630371,0.41451481637118054,0.5414580725907384,0.5419271044727656,0.3382352941176471,0.7446808510638298,0.6124401913875598,0.24243608168767472,0.1612826479325327,0.2822966507177033
fnirs_bikom_vft_native,fnirs,bikom,vft,demographics,logistic_regression,20260707,4,fixed_0_5,4,0.5,205,65,140,0.6381318681318681,0.44506512420993305,0.5774725274725274,0.55925,0.5692307692307692,0.5857142857142857,0.5804878048780487,0.2350758730655376,0.16990616666466996,0.4634146341463415
fnirs_bikom_vft_native,fnirs,bikom,vft,demographics,logistic_regression,20260707,4,inner_cv,4,0.5,205,65,140,0.6381318681318681,0.44506512420993305,0.5774725274725274,0.55925,0.5692307692307692,0.5857142857142857,0.5804878048780487,0.2350758730655376,0.16990616666466996,0.4634146341463415
fnirs_bikom_vft_native,fnirs,bikom,vft,demographics,random_forest,20260707,4,fixed_0_5,0,0.5,208,66,142,0.5940034144259496,0.3947747494605995,0.5595390524967989,0.5341212352268395,0.5909090909090909,0.528169014084507,0.5480769230769231,0.24132976772783898,0.15750267850268332,0.5096153846153846
fnirs_bikom_vft_native,fnirs,bikom,vft,demographics,random_forest,20260707,4,inner_cv,0,0.6,208,66,142,0.5940034144259496,0.3947747494605995,0.5548442168160478,0.5512820512820513,0.25757575757575757,0.852112676056338,0.6634615384615384,0.24132976772783898,0.15750267850268332,0.18269230769230768
fnirs_bikom_vft_native,fnirs,bikom,vft,demographics,random_forest,20260707,4,fixed_0_5,1,0.5,200,61,139,0.6131619294728152,0.4107099366270701,0.5952352871800919,0.5793334052421529,0.5573770491803278,0.6330935251798561,0.61,0.2406310082146745,0.18925001645884168,0.425
fnirs_bikom_vft_native,fnirs,bikom,vft,demographics,random_forest,20260707,4,inner_cv,1,0.5,200,61,139,0.6131619294728152,0.4107099366270701,0.5952352871800919,0.5793334052421529,0.5573770491803278,0.6330935251798561,0.61,0.2406310082146745,0.18925001645884168,0.425
fnirs_bikom_vft_native,fnirs,bikom,vft,demographics,random_forest,20260707,4,fixed_0_5,2,0.5,200,63,137,0.6237979376665508,0.4281556776318566,0.5619858649055729,0.5263680578543963,0.6349206349206349,0.48905109489051096,0.535,0.23879176854705622,0.17417806576545408,0.55
fnirs_bikom_vft_native,fnirs,bikom,vft,demographics,random_forest,20260707,4,inner_cv,2,0.45,200,63,137,0.6237979376665508,0.4281556776318566,0.562159657050168,0.49919871794871795,0.7301587301587301,0.39416058394160586,0.5,0.23879176854705622,0.17417806576545408,0.645
fnirs_bikom_vft_native,fnirs,bikom,vft,demographics,random_forest,20260707,4,fixed_0_5,3,0.5,209,68,141,0.5820817688777639,0.39406948831915245,0.5443262411347518,0.5342054263565891,0.5,0.5886524822695035,0.5598086124401914,0.24275140326480962,0.15434722559367445,0.44019138755980863
fnirs_bikom_vft_native,fnirs,bikom,vft,demographics,random_forest,20260707,4,inner_cv,3,0.55,209,68,141,0.5820817688777639,0.39406948831915245,0.5450041718815186,0.5455533811698196,0.3382352941176471,0.75177304964539,0.6172248803827751,0.24275140326480962,0.15434722559367445,0.27751196172248804
fnirs_bikom_vft_native,fnirs,bikom,vft,demographics,random_forest,20260707,4,fixed_0_5,4,0.5,205,65,140,0.6323626373626374,0.43348659804151474,0.5917582417582418,0.5757621643448414,0.5692307692307692,0.6142857142857143,0.6,0.23603444488904218,0.17529822837145673,0.44390243902439025
fnirs_bikom_vft_native,fnirs,bikom,vft,demographics,random_forest,20260707,4,inner_cv,4,0.5,205,65,140,0.6323626373626374,0.43348659804151474,0.5917582417582418,0.5757621643448414,0.5692307692307692,0.6142857142857143,0.6,0.23603444488904218,0.17529822837145673,0.44390243902439025
fnirs_bikom_vft_native,fnirs,bikom,vft,demographics,hist_gradient_boosting,20260707,4,fixed_0_5,0,0.5,208,66,142,0.587654716175843,0.3858948899791294,0.5676483141271873,0.5371212121212121,0.6212121212121212,0.5140845070422535,0.5480769230769231,0.24350667282623234,0.17509325075109117,0.5288461538461539
fnirs_bikom_vft_native,fnirs,bikom,vft,demographics,hist_gradient_boosting,20260707,4,inner_cv,0,0.5,208,66,142,0.587654716175843,0.3858948899791294,0.5676483141271873,0.5371212121212121,0.6212121212121212,0.5140845070422535,0.5480769230769231,0.24350667282623234,0.17509325075109117,0.5288461538461539
fnirs_bikom_vft_native,fnirs,bikom,vft,demographics,hist_gradient_boosting,20260707,4,fixed_0_5,1,0.5,200,61,139,0.6084443920273617,0.394017190082976,0.5972402405944097,0.5755517826825127,0.5901639344262295,0.60431654676259,0.6,0.243960106612934,0.18962059616487995,0.455
fnirs_bikom_vft_native,fnirs,bikom,vft,demographics,hist_gradient_boosting,20260707,4,inner_cv,1,0.45,200,61,139,0.6084443920273617,0.394017190082976,0.50837362896568,0.3295044050001299,0.9016393442622951,0.11510791366906475,0.355,0.243960106612934,0.18962059616487995,0.89
fnirs_bikom_vft_native,fnirs,bikom,vft,demographics,hist_gradient_boosting,20260707,4,fixed_0_5,2,0.5,200,63,137,0.626984126984127,0.41318661890490227,0.5924574209245742,0.5556577032099901,0.6666666666666666,0.5182481751824818,0.565,0.2427131079212624,0.18452742314564566,0.54
fnirs_bikom_vft_native,fnirs,bikom,vft,demographics,hist_gradient_boosting,20260707,4,inner_cv,2,0.5,200,63,137,0.626984126984127,0.41318661890490227,0.5924574209245742,0.5556577032099901,0.6666666666666666,0.5182481751824818,0.565,0.2427131079212624,0.18452742314564566,0.54
fnirs_bikom_vft_native,fnirs,bikom,vft,demographics,hist_gradient_boosting,20260707,4,fixed_0_5,3,0.5,209,68,141,0.5988735919899875,0.38896686584460444,0.5785878181059658,0.5499063670411986,0.6323529411764706,0.524822695035461,0.5598086124401914,0.24286565823283093,0.1693612432057423,0.5263157894736842
fnirs_bikom_vft_native,fnirs,bikom,vft,demographics,hist_gradient_boosting,20260707,4,inner_cv,3,0.5,209,68,141,0.5988735919899875,0.38896686584460444,0.5785878181059658,0.5499063670411986,0.6323529411764706,0.524822695035461,0.5598086124401914,0.24286565823283093,0.1693612432057423,0.5263157894736842
fnirs_bikom_vft_native,fnirs,bikom,vft,demographics,hist_gradient_boosting,20260707,4,fixed_0_5,4,0.5,205,65,140,0.6217032967032967,0.41904470574931774,0.5793956043956043,0.568974358974359,0.5230769230769231,0.6357142857142857,0.6,0.2427249929207447,0.17746208527649093,0.4146341463414634
fnirs_bikom_vft_native,fnirs,bikom,vft,demographics,hist_gradient_boosting,20260707,4,inner_cv,4,0.5,205,65,140,0.6217032967032967,0.41904470574931774,0.5793956043956043,0.568974358974359,0.5230769230769231,0.6357142857142857,0.6,0.2427249929207447,0.17746208527649093,0.4146341463414634
fnirs_bikom_vft_native,fnirs,bikom,vft,qc,logistic_regression,20260707,18,fixed_0_5,0,0.5,208,66,142,0.5024541186513017,0.3610140109910104,0.4839948783610755,0.45427286356821583,0.5454545454545454,0.4225352112676056,0.46153846153846156,0.24948339799719307,0.19174822331480354,0.5673076923076923
fnirs_bikom_vft_native,fnirs,bikom,vft,qc,logistic_regression,20260707,18,inner_cv,0,0.45,208,66,142,0.5024541186513017,0.3610140109910104,0.5094963721724285,0.2878670498563039,0.9696969696969697,0.04929577464788732,0.34134615384615385,0.24948339799719307,0.19174822331480354,0.9567307692307693
fnirs_bikom_vft_native,fnirs,bikom,vft,qc,logistic_regression,20260707,18,fixed_0_5,1,0.5,200,61,139,0.4903880174548886,0.31766535966368037,0.5074890906946574,0.4931897370921761,0.47540983606557374,0.539568345323741,0.52,0.24983036047248383,0.19422132346860488,0.465
fnirs_bikom_vft_native,fnirs,bikom,vft,qc,logistic_regression,20260707,18,inner_cv,1,0.45,200,61,139,0.4903880174548886,0.31766535966368037,0.5071942446043165,0.24970563268435608,1.0,0.014388489208633094,0.315,0.24983036047248383,0.19422132346860488,0.99
fnirs_bikom_vft_native,fnirs,bikom,vft,qc,logistic_regression,20260707,18,fixed_0_5,2,0.5,200,63,137,0.5443169968717414,0.35812867215424266,0.5141930251419302,0.5066495066495066,0.4444444444444444,0.583941605839416,0.54,0.24796737644930772,0.18654884255602822,0.425
fnirs_bikom_vft_native,fnirs,bikom,vft,qc,logistic_regression,20260707,18,inner_cv,2,0.6,200,63,137,0.5443169968717414,0.35812867215424266,0.5079365079365079,0.42336309523809523,0.015873015873015872,1.0,0.69,0.24796737644930772,0.18654884255602822,0.005
fnirs_bikom_vft_native,fnirs,bikom,vft,qc,logistic_regression,20260707,18,fixed_0_5,3,0.5,209,68,141,0.548706716729245,0.37009343082666146,0.5490196078431372,0.47338281106835256,0.7647058823529411,0.3333333333333333,0.47368421052631576,0.24799434428164008,0.17728882648161676,0.6985645933014354
fnirs_bikom_vft_native,fnirs,bikom,vft,qc,logistic_regression,20260707,18,inner_cv,3,0.65,209,68,141,0.548706716729245,0.37009343082666146,0.5073529411764706,0.41850421494124,0.014705882352941176,1.0,0.6794258373205742,0.24799434428164008,0.17728882648161676,0.004784688995215311
fnirs_bikom_vft_native,fnirs,bikom,vft,qc,logistic_regression,20260707,18,fixed_0_5,4,0.5,205,65,140,0.5252747252747253,0.3418778293730118,0.5115384615384615,0.4916398634879324,0.5230769230769231,0.5,0.5073170731707317,0.24927408488105662,0.18315720084304526,0.5073170731707317
fnirs_bikom_vft_native,fnirs,bikom,vft,qc,logistic_regression,20260707,18,inner_cv,4,0.65,205,65,140,0.5252747252747253,0.3418778293730118,0.5,0.40579710144927533,0.0,1.0,0.6829268292682927,0.24927408488105662,0.18315720084304526,0.0
fnirs_bikom_vft_native,fnirs,bikom,vft,qc,random_forest,20260707,18,fixed_0_5,0,0.5,208,66,142,0.5393725992317542,0.35092643709800053,0.530729833546735,0.5287556639944231,0.2727272727272727,0.7887323943661971,0.625,0.23403595860744658,0.12897102307253355,0.23076923076923078
fnirs_bikom_vft_native,fnirs,bikom,vft,qc,random_forest,20260707,18,inner_cv,0,0.35,208,66,142,0.5393725992317542,0.35092643709800053,0.5265685019206147,0.3331865012358368,0.9545454545454546,0.09859154929577464,0.3701923076923077,0.23403595860744658,0.12897102307253355,0.9182692307692307
fnirs_bikom_vft_native,fnirs,bikom,vft,qc,random_forest,20260707,18,fixed_0_5,1,0.5,200,61,139,0.5663403703266895,0.35970955708067315,0.5200495341431772,0.5201279658757665,0.32786885245901637,0.7122302158273381,0.595,0.2307793011906057,0.13814077879120729,0.3
fnirs_bikom_vft_native,fnirs,bikom,vft,qc,random_forest,20260707,18,inner_cv,1,0.5,200,61,139,0.5663403703266895,0.35970955708067315,0.5200495341431772,0.5201279658757665,0.32786885245901637,0.7122302158273381,0.595,0.2307793011906057,0.13814077879120729,0.3
fnirs_bikom_vft_native,fnirs,bikom,vft,qc,random_forest,20260707,18,fixed_0_5,2,0.5,200,63,137,0.4900938477580813,0.3350527866996492,0.480998725524273,0.47964951104997167,0.25396825396825395,0.708029197080292,0.565,0.24325144964375864,0.16814534556055521,0.28
fnirs_bikom_vft_native,fnirs,bikom,vft,qc,random_forest,20260707,18,inner_cv,2,0.55,200,63,137,0.4900938477580813,0.3350527866996492,0.5173212837446415,0.49820788530465954,0.15873015873015872,0.8759124087591241,0.65,0.24325144964375864,0.16814534556055521,0.135
fnirs_bikom_vft_native,fnirs,bikom,vft,qc,random_forest,20260707,18,fixed_0_5,3,0.5,209,68,141,0.5604922820191907,0.36029517872927286,0.5188777638715061,0.5158757062146893,0.2647058823529412,0.7730496453900709,0.6076555023923444,0.23352087054028878,0.11983903216431221,0.23923444976076555
fnirs_bikom_vft_native,fnirs,bikom,vft,qc,random_forest,20260707,18,inner_cv,3,0.3,209,68,141,0.5604922820191907,0.36029517872927286,0.5032853566958698,0.2661109005936592,0.9852941176470589,0.02127659574468085,0.3349282296650718,0.23352087054028878,0.11983903216431221,0.9808612440191388
fnirs_bikom_vft_native,fnirs,bikom,vft,qc,random_forest,20260707,18,fixed_0_5,4,0.5,205,65,140,0.44648351648351653,0.28233862106757346,0.4695054945054945,0.4681930972253553,0.24615384615384617,0.6928571428571428,0.551219512195122,0.2505104957290064,0.1599925730800987,0.28780487804878047
fnirs_bikom_vft_native,fnirs,bikom,vft,qc,random_forest,20260707,18,inner_cv,4,0.4,205,65,140,0.44648351648351653,0.28233862106757346,0.43653846153846154,0.4016746411483254,0.5230769230769231,0.35,0.40487804878048783,0.2505104957290064,0.1599925730800987,0.6097560975609756
fnirs_bikom_vft_native,fnirs,bikom,vft,qc,hist_gradient_boosting,20260707,18,fixed_0_5,0,0.5,208,66,142,0.4599871959026889,0.3108511040807501,0.4800469483568075,0.47966473243068986,0.3333333333333333,0.6267605633802817,0.5336538461538461,0.252241338902992,0.1811976446029171,0.3605769230769231
fnirs_bikom_vft_native,fnirs,bikom,vft,qc,hist_gradient_boosting,20260707,18,inner_cv,0,0.5,208,66,142,0.4599871959026889,0.3108511040807501,0.4800469483568075,0.47966473243068986,0.3333333333333333,0.6267605633802817,0.5336538461538461,0.252241338902992,0.1811976446029171,0.3605769230769231
fnirs_bikom_vft_native,fnirs,bikom,vft,qc,hist_gradient_boosting,20260707,18,fixed_0_5,1,0.5,200,61,139,0.5388017454888547,0.3595114631710103,0.525887486731926,0.5020230314347962,0.5409836065573771,0.5107913669064749,0.52,0.24978887156734486,0.19628570241810755,0.505
fnirs_bikom_vft_native,fnirs,bikom,vft,qc,hist_gradient_boosting,20260707,18,inner_cv,1,0.55,200,61,139,0.5388017454888547,0.3595114631710103,0.520993041632268,0.4580941446613089,0.04918032786885246,0.9928057553956835,0.705,0.24978887156734486,0.19628570241810755,0.02
fnirs_bikom_vft_native,fnirs,bikom,vft,qc,hist_gradient_boosting,20260707,18,fixed_0_5,2,0.5,200,63,137,0.4421851465647086,0.289595423232986,0.4716718804310045,0.4542271650705385,0.47619047619047616,0.46715328467153283,0.47,0.25125891118035193,0.18144914948031665,0.515
fnirs_bikom_vft_native,fnirs,bikom,vft,qc,hist_gradient_boosting,20260707,18,inner_cv,2,0.4,200,63,137,0.4421851465647086,0.289595423232986,0.5,0.23954372623574147,1.0,0.0,0.315,0.25125891118035193,0.18144914948031665,1.0
fnirs_bikom_vft_native,fnirs,bikom,vft,qc,hist_gradient_boosting,20260707,18,fixed_0_5,3,0.5,209,68,141,0.4949937421777222,0.31929137047868467,0.4898310387984981,0.48357558139534884,0.4264705882352941,0.5531914893617021,0.5119617224880383,0.25001244775412207,0.1706409278886418,0.44019138755980863
fnirs_bikom_vft_native,fnirs,bikom,vft,qc,hist_gradient_boosting,20260707,18,inner_cv,3,0.4,209,68,141,0.4949937421777222,0.31929137047868467,0.5035460992907801,0.2534190651153297,1.0,0.0070921985815602835,0.33014354066985646,0.25001244775412207,0.1706409278886418,0.9952153110047847
fnirs_bikom_vft_native,fnirs,bikom,vft,qc,hist_gradient_boosting,20260707,18,fixed_0_5,4,0.5,205,65,140,0.46351648351648345,0.29784543450829404,0.478021978021978,0.47435897435897434,0.38461538461538464,0.5714285714285714,0.5121951219512195,0.2504503805242535,0.1739878589735651,0.4146341463414634
fnirs_bikom_vft_native,fnirs,bikom,vft,qc,hist_gradient_boosting,20260707,18,inner_cv,4,0.5,205,65,140,0.46351648351648345,0.29784543450829404,0.478021978021978,0.47435897435897434,0.38461538461538464,0.5714285714285714,0.5121951219512195,0.2504503805242535,0.1739878589735651,0.4146341463414634
fnirs_bikom_vft_native,fnirs,bikom,vft,signal,logistic_regression,20260707,396,fixed_0_5,0,0.5,208,66,142,0.5344643619291507,0.3833670615321292,0.507895860008536,0.5023923444976077,0.42424242424242425,0.5915492957746479,0.5384615384615384,0.3220826179051783,0.29161003874808566,0.41346153846153844
fnirs_bikom_vft_native,fnirs,bikom,vft,signal,logistic_regression,20260707,396,inner_cv,0,0.35,208,66,142,0.5344643619291507,0.3833670615321292,0.5208066581306018,0.4877928656863435,0.5909090909090909,0.4507042253521127,0.4951923076923077,0.3220826179051783,0.29161003874808566,0.5625
fnirs_bikom_vft_native,fnirs,bikom,vft,signal,logistic_regression,20260707,396,fixed_0_5,1,0.5,200,61,139,0.5465267130557848,0.3537807318676782,0.5552541573298738,0.5442708333333334,0.4918032786885246,0.6187050359712231,0.58,0.296132550012127,0.2661937006006242,0.415
fnirs_bikom_vft_native,fnirs,bikom,vft,signal,logistic_regression,20260707,396,inner_cv,1,0.55,200,61,139,0.5465267130557848,0.3537807318676782,0.5450524826040807,0.5392856151647193,0.4426229508196721,0.6474820143884892,0.585,0.296132550012127,0.2661937006006242,0.38
fnirs_bikom_vft_native,fnirs,bikom,vft,signal,logistic_regression,20260707,396,fixed_0_5,2,0.5,200,63,137,0.5616962113312478,0.38406932963545676,0.5037075657513613,0.5024458420684835,0.36507936507936506,0.6423357664233577,0.555,0.2706046487132658,0.19152480181190557,0.36
fnirs_bikom_vft_native,fnirs,bikom,vft,signal,logistic_regression,20260707,396,inner_cv,2,0.35,200,63,137,0.5616962113312478,0.38406932963545676,0.5492990383501333,0.49753793588584067,0.6825396825396826,0.41605839416058393,0.5,0.2706046487132658,0.19152480181190557,0.615
fnirs_bikom_vft_native,fnirs,bikom,vft,signal,logistic_regression,20260707,396,fixed_0_5,3,0.5,209,68,141,0.5589278264497289,0.39499514378838735,0.5217459324155194,0.5178956767616638,0.4264705882352941,0.6170212765957447,0.5550239234449761,0.2953067459070965,0.2198969891226952,0.39712918660287083
fnirs_bikom_vft_native,fnirs,bikom,vft,signal,logistic_regression,20260707,396,inner_cv,3,0.25,209,68,141,0.5589278264497289,0.39499514378838735,0.5446912807676262,0.4831470965378275,0.7205882352941176,0.36879432624113473,0.48325358851674644,0.2953067459070965,0.2198969891226952,0.6602870813397129
fnirs_bikom_vft_native,fnirs,bikom,vft,signal,logistic_regression,20260707,396,fixed_0_5,4,0.5,205,65,140,0.585054945054945,0.4198038239669173,0.5791208791208792,0.5797318262411348,0.4153846153846154,0.7428571428571429,0.6390243902439025,0.2771827745144176,0.23748247214849755,0.3073170731707317
fnirs_bikom_vft_native,fnirs,bikom,vft,signal,logistic_regression,20260707,396,inner_cv,4,0.45,205,65,140,0.585054945054945,0.4198038239669173,0.5653846153846154,0.5637710437710437,0.4307692307692308,0.7,0.6146341463414634,0.2771827745144176,0.23748247214849755,0.34146341463414637
fnirs_bikom_vft_native,fnirs,bikom,vft,signal,random_forest,20260707,396,fixed_0_5,0,0.5,208,66,142,0.5368117797695263,0.3505843045980836,0.5280623132735809,0.5161711754771692,0.19696969696969696,0.8591549295774648,0.6490384615384616,0.22819329449970874,0.10144069202618089,0.15865384615384615
fnirs_bikom_vft_native,fnirs,bikom,vft,signal,random_forest,20260707,396,inner_cv,0,0.45,208,66,142,0.5368117797695263,0.3505843045980836,0.537985488689714,0.5376309939663385,0.3787878787878788,0.6971830985915493,0.5961538461538461,0.22819329449970874,0.10144069202618089,0.3269230769230769
fnirs_bikom_vft_native,fnirs,bikom,vft,signal,random_forest,20260707,396,fixed_0_5,1,0.5,200,61,139,0.5393324684514684,0.3424383089738421,0.4994103078193183,0.4434693265978852,0.04918032786885246,0.9496402877697842,0.675,0.21819705319025598,0.06648615514992214,0.05
fnirs_bikom_vft_native,fnirs,bikom,vft,signal,random_forest,20260707,396,inner_cv,1,0.35,200,61,139,0.5393324684514684,0.3424383089738421,0.5017101073239769,0.46960424316605465,0.5573770491803278,0.4460431654676259,0.48,0.21819705319025598,0.06648615514992214,0.555
fnirs_bikom_vft_native,fnirs,bikom,vft,signal,random_forest,20260707,396,fixed_0_5,2,0.5,200,63,137,0.5735140771637122,0.3951336941100788,0.51349785656355,0.4579945799457994,0.06349206349206349,0.9635036496350365,0.68,0.2165317042535554,0.06663527596717503,0.045
fnirs_bikom_vft_native,fnirs,bikom,vft,signal,random_forest,20260707,396,inner_cv,2,0.35,200,63,137,0.5735140771637122,0.3951336941100788,0.5591472598771869,0.4897959183673469,0.746031746031746,0.3722627737226277,0.49,0.2165317042535554,0.06663527596717503,0.665
fnirs_bikom_vft_native,fnirs,bikom,vft,signal,random_forest,20260707,396,fixed_0_5,3,0.5,209,68,141,0.5566332916145181,0.3672655776393391,0.5007822277847309,0.4348554671135317,0.04411764705882353,0.9574468085106383,0.6602870813397129,0.22028738802102968,0.05922814267023109,0.0430622009569378
fnirs_bikom_vft_native,fnirs,bikom,vft,signal,random_forest,20260707,396,inner_cv,3,0.35,209,68,141,0.5566332916145181,0.3672655776393391,0.556528994576554,0.533098177542622,0.5882352941176471,0.524822695035461,0.5454545454545454,0.22028738802102968,0.05922814267023109,0.5119617224880383
fnirs_bikom_vft_native,fnirs,bikom,vft,signal,random_forest,20260707,396,fixed_0_5,4,0.5,205,65,140,0.5362637362637364,0.34833148148300663,0.5170329670329671,0.4669870784746297,0.07692307692307693,0.9571428571428572,0.6780487804878049,0.22129729277898422,0.05848571530333219,0.05365853658536585
fnirs_bikom_vft_native,fnirs,bikom,vft,signal,random_forest,20260707,396,inner_cv,4,0.45,205,65,140,0.5362637362637364,0.34833148148300663,0.5126373626373626,0.4923849258844679,0.15384615384615385,0.8714285714285714,0.6439024390243903,0.22129729277898422,0.05848571530333219,0.13658536585365855
fnirs_bikom_vft_native,fnirs,bikom,vft,signal,hist_gradient_boosting,20260707,396,fixed_0_5,0,0.5,208,66,142,0.513764404609475,0.35821208952365574,0.5352112676056338,0.5226562499999999,0.5,0.5704225352112676,0.5480769230769231,0.2484061419896533,0.17805634673492188,0.4519230769230769
fnirs_bikom_vft_native,fnirs,bikom,vft,signal,hist_gradient_boosting,20260707,396,inner_cv,0,0.5,208,66,142,0.513764404609475,0.35821208952365574,0.5352112676056338,0.5226562499999999,0.5,0.5704225352112676,0.5480769230769231,0.2484061419896533,0.17805634673492188,0.4519230769230769
fnirs_bikom_vft_native,fnirs,bikom,vft,signal,hist_gradient_boosting,20260707,396,fixed_0_5,1,0.5,200,61,139,0.5454062979124896,0.3529532043265024,0.5218775799032904,0.5093333333333333,0.47540983606557374,0.5683453237410072,0.54,0.2454523192438588,0.18471758790622209,0.445
fnirs_bikom_vft_native,fnirs,bikom,vft,signal,hist_gradient_boosting,20260707,396,inner_cv,1,0.45,200,61,139,0.5454062979124896,0.3529532043265024,0.5075480599127256,0.402475458813487,0.7704918032786885,0.2446043165467626,0.405,0.2454523192438588,0.18471758790622209,0.76
fnirs_bikom_vft_native,fnirs,bikom,vft,signal,hist_gradient_boosting,20260707,396,fixed_0_5,2,0.5,200,63,137,0.5738616614529023,0.3885211447990505,0.5227667709419535,0.5118845500848896,0.47619047619047616,0.5693430656934306,0.54,0.24416875018790304,0.17772778257387195,0.445
fnirs_bikom_vft_native,fnirs,bikom,vft,signal,hist_gradient_boosting,20260707,396,inner_cv,2,0.5,200,63,137,0.5738616614529023,0.3885211447990505,0.5227667709419535,0.5118845500848896,0.47619047619047616,0.5693430656934306,0.54,0.24416875018790304,0.17772778257387195,0.445
fnirs_bikom_vft_native,fnirs,bikom,vft,signal,hist_gradient_boosting,20260707,396,fixed_0_5,3,0.5,209,68,141,0.5259699624530664,0.34044184970410435,0.493116395494368,0.488647484830691,0.4117647058823529,0.574468085106383,0.5215311004784688,0.24717194969049677,0.17050836859202884,0.42105263157894735
fnirs_bikom_vft_native,fnirs,bikom,vft,signal,hist_gradient_boosting,20260707,396,inner_cv,3,0.5,209,68,141,0.5259699624530664,0.34044184970410435,0.493116395494368,0.488647484830691,0.4117647058823529,0.574468085106383,0.5215311004784688,0.24717194969049677,0.17050836859202884,0.42105263157894735
fnirs_bikom_vft_native,fnirs,bikom,vft,signal,hist_gradient_boosting,20260707,396,fixed_0_5,4,0.5,205,65,140,0.5390659340659341,0.38877110134847936,0.4967032967032967,0.4966757703660791,0.3076923076923077,0.6857142857142857,0.5658536585365853,0.24267525438149382,0.16441621483647617,0.3121951219512195
fnirs_bikom_vft_native,fnirs,bikom,vft,signal,hist_gradient_boosting,20260707,396,inner_cv,4,0.5,205,65,140,0.5390659340659341,0.38877110134847936,0.4967032967032967,0.4966757703660791,0.3076923076923077,0.6857142857142857,0.5658536585365853,0.24267525438149382,0.16441621483647617,0.3121951219512195
fnirs_bikom_vft_native,fnirs,bikom,vft,signal_qc,logistic_regression,20260707,414,fixed_0_5,0,0.5,208,66,142,0.5324370465215535,0.382173790037899,0.4867690994451558,0.47954077126876654,0.42424242424242425,0.5492957746478874,0.5096153846153846,0.32277238057140323,0.28859959757189374,0.4423076923076923
fnirs_bikom_vft_native,fnirs,bikom,vft,signal_qc,logistic_regression,20260707,414,inner_cv,0,0.6,208,66,142,0.5324370465215535,0.382173790037899,0.5052283397353821,0.5048007744028464,0.3484848484848485,0.6619718309859155,0.5625,0.32277238057140323,0.28859959757189374,0.34134615384615385
fnirs_bikom_vft_native,fnirs,bikom,vft,signal_qc,logistic_regression,20260707,414,fixed_0_5,1,0.5,200,61,139,0.5396862837598773,0.3498435346684532,0.5480599127255572,0.5361881134721174,0.4918032786885246,0.60431654676259,0.57,0.29797755099746426,0.2782440709608501,0.425
fnirs_bikom_vft_native,fnirs,bikom,vft,signal_qc,logistic_regression,20260707,414,inner_cv,1,0.4,200,61,139,0.5396862837598773,0.3498435346684532,0.5232928411369265,0.4954175677067244,0.5573770491803278,0.4892086330935252,0.51,0.29797755099746426,0.2782440709608501,0.525
fnirs_bikom_vft_native,fnirs,bikom,vft,signal_qc,logistic_regression,20260707,414,fixed_0_5,2,0.5,200,63,137,0.5656354999420693,0.388320715011909,0.49640829567836864,0.4948794093974632,0.36507936507936506,0.6277372262773723,0.545,0.2693413559397288,0.20397580442628332,0.37
fnirs_bikom_vft_native,fnirs,bikom,vft,signal_qc,logistic_regression,20260707,414,inner_cv,2,0.35,200,63,137,0.5656354999420693,0.388320715011909,0.5529486733866296,0.5021998742928976,0.6825396825396826,0.4233576642335766,0.505,0.2693413559397288,0.20397580442628332,0.61
fnirs_bikom_vft_native,fnirs,bikom,vft,signal_qc,logistic_regression,20260707,414,fixed_0_5,3,0.5,209,68,141,0.5601793909052983,0.395633819348378,0.5326449728827701,0.5282635116700152,0.4411764705882353,0.624113475177305,0.5645933014354066,0.2947217727523676,0.2240675921668229,0.39712918660287083
fnirs_bikom_vft_native,fnirs,bikom,vft,signal_qc,logistic_regression,20260707,414,inner_cv,3,0.2,209,68,141,0.5601793909052983,0.395633819348378,0.5416666666666666,0.4687049124012367,0.75,0.3333333333333333,0.4688995215311005,0.2947217727523676,0.2240675921668229,0.69377990430622
fnirs_bikom_vft_native,fnirs,bikom,vft,signal_qc,logistic_regression,20260707,414,fixed_0_5,4,0.5,205,65,140,0.5886813186813187,0.42593399116812597,0.5714285714285714,0.5722155755265574,0.4,0.7428571428571429,0.6341463414634146,0.27782433298940534,0.23520788844506438,0.3024390243902439
fnirs_bikom_vft_native,fnirs,bikom,vft,signal_qc,logistic_regression,20260707,414,inner_cv,4,0.75,205,65,140,0.5886813186813187,0.42593399116812597,0.5486263736263737,0.5455113192818112,0.26153846153846155,0.8357142857142857,0.6536585365853659,0.27782433298940534,0.23520788844506438,0.1951219512195122
fnirs_bikom_vft_native,fnirs,bikom,vft,signal_qc,random_forest,20260707,414,fixed_0_5,0,0.5,208,66,142,0.5380921895006402,0.36795782445112446,0.5264618011096884,0.5037491479209271,0.15151515151515152,0.9014084507042254,0.6634615384615384,0.22627636457613814,0.09762563282302615,0.11538461538461539
fnirs_bikom_vft_native,fnirs,bikom,vft,signal_qc,random_forest,20260707,414,inner_cv,0,0.4,208,66,142,0.5380921895006402,0.36795782445112446,0.5021340162185233,0.47252747252747257,0.5606060606060606,0.44366197183098594,0.4807692307692308,0.22627636457613814,0.09762563282302615,0.5576923076923077
fnirs_bikom_vft_native,fnirs,bikom,vft,signal_qc,random_forest,20260707,414,fixed_0_5,1,0.5,200,61,139,0.5188111805637458,0.3194782820573767,0.4804222196013681,0.42189267311800926,0.03278688524590164,0.9280575539568345,0.655,0.22058622477300485,0.07462040634695492,0.06
fnirs_bikom_vft_native,fnirs,bikom,vft,signal_qc,random_forest,20260707,414,inner_cv,1,0.35,200,61,139,0.5188111805637458,0.3194782820573767,0.5344969925698786,0.49269480519480513,0.6229508196721312,0.4460431654676259,0.5,0.22058622477300485,0.07462040634695492,0.575
fnirs_bikom_vft_native,fnirs,bikom,vft,signal_qc,random_forest,20260707,414,fixed_0_5,2,0.5,200,63,137,0.578496118642104,0.4459036662185207,0.5360329046460434,0.48333990104645563,0.07936507936507936,0.9927007299270073,0.705,0.2145241732241152,0.08479378497676984,0.03
fnirs_bikom_vft_native,fnirs,bikom,vft,signal_qc,random_forest,20260707,414,inner_cv,2,0.4,200,63,137,0.578496118642104,0.4459036662185207,0.5586258834434017,0.5534606797320764,0.4603174603174603,0.656934306569343,0.595,0.2145241732241152,0.08479378497676984,0.38
fnirs_bikom_vft_native,fnirs,bikom,vft,signal_qc,random_forest,20260707,414,fixed_0_5,3,0.5,209,68,141,0.6049228201919066,0.40208196949470965,0.5078744263662912,0.4394169096209912,0.04411764705882353,0.9716312056737588,0.6698564593301436,0.2152155569812467,0.04463046713051971,0.03349282296650718
fnirs_bikom_vft_native,fnirs,bikom,vft,signal_qc,random_forest,20260707,414,inner_cv,3,0.4,209,68,141,0.6049228201919066,0.40208196949470965,0.5607530246141009,0.5596608427543679,0.4264705882352941,0.6950354609929078,0.6076555023923444,0.2152155569812467,0.04463046713051971,0.3444976076555024
fnirs_bikom_vft_native,fnirs,bikom,vft,signal_qc,random_forest,20260707,414,fixed_0_5,4,0.5,205,65,140,0.5046153846153847,0.33701551183585343,0.4991758241758242,0.45382565949941833,0.07692307692307693,0.9214285714285714,0.6536585365853659,0.22688344923453735,0.08272051518793812,0.07804878048780488
fnirs_bikom_vft_native,fnirs,bikom,vft,signal_qc,random_forest,20260707,414,inner_cv,4,0.45,205,65,140,0.5046153846153847,0.33701551183585343,0.4892857142857143,0.48139230089304763,0.2,0.7785714285714286,0.5951219512195122,0.22688344923453735,0.08272051518793812,0.2146341463414634
fnirs_bikom_vft_native,fnirs,bikom,vft,signal_qc,hist_gradient_boosting,20260707,414,fixed_0_5,0,0.5,208,66,142,0.513764404609475,0.35821208952365574,0.5352112676056338,0.5226562499999999,0.5,0.5704225352112676,0.5480769230769231,0.2484061419896533,0.17805634673492188,0.4519230769230769
fnirs_bikom_vft_native,fnirs,bikom,vft,signal_qc,hist_gradient_boosting,20260707,414,inner_cv,0,0.55,208,66,142,0.513764404609475,0.35821208952365574,0.5329705505761844,0.504673893726675,0.13636363636363635,0.9295774647887324,0.6778846153846154,0.2484061419896533,0.17805634673492188,0.09134615384615384
fnirs_bikom_vft_native,fnirs,bikom,vft,signal_qc,hist_gradient_boosting,20260707,414,fixed_0_5,1,0.5,200,61,139,0.5454062979124896,0.3529532043265024,0.5218775799032904,0.5093333333333333,0.47540983606557374,0.5683453237410072,0.54,0.2454523192438588,0.18471758790622209,0.445
fnirs_bikom_vft_native,fnirs,bikom,vft,signal_qc,hist_gradient_boosting,20260707,414,inner_cv,1,0.45,200,61,139,0.5454062979124896,0.3529532043265024,0.5075480599127256,0.402475458813487,0.7704918032786885,0.2446043165467626,0.405,0.2454523192438588,0.18471758790622209,0.76
fnirs_bikom_vft_native,fnirs,bikom,vft,signal_qc,hist_gradient_boosting,20260707,414,fixed_0_5,2,0.5,200,63,137,0.5738616614529023,0.3885211447990505,0.5227667709419535,0.5118845500848896,0.47619047619047616,0.5693430656934306,0.54,0.24416875018790304,0.17772778257387195,0.445
fnirs_bikom_vft_native,fnirs,bikom,vft,signal_qc,hist_gradient_boosting,20260707,414,inner_cv,2,0.5,200,63,137,0.5738616614529023,0.3885211447990505,0.5227667709419535,0.5118845500848896,0.47619047619047616,0.5693430656934306,0.54,0.24416875018790304,0.17772778257387195,0.445
fnirs_bikom_vft_native,fnirs,bikom,vft,signal_qc,hist_gradient_boosting,20260707,414,fixed_0_5,3,0.5,209,68,141,0.5259699624530664,0.34044184970410435,0.493116395494368,0.488647484830691,0.4117647058823529,0.574468085106383,0.5215311004784688,0.24717194969049677,0.17050836859202884,0.42105263157894735
fnirs_bikom_vft_native,fnirs,bikom,vft,signal_qc,hist_gradient_boosting,20260707,414,inner_cv,3,0.5,209,68,141,0.5259699624530664,0.34044184970410435,0.493116395494368,0.488647484830691,0.4117647058823529,0.574468085106383,0.5215311004784688,0.24717194969049677,0.17050836859202884,0.42105263157894735
fnirs_bikom_vft_native,fnirs,bikom,vft,signal_qc,hist_gradient_boosting,20260707,414,fixed_0_5,4,0.5,205,65,140,0.5390659340659341,0.38877110134847936,0.4967032967032967,0.4966757703660791,0.3076923076923077,0.6857142857142857,0.5658536585365853,0.24267525438149382,0.16441621483647617,0.3121951219512195
fnirs_bikom_vft_native,fnirs,bikom,vft,signal_qc,hist_gradient_boosting,20260707,414,inner_cv,4,0.5,205,65,140,0.5390659340659341,0.38877110134847936,0.4967032967032967,0.4966757703660791,0.3076923076923077,0.6857142857142857,0.5658536585365853,0.24267525438149382,0.16441621483647617,0.3121951219512195
fnirs_bikom_vft_native,fnirs,bikom,vft,signal_demographics,logistic_regression,20260707,400,fixed_0_5,0,0.5,208,66,142,0.5656209987195903,0.42947059814585753,0.5397994024754589,0.5228781842327659,0.5303030303030303,0.5492957746478874,0.5432692307692307,0.27826126172114485,0.22438417901768323,0.47596153846153844
fnirs_bikom_vft_native,fnirs,bikom,vft,signal_demographics,logistic_regression,20260707,400,inner_cv,0,0.4,208,66,142,0.5656209987195903,0.42947059814585753,0.5172855313700384,0.4835082458770614,0.5909090909090909,0.44366197183098594,0.49038461538461536,0.27826126172114485,0.22438417901768323,0.5673076923076923
fnirs_bikom_vft_native,fnirs,bikom,vft,signal_demographics,logistic_regression,20260707,400,fixed_0_5,1,0.5,200,61,139,0.5681094468687345,0.34650623001578473,0.544462790423399,0.5321448737597805,0.4918032786885246,0.5971223021582733,0.565,0.26680438731735334,0.2009851944967917,0.43
fnirs_bikom_vft_native,fnirs,bikom,vft,signal_demographics,logistic_regression,20260707,400,inner_cv,1,0.4,200,61,139,0.5681094468687345,0.34650623001578473,0.5636867555136219,0.5105830116804158,0.6885245901639344,0.43884892086330934,0.515,0.26680438731735334,0.2009851944967917,0.6
fnirs_bikom_vft_native,fnirs,bikom,vft,signal_demographics,logistic_regression,20260707,400,fixed_0_5,2,0.5,200,63,137,0.5877650330205074,0.4018910467829092,0.532441200324412,0.5265434954150907,0.4444444444444444,0.6204379562043796,0.565,0.2561174683430903,0.1758671810322167,0.4
fnirs_bikom_vft_native,fnirs,bikom,vft,signal_demographics,logistic_regression,20260707,400,inner_cv,2,0.45,200,63,137,0.5877650330205074,0.4018910467829092,0.5710230564245162,0.5478052963954365,0.5873015873015873,0.5547445255474452,0.565,0.2561174683430903,0.1758671810322167,0.49
fnirs_bikom_vft_native,fnirs,bikom,vft,signal_demographics,logistic_regression,20260707,400,fixed_0_5,3,0.5,209,68,141,0.5737380058406342,0.3929884678122171,0.5732165206508135,0.5624634858812074,0.5294117647058824,0.6170212765957447,0.5885167464114832,0.2595762233351323,0.18340681201130332,0.430622009569378
fnirs_bikom_vft_native,fnirs,bikom,vft,signal_demographics,logistic_regression,20260707,400,inner_cv,3,0.3,209,68,141,0.5737380058406342,0.3929884678122171,0.5274822695035462,0.44895338973336085,0.75,0.3049645390070922,0.44976076555023925,0.2595762233351323,0.18340681201130332,0.7129186602870813
fnirs_bikom_vft_native,fnirs,bikom,vft,signal_demographics,logistic_regression,20260707,400,fixed_0_5,4,0.5,205,65,140,0.5876923076923077,0.4167406939339748,0.5684065934065934,0.568114038687789,0.4153846153846154,0.7214285714285714,0.624390243902439,0.2802909770570857,0.24169230771712522,0.32195121951219513
fnirs_bikom_vft_native,fnirs,bikom,vft,signal_demographics,logistic_regression,20260707,400,inner_cv,4,0.5,205,65,140,0.5876923076923077,0.4167406939339748,0.5684065934065934,0.568114038687789,0.4153846153846154,0.7214285714285714,0.624390243902439,0.2802909770570857,0.24169230771712522,0.32195121951219513
fnirs_bikom_vft_native,fnirs,bikom,vft,signal_demographics,random_forest,20260707,400,fixed_0_5,0,0.5,208,66,142,0.5534571062740076,0.363420437516345,0.5061886470337175,0.4583333333333333,0.07575757575757576,0.9366197183098591,0.6634615384615384,0.22082220819185747,0.06252257410064838,0.0673076923076923
fnirs_bikom_vft_native,fnirs,bikom,vft,signal_demographics,random_forest,20260707,400,inner_cv,0,0.4,208,66,142,0.5534571062740076,0.363420437516345,0.5587921468203159,0.5528917886857345,0.4696969696969697,0.647887323943662,0.5913461538461539,0.22082220819185747,0.06252257410064838,0.3894230769230769
fnirs_bikom_vft_native,fnirs,bikom,vft,signal_demographics,random_forest,20260707,400,fixed_0_5,1,0.5,200,61,139,0.5865078429060031,0.34770274028730064,0.4886189409128435,0.43624606201293314,0.04918032786885246,0.9280575539568345,0.66,0.21369304935300562,0.06675017777771393,0.065
fnirs_bikom_vft_native,fnirs,bikom,vft,signal_demographics,random_forest,20260707,400,inner_cv,1,0.4,200,61,139,0.5865078429060031,0.34770274028730064,0.5538388960962377,0.5519301470588236,0.4098360655737705,0.697841726618705,0.61,0.21369304935300562,0.06675017777771393,0.335
fnirs_bikom_vft_native,fnirs,bikom,vft,signal_demographics,random_forest,20260707,400,fixed_0_5,2,0.5,200,63,137,0.6044490789016337,0.40496638770380944,0.5074730622175878,0.46875,0.09523809523809523,0.9197080291970803,0.66,0.220793200727528,0.10319125971178061,0.085
fnirs_bikom_vft_native,fnirs,bikom,vft,signal_demographics,random_forest,20260707,400,inner_cv,2,0.4,200,63,137,0.6044490789016337,0.40496638770380944,0.5651720542231491,0.5082296266559614,0.7142857142857143,0.41605839416058393,0.51,0.220793200727528,0.10319125971178061,0.625
fnirs_bikom_vft_native,fnirs,bikom,vft,signal_demographics,random_forest,20260707,400,fixed_0_5,3,0.5,209,68,141,0.5537129745515227,0.3592845549143382,0.49066541510221107,0.44368170355841974,0.07352941176470588,0.9078014184397163,0.6363636363636364,0.2253946117629837,0.08556336629878206,0.0861244019138756
fnirs_bikom_vft_native,fnirs,bikom,vft,signal_demographics,random_forest,20260707,400,inner_cv,3,0.45,209,68,141,0.5537129745515227,0.3592845549143382,0.5054755944931164,0.505253078703088,0.3088235294117647,0.7021276595744681,0.5741626794258373,0.2253946117629837,0.08556336629878206,0.3014354066985646
fnirs_bikom_vft_native,fnirs,bikom,vft,signal_demographics,random_forest,20260707,400,fixed_0_5,4,0.5,205,65,140,0.5150549450549451,0.3555334172412823,0.4980769230769231,0.4370149253731343,0.046153846153846156,0.95,0.6634146341463415,0.22410390294372926,0.07199391511524272,0.04878048780487805
fnirs_bikom_vft_native,fnirs,bikom,vft,signal_demographics,random_forest,20260707,400,inner_cv,4,0.35,205,65,140,0.5150549450549451,0.3555334172412823,0.5112637362637362,0.4695227142035653,0.6153846153846154,0.40714285714285714,0.47317073170731705,0.22410390294372926,0.07199391511524272,0.6
fnirs_bikom_vft_native,fnirs,bikom,vft,signal_demographics,hist_gradient_boosting,20260707,400,fixed_0_5,0,0.5,208,66,142,0.5224605206999573,0.35250042630488626,0.5059752454118651,0.4945076309905707,0.4696969696969697,0.5422535211267606,0.5192307692307693,0.24703839608332218,0.17330187457014073,0.46153846153846156
fnirs_bikom_vft_native,fnirs,bikom,vft,signal_demographics,hist_gradient_boosting,20260707,400,inner_cv,0,0.55,208,66,142,0.5224605206999573,0.35250042630488626,0.5218736662398634,0.4898880398080682,0.12121212121212122,0.9225352112676056,0.6682692307692307,0.24703839608332218,0.17330187457014073,0.09134615384615384
fnirs_bikom_vft_native,fnirs,bikom,vft,signal_demographics,hist_gradient_boosting,20260707,400,fixed_0_5,1,0.5,200,61,139,0.5665172779808939,0.3478530492518146,0.5408656681212407,0.5280995280995281,0.4918032786885246,0.5899280575539568,0.56,0.24427608270144183,0.18570619217568748,0.435
fnirs_bikom_vft_native,fnirs,bikom,vft,signal_demographics,hist_gradient_boosting,20260707,400,inner_cv,1,0.45,200,61,139,0.5665172779808939,0.3478530492518146,0.5357353461493101,0.42174732872407295,0.819672131147541,0.2517985611510791,0.425,0.24427608270144183,0.18570619217568748,0.77
fnirs_bikom_vft_native,fnirs,bikom,vft,signal_demographics,hist_gradient_boosting,20260707,400,fixed_0_5,2,0.5,200,63,137,0.6060132082029892,0.4262970618237094,0.591646390916464,0.5775288109307736,0.5555555555555556,0.6277372262773723,0.605,0.24278629789373998,0.1775224264561025,0.43
fnirs_bikom_vft_native,fnirs,bikom,vft,signal_demographics,hist_gradient_boosting,20260707,400,inner_cv,2,0.5,200,63,137,0.6060132082029892,0.4262970618237094,0.591646390916464,0.5775288109307736,0.5555555555555556,0.6277372262773723,0.605,0.24278629789373998,0.1775224264561025,0.43
fnirs_bikom_vft_native,fnirs,bikom,vft,signal_demographics,hist_gradient_boosting,20260707,400,fixed_0_5,3,0.5,209,68,141,0.5353045473508552,0.35663929056286214,0.5108468919482687,0.5075278418533125,0.4117647058823529,0.6099290780141844,0.5454545454545454,0.24616775699646928,0.1705095303815498,0.39712918660287083
fnirs_bikom_vft_native,fnirs,bikom,vft,signal_demographics,hist_gradient_boosting,20260707,400,inner_cv,3,0.5,209,68,141,0.5353045473508552,0.35663929056286214,0.5108468919482687,0.5075278418533125,0.4117647058823529,0.6099290780141844,0.5454545454545454,0.24616775699646928,0.1705095303815498,0.39712918660287083
fnirs_bikom_vft_native,fnirs,bikom,vft,signal_demographics,hist_gradient_boosting,20260707,400,fixed_0_5,4,0.5,205,65,140,0.563021978021978,0.3902253671216326,0.5376373626373626,0.537992821568682,0.35384615384615387,0.7214285714285714,0.6048780487804878,0.24124878094536945,0.16475037469363948,0.3024390243902439
fnirs_bikom_vft_native,fnirs,bikom,vft,signal_demographics,hist_gradient_boosting,20260707,400,inner_cv,4,0.5,205,65,140,0.563021978021978,0.3902253671216326,0.5376373626373626,0.537992821568682,0.35384615384615387,0.7214285714285714,0.6048780487804878,0.24124878094536945,0.16475037469363948,0.3024390243902439
fnirs_bikom_vft_native,fnirs,bikom,vft,signal_qc_demographics,logistic_regression,20260707,418,fixed_0_5,0,0.5,208,66,142,0.5513230900554844,0.40678638567815717,0.5119504908237302,0.5051055814414592,0.4393939393939394,0.5845070422535211,0.5384615384615384,0.3129397570154696,0.2746097649440238,0.4230769230769231
fnirs_bikom_vft_native,fnirs,bikom,vft,signal_qc_demographics,logistic_regression,20260707,418,inner_cv,0,0.3,208,66,142,0.5513230900554844,0.40678638567815717,0.520273154075971,0.4907721280602636,0.5757575757575758,0.4647887323943662,0.5,0.3129397570154696,0.2746097649440238,0.5480769230769231
fnirs_bikom_vft_native,fnirs,bikom,vft,signal_qc_demographics,logistic_regression,20260707,418,fixed_0_5,1,0.5,200,61,139,0.549003420214648,0.3589619570870566,0.5516570350277155,0.5402298850574714,0.4918032786885246,0.6115107913669064,0.575,0.2952780769772827,0.2799291510584027,0.42
fnirs_bikom_vft_native,fnirs,bikom,vft,signal_qc_demographics,logistic_regression,20260707,418,inner_cv,1,0.3,200,61,139,0.549003420214648,0.3589619570870566,0.5221134567755632,0.4673902120389911,0.6557377049180327,0.38848920863309355,0.47,0.2952780769772827,0.2799291510584027,0.625
fnirs_bikom_vft_native,fnirs,bikom,vft,signal_qc_demographics,logistic_regression,20260707,418,fixed_0_5,2,0.5,200,63,137,0.5904298459042984,0.4015977736119983,0.5440273432974163,0.5374275529917554,0.4603174603174603,0.6277372262773723,0.575,0.26504625388996916,0.18302135391852026,0.4
fnirs_bikom_vft_native,fnirs,bikom,vft,signal_qc_demographics,logistic_regression,20260707,418,inner_cv,2,0.5,200,63,137,0.5904298459042984,0.4015977736119983,0.5440273432974163,0.5374275529917554,0.4603174603174603,0.6277372262773723,0.575,0.26504625388996916,0.18302135391852026,0.4
fnirs_bikom_vft_native,fnirs,bikom,vft,signal_qc_demographics,logistic_regression,20260707,418,fixed_0_5,3,0.5,209,68,141,0.5751981643721318,0.39385278988037803,0.5732165206508135,0.5624634858812074,0.5294117647058824,0.6170212765957447,0.5885167464114832,0.2591640137103563,0.18747814111420863,0.430622009569378
fnirs_bikom_vft_native,fnirs,bikom,vft,signal_qc_demographics,logistic_regression,20260707,418,inner_cv,3,0.35,209,68,141,0.5751981643721318,0.39385278988037803,0.529985398414685,0.4733828110683526,0.6911764705882353,0.36879432624113473,0.47368421052631576,0.2591640137103563,0.18747814111420863,0.6507177033492823
fnirs_bikom_vft_native,fnirs,bikom,vft,signal_qc_demographics,logistic_regression,20260707,418,fixed_0_5,4,0.5,205,65,140,0.5918681318681318,0.42799318909694517,0.5494505494505495,0.5494505494505495,0.38461538461538464,0.7142857142857143,0.6097560975609756,0.28117746272159294,0.2290728738976544,0.3170731707317073
fnirs_bikom_vft_native,fnirs,bikom,vft,signal_qc_demographics,logistic_regression,20260707,418,inner_cv,4,0.4,205,65,140,0.5918681318681318,0.42799318909694517,0.5777472527472528,0.573018007329484,0.47692307692307695,0.6785714285714286,0.6146341463414634,0.28117746272159294,0.2290728738976544,0.37073170731707317
fnirs_bikom_vft_native,fnirs,bikom,vft,signal_qc_demographics,random_forest,20260707,418,fixed_0_5,0,0.5,208,66,142,0.6103286384976525,0.4308182921745599,0.5613529662825438,0.5559379281776758,0.24242424242424243,0.8802816901408451,0.6778846153846154,0.21957788425569277,0.09953779813362315,0.15865384615384615
fnirs_bikom_vft_native,fnirs,bikom,vft,signal_qc_demographics,random_forest,20260707,418,inner_cv,0,0.4,208,66,142,0.6103286384976525,0.4308182921745599,0.57981220657277,0.540903540903541,0.6666666666666666,0.49295774647887325,0.5480769230769231,0.21957788425569277,0.09953779813362315,0.5576923076923077
fnirs_bikom_vft_native,fnirs,bikom,vft,signal_qc_demographics,random_forest,20260707,418,fixed_0_5,1,0.5,200,61,139,0.5046585682273854,0.32666319339158345,0.48761646420568466,0.42634530587782016,0.03278688524590164,0.9424460431654677,0.665,0.22016035818521643,0.06479544323571923,0.05
fnirs_bikom_vft_native,fnirs,bikom,vft,signal_qc_demographics,random_forest,20260707,418,inner_cv,1,0.35,200,61,139,0.5046585682273854,0.32666319339158345,0.5037150607382946,0.46350845227249726,0.5901639344262295,0.4172661870503597,0.47,0.22016035818521643,0.06479544323571923,0.585
fnirs_bikom_vft_native,fnirs,bikom,vft,signal_qc_demographics,random_forest,20260707,418,fixed_0_5,2,0.5,200,63,137,0.5506893755068938,0.3645389725096742,0.5098482215270537,0.45540614134305224,0.06349206349206349,0.9562043795620438,0.675,0.21948156669132524,0.06502215568287625,0.05
fnirs_bikom_vft_native,fnirs,bikom,vft,signal_qc_demographics,random_forest,20260707,418,inner_cv,2,0.4,200,63,137,0.5506893755068938,0.3645389725096742,0.5470397404703974,0.5424350175032389,0.4444444444444444,0.6496350364963503,0.585,0.21948156669132524,0.06502215568287625,0.38
fnirs_bikom_vft_native,fnirs,bikom,vft,signal_qc_demographics,random_forest,20260707,418,fixed_0_5,3,0.5,209,68,141,0.5605965790571548,0.3651123024197169,0.4929078014184397,0.3994252873563218,0.0,0.9858156028368794,0.6650717703349283,0.21917163330150163,0.09718973131701987,0.009569377990430622
fnirs_bikom_vft_native,fnirs,bikom,vft,signal_qc_demographics,random_forest,20260707,418,inner_cv,3,0.45,209,68,141,0.5605965790571548,0.3651123024197169,0.5241447642886942,0.5027863777089783,0.16176470588235295,0.8865248226950354,0.6507177033492823,0.21917163330150163,0.09718973131701987,0.1291866028708134
fnirs_bikom_vft_native,fnirs,bikom,vft,signal_qc_demographics,random_forest,20260707,418,fixed_0_5,4,0.5,205,65,140,0.5202197802197802,0.34647388062732354,0.5098901098901099,0.46169292554834723,0.07692307692307693,0.9428571428571428,0.6682926829268293,0.222953347269908,0.07485004911729405,0.06341463414634146
fnirs_bikom_vft_native,fnirs,bikom,vft,signal_qc_demographics,random_forest,20260707,418,inner_cv,4,0.45,205,65,140,0.5202197802197802,0.34647388062732354,0.49835164835164836,0.48008958861697576,0.15384615384615385,0.8428571428571429,0.624390243902439,0.222953347269908,0.07485004911729405,0.15609756097560976
fnirs_bikom_vft_native,fnirs,bikom,vft,signal_qc_demographics,hist_gradient_boosting,20260707,418,fixed_0_5,0,0.5,208,66,142,0.5224605206999573,0.35250042630488626,0.5059752454118651,0.4945076309905707,0.4696969696969697,0.5422535211267606,0.5192307692307693,0.24703839608332218,0.17330187457014073,0.46153846153846156
fnirs_bikom_vft_native,fnirs,bikom,vft,signal_qc_demographics,hist_gradient_boosting,20260707,418,inner_cv,0,0.55,208,66,142,0.5224605206999573,0.35250042630488626,0.5218736662398634,0.4898880398080682,0.12121212121212122,0.9225352112676056,0.6682692307692307,0.24703839608332218,0.17330187457014073,0.09134615384615384
fnirs_bikom_vft_native,fnirs,bikom,vft,signal_qc_demographics,hist_gradient_boosting,20260707,418,fixed_0_5,1,0.5,200,61,139,0.5665172779808939,0.3478530492518146,0.5408656681212407,0.5280995280995281,0.4918032786885246,0.5899280575539568,0.56,0.24427608270144183,0.18570619217568748,0.435
fnirs_bikom_vft_native,fnirs,bikom,vft,signal_qc_demographics,hist_gradient_boosting,20260707,418,inner_cv,1,0.45,200,61,139,0.5665172779808939,0.3478530492518146,0.5357353461493101,0.42174732872407295,0.819672131147541,0.2517985611510791,0.425,0.24427608270144183,0.18570619217568748,0.77
fnirs_bikom_vft_native,fnirs,bikom,vft,signal_qc_demographics,hist_gradient_boosting,20260707,418,fixed_0_5,2,0.5,200,63,137,0.6060132082029892,0.4262970618237094,0.591646390916464,0.5775288109307736,0.5555555555555556,0.6277372262773723,0.605,0.24278629789373998,0.1775224264561025,0.43
fnirs_bikom_vft_native,fnirs,bikom,vft,signal_qc_demographics,hist_gradient_boosting,20260707,418,inner_cv,2,0.5,200,63,137,0.6060132082029892,0.4262970618237094,0.591646390916464,0.5775288109307736,0.5555555555555556,0.6277372262773723,0.605,0.24278629789373998,0.1775224264561025,0.43
fnirs_bikom_vft_native,fnirs,bikom,vft,signal_qc_demographics,hist_gradient_boosting,20260707,418,fixed_0_5,3,0.5,209,68,141,0.5353045473508552,0.35663929056286214,0.5108468919482687,0.5075278418533125,0.4117647058823529,0.6099290780141844,0.5454545454545454,0.24616775699646928,0.1705095303815498,0.39712918660287083
fnirs_bikom_vft_native,fnirs,bikom,vft,signal_qc_demographics,hist_gradient_boosting,20260707,418,inner_cv,3,0.5,209,68,141,0.5353045473508552,0.35663929056286214,0.5108468919482687,0.5075278418533125,0.4117647058823529,0.6099290780141844,0.5454545454545454,0.24616775699646928,0.1705095303815498,0.39712918660287083
fnirs_bikom_vft_native,fnirs,bikom,vft,signal_qc_demographics,hist_gradient_boosting,20260707,418,fixed_0_5,4,0.5,205,65,140,0.563021978021978,0.3902253671216326,0.5376373626373626,0.537992821568682,0.35384615384615387,0.7214285714285714,0.6048780487804878,0.24124878094536945,0.16475037469363948,0.3024390243902439
fnirs_bikom_vft_native,fnirs,bikom,vft,signal_qc_demographics,hist_gradient_boosting,20260707,418,inner_cv,4,0.5,205,65,140,0.563021978021978,0.3902253671216326,0.5376373626373626,0.537992821568682,0.35384615384615387,0.7214285714285714,0.6048780487804878,0.24124878094536945,0.16475037469363948,0.3024390243902439
fnirs_bikom_1back_native,fnirs,bikom,1back,no_information,no_information_prior,20260707,0,fixed_0_5,0,0.5,197,63,134,0.5,0.3197969543147208,0.5,0.40483383685800606,0.0,1.0,0.6802030456852792,0.21755262954469318,0.005076142131979766,0.0
fnirs_bikom_1back_native,fnirs,bikom,1back,no_information,no_information_prior,20260707,0,inner_cv,0,0.5,197,63,134,0.5,0.3197969543147208,0.5,0.40483383685800606,0.0,1.0,0.6802030456852792,0.21755262954469318,0.005076142131979766,0.0
fnirs_bikom_1back_native,fnirs,bikom,1back,no_information,no_information_prior,20260707,0,fixed_0_5,1,0.5,194,57,137,0.5,0.29381443298969073,0.5,0.41389728096676737,0.0,1.0,0.7061855670103093,0.20823269728190763,0.02729808281309054,0.0
fnirs_bikom_1back_native,fnirs,bikom,1back,no_information,no_information_prior,20260707,0,inner_cv,1,0.5,194,57,137,0.5,0.29381443298969073,0.5,0.41389728096676737,0.0,1.0,0.7061855670103093,0.20823269728190763,0.02729808281309054,0.0
fnirs_bikom_1back_native,fnirs,bikom,1back,no_information,no_information_prior,20260707,0,fixed_0_5,2,0.5,196,62,134,0.5,0.3163265306122449,0.5,0.40606060606060607,0.0,1.0,0.6836734693877551,0.21626460007299486,0.0007371770000776379,0.0
fnirs_bikom_1back_native,fnirs,bikom,1back,no_information,no_information_prior,20260707,0,inner_cv,2,0.5,196,62,134,0.5,0.3163265306122449,0.5,0.40606060606060607,0.0,1.0,0.6836734693877551,0.21626460007299486,0.0007371770000776379,0.0
fnirs_bikom_1back_native,fnirs,bikom,1back,no_information,no_information_prior,20260707,0,fixed_0_5,3,0.5,201,66,135,0.5,0.3283582089552239,0.5,0.40178571428571436,0.0,1.0,0.6716417910447762,0.22079057835820895,0.015858208955223885,0.0
fnirs_bikom_1back_native,fnirs,bikom,1back,no_information,no_information_prior,20260707,0,inner_cv,3,0.5,201,66,135,0.5,0.3283582089552239,0.5,0.40178571428571436,0.0,1.0,0.6716417910447762,0.22079057835820895,0.015858208955223885,0.0
fnirs_bikom_1back_native,fnirs,bikom,1back,no_information,no_information_prior,20260707,0,fixed_0_5,4,0.5,197,63,134,0.5,0.3197969543147208,0.5,0.40483383685800606,0.0,1.0,0.6802030456852792,0.21755262954469323,0.005076142131979766,0.0
fnirs_bikom_1back_native,fnirs,bikom,1back,no_information,no_information_prior,20260707,0,inner_cv,4,0.5,197,63,134,0.5,0.3197969543147208,0.5,0.40483383685800606,0.0,1.0,0.6802030456852792,0.21755262954469323,0.005076142131979766,0.0
fnirs_bikom_1back_native,fnirs,bikom,1back,demographics,logistic_regression,20260707,4,fixed_0_5,0,0.5,197,63,134,0.5767590618336886,0.3763751475209534,0.5501066098081023,0.547646383467279,0.42857142857142855,0.6716417910447762,0.5939086294416244,0.24246291042144302,0.1643749501227746,0.3604060913705584
fnirs_bikom_1back_native,fnirs,bikom,1back,demographics,logistic_regression,20260707,4,inner_cv,0,0.55,197,63,134,0.5767590618336886,0.3763751475209534,0.5654465766406065,0.5663040663040664,0.31746031746031744,0.8134328358208955,0.6548223350253807,0.24246291042144302,0.1643749501227746,0.22842639593908629
fnirs_bikom_1back_native,fnirs,bikom,1back,demographics,logistic_regression,20260707,4,fixed_0_5,1,0.5,194,57,137,0.6417595082597004,0.43888813254315034,0.6253041362530414,0.5889830508474576,0.6666666666666666,0.583941605839416,0.6082474226804123,0.23390096231332597,0.19611431117740233,0.4896907216494845
fnirs_bikom_1back_native,fnirs,bikom,1back,demographics,logistic_regression,20260707,4,inner_cv,1,0.45,194,57,137,0.6417595082597004,0.43888813254315034,0.5881034703547189,0.5334900435005809,0.7017543859649122,0.4744525547445255,0.5412371134020618,0.23390096231332597,0.19611431117740233,0.5773195876288659
fnirs_bikom_1back_native,fnirs,bikom,1back,demographics,logistic_regression,20260707,4,fixed_0_5,2,0.5,196,62,134,0.674831487722677,0.4840604429953518,0.6098940779971112,0.582044430048317,0.6451612903225806,0.5746268656716418,0.5969387755102041,0.23404770792652982,0.19449280140658376,0.49489795918367346
fnirs_bikom_1back_native,fnirs,bikom,1back,demographics,logistic_regression,20260707,4,inner_cv,2,0.55,196,62,134,0.674831487722677,0.4840604429953518,0.6056812710640347,0.5973981513180417,0.532258064516129,0.6791044776119403,0.6326530612244898,0.23404770792652982,0.19449280140658376,0.3877551020408163
fnirs_bikom_1back_native,fnirs,bikom,1back,demographics,logistic_regression,20260707,4,fixed_0_5,3,0.5,201,66,135,0.6099887766554434,0.4286928071666829,0.5506734006734006,0.5322593018795551,0.5606060606060606,0.5407407407407407,0.5472636815920398,0.23887478501271978,0.15646772797871922,0.4925373134328358
fnirs_bikom_1back_native,fnirs,bikom,1back,demographics,logistic_regression,20260707,4,inner_cv,3,0.55,201,66,135,0.6099887766554434,0.4286928071666829,0.5520202020202021,0.5528103044496487,0.3484848484848485,0.7555555555555555,0.6218905472636815,0.23887478501271978,0.15646772797871922,0.27860696517412936
fnirs_bikom_1back_native,fnirs,bikom,1back,demographics,logistic_regression,20260707,4,fixed_0_5,4,0.5,197,63,134,0.6336768538261076,0.44643870409716,0.580016583747927,0.565121412803532,0.5555555555555556,0.6044776119402985,0.5888324873096447,0.23633508772370826,0.16763054246871997,0.4467005076142132
fnirs_bikom_1back_native,fnirs,bikom,1back,demographics,logistic_regression,20260707,4,inner_cv,4,0.55,197,63,134,0.6336768538261076,0.44643870409716,0.6149609097370291,0.6149609097370291,0.47619047619047616,0.753731343283582,0.6649746192893401,0.23633508772370826,0.16763054246871997,0.3197969543147208
fnirs_bikom_1back_native,fnirs,bikom,1back,demographics,random_forest,20260707,4,fixed_0_5,0,0.5,197,63,134,0.5835702440180053,0.37769675530105135,0.5823856905946458,0.5523673641936165,0.6349206349206349,0.5298507462686567,0.5634517766497462,0.24279306400905146,0.15278785202865688,0.5228426395939086
fnirs_bikom_1back_native,fnirs,bikom,1back,demographics,random_forest,20260707,4,inner_cv,0,0.45,197,63,134,0.5835702440180053,0.37769675530105135,0.5502250651504383,0.5003623188405797,0.6825396825396826,0.417910447761194,0.5025380710659898,0.24279306400905146,0.15278785202865688,0.6142131979695431
fnirs_bikom_1back_native,fnirs,bikom,1back,demographics,random_forest,20260707,4,fixed_0_5,1,0.5,194,57,137,0.6162760916890766,0.40858547884563057,0.5982200025611474,0.5796134176995753,0.5614035087719298,0.635036496350365,0.6134020618556701,0.2395382968138104,0.2008201308729773,0.422680412371134
fnirs_bikom_1back_native,fnirs,bikom,1back,demographics,random_forest,20260707,4,inner_cv,1,0.4,194,57,137,0.6162760916890766,0.40858547884563057,0.5319503137405557,0.4327485380116959,0.7719298245614035,0.291970802919708,0.4329896907216495,0.2395382968138104,0.2008201308729773,0.7268041237113402
fnirs_bikom_1back_native,fnirs,bikom,1back,demographics,random_forest,20260707,4,fixed_0_5,2,0.5,196,62,134,0.6198242657679345,0.428523983003943,0.5570534424650939,0.5222045574986751,0.6290322580645161,0.48507462686567165,0.5306122448979592,0.24159766278152772,0.17462969896196195,0.5510204081632653
fnirs_bikom_1back_native,fnirs,bikom,1back,demographics,random_forest,20260707,4,inner_cv,2,0.45,196,62,134,0.6198242657679345,0.428523983003943,0.5643957631198845,0.504056345376288,0.7258064516129032,0.40298507462686567,0.5051020408163265,0.24159766278152772,0.17462969896196195,0.6377551020408163
fnirs_bikom_1back_native,fnirs,bikom,1back,demographics,random_forest,20260707,4,fixed_0_5,3,0.5,201,66,135,0.5927048260381594,0.4027904384516787,0.5575757575757576,0.5473921240050272,0.5151515151515151,0.6,0.572139303482587,0.23949397315116208,0.14888542427151186,0.43781094527363185
fnirs_bikom_1back_native,fnirs,bikom,1back,demographics,random_forest,20260707,4,inner_cv,3,0.5,201,66,135,0.5927048260381594,0.4027904384516787,0.5575757575757576,0.5473921240050272,0.5151515151515151,0.6,0.572139303482587,0.23949397315116208,0.14888542427151186,0.43781094527363185
fnirs_bikom_1back_native,fnirs,bikom,1back,demographics,random_forest,20260707,4,fixed_0_5,4,0.5,197,63,134,0.6358090499881545,0.4372689854728596,0.5954157782515992,0.5801639344262295,0.5714285714285714,0.6194029850746269,0.6040609137055838,0.23691199582005068,0.17448736570002288,0.4416243654822335
fnirs_bikom_1back_native,fnirs,bikom,1back,demographics,random_forest,20260707,4,inner_cv,4,0.5,197,63,134,0.6358090499881545,0.4372689854728596,0.5954157782515992,0.5801639344262295,0.5714285714285714,0.6194029850746269,0.6040609137055838,0.23691199582005068,0.17448736570002288,0.4416243654822335
fnirs_bikom_1back_native,fnirs,bikom,1back,demographics,hist_gradient_boosting,20260707,4,fixed_0_5,0,0.5,197,63,134,0.5699478796493721,0.37880754544684203,0.556740108978915,0.5173582151793161,0.6507936507936508,0.4626865671641791,0.5228426395939086,0.24437590895953692,0.17110429145638587,0.5736040609137056
fnirs_bikom_1back_native,fnirs,bikom,1back,demographics,hist_gradient_boosting,20260707,4,inner_cv,0,0.5,197,63,134,0.5699478796493721,0.37880754544684203,0.556740108978915,0.5173582151793161,0.6507936507936508,0.4626865671641791,0.5228426395939086,0.24437590895953692,0.17110429145638587,0.5736040609137056
fnirs_bikom_1back_native,fnirs,bikom,1back,demographics,hist_gradient_boosting,20260707,4,fixed_0_5,1,0.5,194,57,137,0.6021897810218977,0.3809769622698185,0.5923933922397234,0.5693306010928962,0.5789473684210527,0.6058394160583942,0.5979381443298969,0.2434387494972342,0.2007508362531309,0.4484536082474227
fnirs_bikom_1back_native,fnirs,bikom,1back,demographics,hist_gradient_boosting,20260707,4,inner_cv,1,0.45,194,57,137,0.6021897810218977,0.3809769622698185,0.5531438084261749,0.44808699582568934,0.8070175438596491,0.29927007299270075,0.4484536082474227,0.2434387494972342,0.2007508362531309,0.7319587628865979
fnirs_bikom_1back_native,fnirs,bikom,1back,demographics,hist_gradient_boosting,20260707,4,fixed_0_5,2,0.5,196,62,134,0.6307173808377469,0.4208292063947877,0.5918391911410688,0.5566200931470393,0.6612903225806451,0.5223880597014925,0.5663265306122449,0.2424066831432422,0.1833716080788801,0.5357142857142857
fnirs_bikom_1back_native,fnirs,bikom,1back,demographics,hist_gradient_boosting,20260707,4,inner_cv,2,0.5,196,62,134,0.6307173808377469,0.4208292063947877,0.5918391911410688,0.5566200931470393,0.6612903225806451,0.5223880597014925,0.5663265306122449,0.2424066831432422,0.1833716080788801,0.5357142857142857
fnirs_bikom_1back_native,fnirs,bikom,1back,demographics,hist_gradient_boosting,20260707,4,fixed_0_5,3,0.5,201,66,135,0.6168911335578002,0.4040348861958627,0.5961279461279461,0.5674793043214096,0.6515151515151515,0.5407407407407407,0.5771144278606966,0.2414879656463788,0.16629845453777947,0.5223880597014925
fnirs_bikom_1back_native,fnirs,bikom,1back,demographics,hist_gradient_boosting,20260707,4,inner_cv,3,0.5,201,66,135,0.6168911335578002,0.4040348861958627,0.5961279461279461,0.5674793043214096,0.6515151515151515,0.5407407407407407,0.5771144278606966,0.2414879656463788,0.16629845453777947,0.5223880597014925
fnirs_bikom_1back_native,fnirs,bikom,1back,demographics,hist_gradient_boosting,20260707,4,fixed_0_5,4,0.5,197,63,134,0.6175669272684198,0.42065134395689413,0.5613006396588486,0.5597190375293879,0.42857142857142855,0.6940298507462687,0.6091370558375635,0.24257544025061464,0.17449495161087514,0.34517766497461927
fnirs_bikom_1back_native,fnirs,bikom,1back,demographics,hist_gradient_boosting,20260707,4,inner_cv,4,0.5,197,63,134,0.6175669272684198,0.42065134395689413,0.5613006396588486,0.5597190375293879,0.42857142857142855,0.6940298507462687,0.6091370558375635,0.24257544025061464,0.17449495161087514,0.34517766497461927
fnirs_bikom_1back_native,fnirs,bikom,1back,qc,logistic_regression,20260707,17,fixed_0_5,0,0.5,197,63,134,0.5052120350627813,0.3339599343932998,0.5138000473821369,0.4808349641226354,0.5873015873015873,0.44029850746268656,0.4873096446700508,0.2544794227904166,0.18390177375113456,0.5685279187817259
fnirs_bikom_1back_native,fnirs,bikom,1back,qc,logistic_regression,20260707,17,inner_cv,0,0.55,197,63,134,0.5052120350627813,0.3339599343932998,0.509831793413883,0.46201588877855015,0.07936507936507936,0.9402985074626866,0.6649746192893401,0.2544794227904166,0.18390177375113456,0.06598984771573604
fnirs_bikom_1back_native,fnirs,bikom,1back,qc,logistic_regression,20260707,17,fixed_0_5,1,0.5,194,57,137,0.5917531053912153,0.41452712693387617,0.5698552951722371,0.5102588892469653,0.7017543859649122,0.43795620437956206,0.5154639175257731,0.24607903462023706,0.21018135545065306,0.6030927835051546
fnirs_bikom_1back_native,fnirs,bikom,1back,qc,logistic_regression,20260707,17,inner_cv,1,0.5,194,57,137,0.5917531053912153,0.41452712693387617,0.5698552951722371,0.5102588892469653,0.7017543859649122,0.43795620437956206,0.5154639175257731,0.24607903462023706,0.21018135545065306,0.6030927835051546
fnirs_bikom_1back_native,fnirs,bikom,1back,qc,logistic_regression,20260707,17,fixed_0_5,2,0.5,196,62,134,0.5534424650938854,0.38885278957797764,0.555127587867116,0.5069182389937107,0.6774193548387096,0.43283582089552236,0.5102040816326531,0.24712768969681978,0.1864922663208084,0.6020408163265306
fnirs_bikom_1back_native,fnirs,bikom,1back,qc,logistic_regression,20260707,17,inner_cv,2,0.7,196,62,134,0.5534424650938854,0.38885278957797764,0.5080645161290323,0.4231678486997636,0.016129032258064516,1.0,0.6887755102040817,0.24712768969681978,0.1864922663208084,0.00510204081632653
fnirs_bikom_1back_native,fnirs,bikom,1back,qc,logistic_regression,20260707,17,fixed_0_5,3,0.5,201,66,135,0.5031425364758698,0.33799567222692506,0.48989898989898994,0.4842375366568915,0.42424242424242425,0.5555555555555556,0.5124378109452736,0.24881995644739954,0.17273150722159222,0.43781094527363185
fnirs_bikom_1back_native,fnirs,bikom,1back,qc,logistic_regression,20260707,17,inner_cv,3,0.75,201,66,135,0.5031425364758698,0.33799567222692506,0.5075757575757576,0.417910447761194,0.015151515151515152,1.0,0.6766169154228856,0.24881995644739954,0.17273150722159222,0.004975124378109453
fnirs_bikom_1back_native,fnirs,bikom,1back,qc,logistic_regression,20260707,17,fixed_0_5,4,0.5,197,63,134,0.4362710258232646,0.3083904208876656,0.43727789623312013,0.4030766840183358,0.5238095238095238,0.35074626865671643,0.40609137055837563,0.2558918492150434,0.1976000532608156,0.6091370558375635
fnirs_bikom_1back_native,fnirs,bikom,1back,qc,logistic_regression,20260707,17,inner_cv,4,0.5,197,63,134,0.4362710258232646,0.3083904208876656,0.43727789623312013,0.4030766840183358,0.5238095238095238,0.35074626865671643,0.40609137055837563,0.2558918492150434,0.1976000532608156,0.6091370558375635
fnirs_bikom_1back_native,fnirs,bikom,1back,qc,random_forest,20260707,17,fixed_0_5,0,0.5,197,63,134,0.5536602700781805,0.37496253883569003,0.5501066098081023,0.547646383467279,0.42857142857142855,0.6716417910447762,0.5939086294416244,0.23768434669632085,0.1421647010226806,0.3604060913705584
fnirs_bikom_1back_native,fnirs,bikom,1back,qc,random_forest,20260707,17,inner_cv,0,0.45,197,63,134,0.5536602700781805,0.37496253883569003,0.5665126747216299,0.5404029692470838,0.6031746031746031,0.5298507462686567,0.5532994923857868,0.23768434669632085,0.1421647010226806,0.5126903553299492
fnirs_bikom_1back_native,fnirs,bikom,1back,qc,random_forest,20260707,17,fixed_0_5,1,0.5,194,57,137,0.4826482264054296,0.3011800985838685,0.49506979126648737,0.4937775993576877,0.24561403508771928,0.7445255474452555,0.5979381443298969,0.23757326627064324,0.15071018265408348,0.25257731958762886
fnirs_bikom_1back_native,fnirs,bikom,1back,qc,random_forest,20260707,17,inner_cv,1,0.35,194,57,137,0.4826482264054296,0.3011800985838685,0.5224740683826354,0.41080562659846553,0.7894736842105263,0.25547445255474455,0.41237113402061853,0.23757326627064324,0.15071018265408348,0.7577319587628866
fnirs_bikom_1back_native,fnirs,bikom,1back,qc,random_forest,20260707,17,fixed_0_5,2,0.5,196,62,134,0.6076071256620126,0.41284183147158965,0.5814877226769379,0.5763078253350626,0.4838709677419355,0.6791044776119403,0.6173469387755102,0.23723658466007225,0.1644003247410158,0.37244897959183676
fnirs_bikom_1back_native,fnirs,bikom,1back,qc,random_forest,20260707,17,inner_cv,2,0.55,196,62,134,0.6076071256620126,0.41284183147158965,0.5203418391911411,0.49676183176853805,0.14516129032258066,0.8955223880597015,0.6581632653061225,0.23723658466007225,0.1644003247410158,0.11734693877551021
fnirs_bikom_1back_native,fnirs,bikom,1back,qc,random_forest,20260707,17,fixed_0_5,3,0.5,201,66,135,0.47126823793490463,0.32725205322398576,0.4811447811447811,0.4811447811447811,0.30303030303030304,0.6592592592592592,0.5422885572139303,0.253284481449577,0.15338527809317556,0.3283582089552239
fnirs_bikom_1back_native,fnirs,bikom,1back,qc,random_forest,20260707,17,inner_cv,3,0.45,201,66,135,0.47126823793490463,0.32725205322398576,0.49023569023569025,0.4808884297520661,0.45454545454545453,0.5259259259259259,0.5024875621890548,0.253284481449577,0.15338527809317556,0.46766169154228854
fnirs_bikom_1back_native,fnirs,bikom,1back,qc,random_forest,20260707,17,fixed_0_5,4,0.5,197,63,134,0.44195688225538965,0.29307988706940596,0.4777303956408434,0.4762719633307869,0.25396825396825395,0.7014925373134329,0.5583756345177665,0.25031866299160255,0.14485079217698865,0.28426395939086296
fnirs_bikom_1back_native,fnirs,bikom,1back,qc,random_forest,20260707,17,inner_cv,4,0.45,197,63,134,0.44195688225538965,0.29307988706940596,0.43579720445392084,0.4333652924256951,0.3492063492063492,0.5223880597014925,0.467005076142132,0.25031866299160255,0.14485079217698865,0.4365482233502538
fnirs_bikom_1back_native,fnirs,bikom,1back,qc,hist_gradient_boosting,20260707,17,fixed_0_5,0,0.5,197,63,134,0.4894574745321014,0.32076475273909966,0.4933072731580195,0.4363158301755471,0.6507936507936508,0.3358208955223881,0.4365482233502538,0.2508927749587364,0.17881695928934715,0.6598984771573604
fnirs_bikom_1back_native,fnirs,bikom,1back,qc,hist_gradient_boosting,20260707,17,inner_cv,0,0.55,197,63,134,0.4894574745321014,0.32076475273909966,0.49070125562662875,0.44052255761116516,0.06349206349206349,0.917910447761194,0.6446700507614214,0.2508927749587364,0.17881695928934715,0.07614213197969544
fnirs_bikom_1back_native,fnirs,bikom,1back,qc,hist_gradient_boosting,20260707,17,fixed_0_5,1,0.5,194,57,137,0.5188884620309898,0.3213616080071306,0.5398898706620566,0.4882644272179156,0.6491228070175439,0.4306569343065693,0.4948453608247423,0.24996235137874692,0.20915209600642257,0.5927835051546392
fnirs_bikom_1back_native,fnirs,bikom,1back,qc,hist_gradient_boosting,20260707,17,inner_cv,1,0.55,194,57,137,0.5188884620309898,0.3213616080071306,0.5270841336918939,0.49451931716082653,0.10526315789473684,0.948905109489051,0.7010309278350515,0.24996235137874692,0.20915209600642257,0.06701030927835051
fnirs_bikom_1back_native,fnirs,bikom,1back,qc,hist_gradient_boosting,20260707,17,fixed_0_5,2,0.5,196,62,134,0.5894920558497833,0.3757852545758559,0.5788396726047184,0.552042160737813,0.6129032258064516,0.5447761194029851,0.5663265306122449,0.24610903345960713,0.18037254282956972,0.5051020408163265
fnirs_bikom_1back_native,fnirs,bikom,1back,qc,hist_gradient_boosting,20260707,17,inner_cv,2,0.4,196,62,134,0.5894920558497833,0.3757852545758559,0.5,0.24031007751937986,1.0,0.0,0.3163265306122449,0.24610903345960713,0.18037254282956972,1.0
fnirs_bikom_1back_native,fnirs,bikom,1back,qc,hist_gradient_boosting,20260707,17,fixed_0_5,3,0.5,201,66,135,0.4707070707070707,0.34350057358229136,0.47053872053872053,0.46979974160206717,0.3484848484848485,0.5925925925925926,0.5124378109452736,0.2511147435150892,0.1670978951166252,0.3880597014925373
fnirs_bikom_1back_native,fnirs,bikom,1back,qc,hist_gradient_boosting,20260707,17,inner_cv,3,0.5,201,66,135,0.4707070707070707,0.34350057358229136,0.47053872053872053,0.46979974160206717,0.3484848484848485,0.5925925925925926,0.5124378109452736,0.2511147435150892,0.1670978951166252,0.3880597014925373
fnirs_bikom_1back_native,fnirs,bikom,1back,qc,hist_gradient_boosting,20260707,17,fixed_0_5,4,0.5,197,63,134,0.4982231698649609,0.3389546632988234,0.482468609334281,0.47653746062183266,0.4126984126984127,0.5522388059701493,0.5076142131979695,0.2529233748602374,0.20836469160865445,0.4365482233502538
fnirs_bikom_1back_native,fnirs,bikom,1back,qc,hist_gradient_boosting,20260707,17,inner_cv,4,0.45,197,63,134,0.4982231698649609,0.3389546632988234,0.46683250414593697,0.2675369743038916,0.8888888888888888,0.04477611940298507,0.3147208121827411,0.2529233748602374,0.20836469160865445,0.934010152284264
fnirs_bikom_1back_native,fnirs,bikom,1back,signal,logistic_regression,20260707,396,fixed_0_5,0,0.5,197,63,134,0.5771144278606966,0.39924612154040884,0.5622482823975361,0.5579823340623137,0.4603174603174603,0.664179104477612,0.5989847715736041,0.2872197415424384,0.22638104267358705,0.3756345177664975
fnirs_bikom_1back_native,fnirs,bikom,1back,signal,logistic_regression,20260707,396,inner_cv,0,0.35,197,63,134,0.5771144278606966,0.39924612154040884,0.5814380478559582,0.5580128205128205,0.6031746031746031,0.5597014925373134,0.5736040609137056,0.2872197415424384,0.22638104267358705,0.49238578680203043
fnirs_bikom_1back_native,fnirs,bikom,1back,signal,logistic_regression,20260707,396,fixed_0_5,1,0.5,194,57,137,0.5562812139838647,0.38702739268581177,0.5266359328979382,0.5099758762594011,0.49122807017543857,0.5620437956204379,0.5412371134020618,0.28037566300280026,0.22405367661504277,0.4536082474226804
fnirs_bikom_1back_native,fnirs,bikom,1back,signal,logistic_regression,20260707,396,inner_cv,1,0.45,194,57,137,0.5562812139838647,0.38702739268581177,0.5434754770137021,0.5154845154845155,0.5614035087719298,0.5255474452554745,0.5360824742268041,0.28037566300280026,0.22405367661504277,0.5
fnirs_bikom_1back_native,fnirs,bikom,1back,signal,logistic_regression,20260707,396,fixed_0_5,2,0.5,196,62,134,0.562349542609533,0.3955432718807059,0.5249157438613384,0.5156462585034014,0.46774193548387094,0.582089552238806,0.5459183673469388,0.27108959155564816,0.20119463294981105,0.4336734693877551
fnirs_bikom_1back_native,fnirs,bikom,1back,signal,logistic_regression,20260707,396,inner_cv,2,0.5,196,62,134,0.562349542609533,0.3955432718807059,0.5249157438613384,0.5156462585034014,0.46774193548387094,0.582089552238806,0.5459183673469388,0.27108959155564816,0.20119463294981105,0.4336734693877551
fnirs_bikom_1back_native,fnirs,bikom,1back,signal,logistic_regression,20260707,396,fixed_0_5,3,0.5,201,66,135,0.5690235690235691,0.4098959450990366,0.554040404040404,0.5411911184893132,0.5303030303030303,0.5777777777777777,0.5621890547263682,0.3083970798338799,0.26350523475855353,0.4577114427860697
fnirs_bikom_1back_native,fnirs,bikom,1back,signal,logistic_regression,20260707,396,inner_cv,3,0.5,201,66,135,0.5690235690235691,0.4098959450990366,0.554040404040404,0.5411911184893132,0.5303030303030303,0.5777777777777777,0.5621890547263682,0.3083970798338799,0.26350523475855353,0.4577114427860697
fnirs_bikom_1back_native,fnirs,bikom,1back,signal,logistic_regression,20260707,396,fixed_0_5,4,0.5,197,63,134,0.5724946695095948,0.4348470009768048,0.5277185501066098,0.5235658042744656,0.42857142857142855,0.6268656716417911,0.5634517766497462,0.2616386719269626,0.19672178884930294,0.39086294416243655
fnirs_bikom_1back_native,fnirs,bikom,1back,signal,logistic_regression,20260707,396,inner_cv,4,0.55,197,63,134,0.5724946695095948,0.4348470009768048,0.5262970859985785,0.5254114300641454,0.38095238095238093,0.6716417910447762,0.5786802030456852,0.2616386719269626,0.19672178884930294,0.34517766497461927
fnirs_bikom_1back_native,fnirs,bikom,1back,signal,random_forest,20260707,396,fixed_0_5,0,0.5,197,63,134,0.5302061122956646,0.33699248408841453,0.48649609097370294,0.42941079112876535,0.047619047619047616,0.9253731343283582,0.6446700507614214,0.2263415857378782,0.06031671904774111,0.06598984771573604
fnirs_bikom_1back_native,fnirs,bikom,1back,signal,random_forest,20260707,396,inner_cv,0,0.35,197,63,134,0.5302061122956646,0.33699248408841453,0.5361881070836295,0.5078238001314924,0.5873015873015873,0.48507462686567165,0.5177664974619289,0.2263415857378782,0.06031671904774111,0.5380710659898477
fnirs_bikom_1back_native,fnirs,bikom,1back,signal,random_forest,20260707,396,fixed_0_5,1,0.5,194,57,137,0.5077474708669484,0.3499197815471241,0.5241388141887566,0.4760802469135802,0.07017543859649122,0.9781021897810219,0.711340206185567,0.21758410681477874,0.104411067366196,0.03608247422680412
fnirs_bikom_1back_native,fnirs,bikom,1back,signal,random_forest,20260707,396,inner_cv,1,0.35,194,57,137,0.5077474708669484,0.3499197815471241,0.49897554104238695,0.45234574539588657,0.5964912280701754,0.40145985401459855,0.4587628865979381,0.21758410681477874,0.104411067366196,0.5979381443298969
fnirs_bikom_1back_native,fnirs,bikom,1back,signal,random_forest,20260707,396,fixed_0_5,2,0.5,196,62,134,0.5672845450168512,0.3516438624076599,0.5016851227732306,0.480794701986755,0.14516129032258066,0.8582089552238806,0.6326530612244898,0.2258960940067135,0.106683570052461,0.14285714285714285
fnirs_bikom_1back_native,fnirs,bikom,1back,signal,random_forest,20260707,396,inner_cv,2,0.4,196,62,134,0.5672845450168512,0.3516438624076599,0.5513962445835339,0.5021863789898144,0.6774193548387096,0.4253731343283582,0.5051020408163265,0.2258960940067135,0.106683570052461,0.6071428571428571
fnirs_bikom_1back_native,fnirs,bikom,1back,signal,random_forest,20260707,396,fixed_0_5,3,0.5,201,66,135,0.5731762065095399,0.40808136963201525,0.5274410774410774,0.49705622608183686,0.13636363636363635,0.9185185185185185,0.6616915422885572,0.22564229122964988,0.09923836801832803,0.09950248756218906
fnirs_bikom_1back_native,fnirs,bikom,1back,signal,random_forest,20260707,396,inner_cv,3,0.45,201,66,135,0.5731762065095399,0.40808136963201525,0.5562289562289562,0.5566176470588236,0.3939393939393939,0.7185185185185186,0.6119402985074627,0.22564229122964988,0.09923836801832803,0.31840796019900497
fnirs_bikom_1back_native,fnirs,bikom,1back,signal,random_forest,20260707,396,fixed_0_5,4,0.5,197,63,134,0.5375503435204928,0.4331360307684303,0.5406301824212272,0.5008445945945946,0.1111111111111111,0.9701492537313433,0.6954314720812182,0.22016388940273557,0.08892315071529602,0.05583756345177665
fnirs_bikom_1back_native,fnirs,bikom,1back,signal,random_forest,20260707,396,inner_cv,4,0.4,197,63,134,0.5375503435204928,0.4331360307684303,0.5113717128642501,0.5098241098241098,0.38095238095238093,0.6417910447761194,0.5583756345177665,0.22016388940273557,0.08892315071529602,0.36548223350253806
fnirs_bikom_1back_native,fnirs,bikom,1back,signal,hist_gradient_boosting,20260707,396,fixed_0_5,0,0.5,197,63,134,0.48092868988391385,0.3147547040827874,0.4964463397299218,0.4942304979545775,0.38095238095238093,0.6119402985074627,0.5380710659898477,0.24790598940579192,0.16512580250824305,0.38578680203045684
fnirs_bikom_1back_native,fnirs,bikom,1back,signal,hist_gradient_boosting,20260707,396,inner_cv,0,0.45,197,63,134,0.48092868988391385,0.3147547040827874,0.5045605306799337,0.40109133428608557,0.7777777777777778,0.23134328358208955,0.40609137055837563,0.24790598940579192,0.16512580250824305,0.7715736040609137
fnirs_bikom_1back_native,fnirs,bikom,1back,signal,hist_gradient_boosting,20260707,396,fixed_0_5,1,0.5,194,57,137,0.4797029069022922,0.29098437347308137,0.4616468177743629,0.4425287356321839,0.45614035087719296,0.46715328467153283,0.4639175257731959,0.24904343738644957,0.19464435770886906,0.5103092783505154
fnirs_bikom_1back_native,fnirs,bikom,1back,signal,hist_gradient_boosting,20260707,396,inner_cv,1,0.55,194,57,137,0.4797029069022922,0.29098437347308137,0.49423741836342683,0.467535127606407,0.10526315789473684,0.8832116788321168,0.654639175257732,0.24904343738644957,0.19464435770886906,0.1134020618556701
fnirs_bikom_1back_native,fnirs,bikom,1back,signal,hist_gradient_boosting,20260707,396,fixed_0_5,2,0.5,196,62,134,0.5524193548387096,0.3654668695949779,0.5355079441502166,0.5292588511203413,0.45161290322580644,0.6194029850746269,0.5663265306122449,0.2440832806331502,0.17086268220609718,0.4030612244897959
fnirs_bikom_1back_native,fnirs,bikom,1back,signal,hist_gradient_boosting,20260707,396,inner_cv,2,0.5,196,62,134,0.5524193548387096,0.3654668695949779,0.5355079441502166,0.5292588511203413,0.45161290322580644,0.6194029850746269,0.5663265306122449,0.2440832806331502,0.17086268220609718,0.4030612244897959
fnirs_bikom_1back_native,fnirs,bikom,1back,signal,hist_gradient_boosting,20260707,396,fixed_0_5,3,0.5,201,66,135,0.5290123456790123,0.353351294154285,0.5084175084175084,0.5041249966840863,0.42424242424242425,0.5925925925925926,0.5373134328358209,0.24675415719134602,0.1625706794072419,0.4129353233830846
fnirs_bikom_1back_native,fnirs,bikom,1back,signal,hist_gradient_boosting,20260707,396,inner_cv,3,0.5,201,66,135,0.5290123456790123,0.353351294154285,0.5084175084175084,0.5041249966840863,0.42424242424242425,0.5925925925925926,0.5373134328358209,0.24675415719134602,0.1625706794072419,0.4129353233830846
fnirs_bikom_1back_native,fnirs,bikom,1back,signal,hist_gradient_boosting,20260707,396,fixed_0_5,4,0.5,197,63,134,0.5600568585643212,0.3856504546932698,0.5435915659796257,0.5375586854460094,0.4603174603174603,0.6268656716417911,0.5736040609137056,0.24314172426564987,0.16729951374965885,0.4010152284263959
fnirs_bikom_1back_native,fnirs,bikom,1back,signal,hist_gradient_boosting,20260707,396,inner_cv,4,0.45,197,63,134,0.5600568585643212,0.3856504546932698,0.5321013977730396,0.4204222968575073,0.8253968253968254,0.23880597014925373,0.4263959390862944,0.24314172426564987,0.16729951374965885,0.7817258883248731
fnirs_bikom_1back_native,fnirs,bikom,1back,signal_qc,logistic_regression,20260707,413,fixed_0_5,0,0.5,197,63,134,0.5659796256811183,0.4059402427487285,0.5617744610281923,0.558955223880597,0.4444444444444444,0.6791044776119403,0.6040609137055838,0.29377406063334394,0.2553588178501558,0.3604060913705584
fnirs_bikom_1back_native,fnirs,bikom,1back,signal_qc,logistic_regression,20260707,413,inner_cv,0,0.4,197,63,134,0.5659796256811183,0.4059402427487285,0.5328713574982231,0.5238409140848166,0.47619047619047616,0.5895522388059702,0.5532994923857868,0.29377406063334394,0.2553588178501558,0.43147208121827413
fnirs_bikom_1back_native,fnirs,bikom,1back,signal_qc,logistic_regression,20260707,413,fixed_0_5,1,0.5,194,57,137,0.5546164681777436,0.38321117271853283,0.5354078627224996,0.5168119551681196,0.5087719298245614,0.5620437956204379,0.5463917525773195,0.2807874627586349,0.22396097173526372,0.4587628865979381
fnirs_bikom_1back_native,fnirs,bikom,1back,signal_qc,logistic_regression,20260707,413,inner_cv,1,0.45,194,57,137,0.5546164681777436,0.38321117271853283,0.5186323472915866,0.49395049395049395,0.5263157894736842,0.5109489051094891,0.5154639175257731,0.2807874627586349,0.22396097173526372,0.5
fnirs_bikom_1back_native,fnirs,bikom,1back,signal_qc,logistic_regression,20260707,413,fixed_0_5,2,0.5,196,62,134,0.562349542609533,0.3883873295539924,0.5286470871449206,0.5197683483684152,0.46774193548387094,0.5895522388059702,0.5510204081632653,0.2701764754294581,0.20373662260108394,0.42857142857142855
fnirs_bikom_1back_native,fnirs,bikom,1back,signal_qc,logistic_regression,20260707,413,inner_cv,2,0.55,196,62,134,0.562349542609533,0.3883873295539924,0.5337024554646124,0.5317016317016318,0.4032258064516129,0.664179104477612,0.5816326530612245,0.2701764754294581,0.20373662260108394,0.35714285714285715
fnirs_bikom_1back_native,fnirs,bikom,1back,signal_qc,logistic_regression,20260707,413,fixed_0_5,3,0.5,201,66,135,0.5600448933782267,0.4079521185579852,0.5276094276094276,0.518136335209506,0.48484848484848486,0.5703703703703704,0.5422885572139303,0.31123011510718274,0.26737162117145064,0.44776119402985076
fnirs_bikom_1back_native,fnirs,bikom,1back,signal_qc,logistic_regression,20260707,413,inner_cv,3,0.75,201,66,135,0.5600448933782267,0.4079521185579852,0.5515151515151515,0.5506935725878066,0.30303030303030304,0.8,0.6368159203980099,0.31123011510718274,0.26737162117145064,0.23383084577114427
fnirs_bikom_1back_native,fnirs,bikom,1back,signal_qc,logistic_regression,20260707,413,fixed_0_5,4,0.5,197,63,134,0.5607675906183369,0.4349836896174483,0.5197820421701018,0.5164621244181126,0.4126984126984127,0.6268656716417911,0.5583756345177665,0.2656068628284757,0.20296085453833623,0.38578680203045684
fnirs_bikom_1back_native,fnirs,bikom,1back,signal_qc,logistic_regression,20260707,413,inner_cv,4,0.45,197,63,134,0.5607675906183369,0.4349836896174483,0.5333451788675669,0.5221704412285721,0.49206349206349204,0.5746268656716418,0.5482233502538071,0.2656068628284757,0.20296085453833623,0.4467005076142132
fnirs_bikom_1back_native,fnirs,bikom,1back,signal_qc,random_forest,20260707,413,fixed_0_5,0,0.5,197,63,134,0.5366027007818053,0.3413077693625015,0.48466003316749584,0.4557008657211272,0.1111111111111111,0.8582089552238806,0.6192893401015228,0.22945413992847305,0.10000947939160464,0.1319796954314721
fnirs_bikom_1back_native,fnirs,bikom,1back,signal_qc,random_forest,20260707,413,inner_cv,0,0.45,197,63,134,0.5366027007818053,0.3413077693625015,0.5482113243307273,0.5488187078109932,0.36507936507936506,0.7313432835820896,0.6142131979695431,0.22945413992847305,0.10000947939160464,0.29949238578680204
fnirs_bikom_1back_native,fnirs,bikom,1back,signal_qc,random_forest,20260707,413,fixed_0_5,1,0.5,194,57,137,0.5117172493276988,0.3113135930870165,0.4992956844666411,0.43865740740740744,0.03508771929824561,0.9635036496350365,0.6907216494845361,0.21768276949790166,0.07515744686634142,0.03608247422680412
fnirs_bikom_1back_native,fnirs,bikom,1back,signal_qc,random_forest,20260707,413,inner_cv,1,0.35,194,57,137,0.5117172493276988,0.3113135930870165,0.5150467409399411,0.4673772609819121,0.6140350877192983,0.41605839416058393,0.4742268041237113,0.21768276949790166,0.07515744686634142,0.5927835051546392
fnirs_bikom_1back_native,fnirs,bikom,1back,signal_qc,random_forest,20260707,413,fixed_0_5,2,0.5,196,62,134,0.5586181993259509,0.3660752815549777,0.5142031776600866,0.46693863674995745,0.08064516129032258,0.9477611940298507,0.673469387755102,0.2192607276847427,0.0641294810453992,0.061224489795918366
fnirs_bikom_1back_native,fnirs,bikom,1back,signal_qc,random_forest,20260707,413,inner_cv,2,0.35,196,62,134,0.5586181993259509,0.3660752815549777,0.5439335580163698,0.49266609145815354,0.6774193548387096,0.41044776119402987,0.49489795918367346,0.2192607276847427,0.0641294810453992,0.6173469387755102
fnirs_bikom_1back_native,fnirs,bikom,1back,signal_qc,random_forest,20260707,413,fixed_0_5,3,0.5,201,66,135,0.5628507295173962,0.38203258019467257,0.4968013468013468,0.4321117210203423,0.045454545454545456,0.9481481481481482,0.6517412935323383,0.22198896302701018,0.0462659684174124,0.04975124378109453
fnirs_bikom_1back_native,fnirs,bikom,1back,signal_qc,random_forest,20260707,413,inner_cv,3,0.35,201,66,135,0.5628507295173962,0.38203258019467257,0.5407407407407407,0.4957150309262985,0.6666666666666666,0.4148148148148148,0.4975124378109453,0.22198896302701018,0.0462659684174124,0.6119402985074627
fnirs_bikom_1back_native,fnirs,bikom,1back,signal_qc,random_forest,20260707,413,fixed_0_5,4,0.5,197,63,134,0.5244018005212036,0.3993186032162599,0.5326936744847193,0.48717620449793025,0.09523809523809523,0.9701492537313433,0.6903553299492385,0.2225860287730234,0.09449817707356269,0.050761421319796954
fnirs_bikom_1back_native,fnirs,bikom,1back,signal_qc,random_forest,20260707,413,inner_cv,4,0.4,197,63,134,0.5244018005212036,0.3993186032162599,0.5006515043828477,0.4974630673058056,0.3968253968253968,0.6044776119402985,0.5380710659898477,0.2225860287730234,0.09449817707356269,0.39593908629441626
fnirs_bikom_1back_native,fnirs,bikom,1back,signal_qc,hist_gradient_boosting,20260707,413,fixed_0_5,0,0.5,197,63,134,0.48092868988391385,0.3147547040827874,0.4964463397299218,0.4942304979545775,0.38095238095238093,0.6119402985074627,0.5380710659898477,0.24790598940579192,0.16512580250824305,0.38578680203045684
fnirs_bikom_1back_native,fnirs,bikom,1back,signal_qc,hist_gradient_boosting,20260707,413,inner_cv,0,0.5,197,63,134,0.48092868988391385,0.3147547040827874,0.4964463397299218,0.4942304979545775,0.38095238095238093,0.6119402985074627,0.5380710659898477,0.24790598940579192,0.16512580250824305,0.38578680203045684
fnirs_bikom_1back_native,fnirs,bikom,1back,signal_qc,hist_gradient_boosting,20260707,413,fixed_0_5,1,0.5,194,57,137,0.4797029069022922,0.29098437347308137,0.4616468177743629,0.4425287356321839,0.45614035087719296,0.46715328467153283,0.4639175257731959,0.24904343738644957,0.19464435770886906,0.5103092783505154
fnirs_bikom_1back_native,fnirs,bikom,1back,signal_qc,hist_gradient_boosting,20260707,413,inner_cv,1,0.5,194,57,137,0.4797029069022922,0.29098437347308137,0.4616468177743629,0.4425287356321839,0.45614035087719296,0.46715328467153283,0.4639175257731959,0.24904343738644957,0.19464435770886906,0.5103092783505154
fnirs_bikom_1back_native,fnirs,bikom,1back,signal_qc,hist_gradient_boosting,20260707,413,fixed_0_5,2,0.5,196,62,134,0.5524193548387096,0.3654668695949779,0.5355079441502166,0.5292588511203413,0.45161290322580644,0.6194029850746269,0.5663265306122449,0.2440832806331502,0.17086268220609718,0.4030612244897959
fnirs_bikom_1back_native,fnirs,bikom,1back,signal_qc,hist_gradient_boosting,20260707,413,inner_cv,2,0.5,196,62,134,0.5524193548387096,0.3654668695949779,0.5355079441502166,0.5292588511203413,0.45161290322580644,0.6194029850746269,0.5663265306122449,0.2440832806331502,0.17086268220609718,0.4030612244897959
fnirs_bikom_1back_native,fnirs,bikom,1back,signal_qc,hist_gradient_boosting,20260707,413,fixed_0_5,3,0.5,201,66,135,0.5199214365881032,0.3454238385587687,0.515993265993266,0.5107936507936508,0.4393939393939394,0.5925925925925926,0.5422885572139303,0.24750960462766777,0.16137613813686374,0.417910447761194
fnirs_bikom_1back_native,fnirs,bikom,1back,signal_qc,hist_gradient_boosting,20260707,413,inner_cv,3,0.5,201,66,135,0.5199214365881032,0.3454238385587687,0.515993265993266,0.5107936507936508,0.4393939393939394,0.5925925925925926,0.5422885572139303,0.24750960462766777,0.16137613813686374,0.417910447761194
fnirs_bikom_1back_native,fnirs,bikom,1back,signal_qc,hist_gradient_boosting,20260707,413,fixed_0_5,4,0.5,197,63,134,0.5600568585643212,0.3856504546932698,0.5435915659796257,0.5375586854460094,0.4603174603174603,0.6268656716417911,0.5736040609137056,0.24314172426564987,0.16729951374965885,0.4010152284263959
fnirs_bikom_1back_native,fnirs,bikom,1back,signal_qc,hist_gradient_boosting,20260707,413,inner_cv,4,0.45,197,63,134,0.5600568585643212,0.3856504546932698,0.5321013977730396,0.4204222968575073,0.8253968253968254,0.23880597014925373,0.4263959390862944,0.24314172426564987,0.16729951374965885,0.7817258883248731
fnirs_bikom_1back_native,fnirs,bikom,1back,signal_demographics,logistic_regression,20260707,400,fixed_0_5,0,0.5,197,63,134,0.5927505330490405,0.40160930151861524,0.5501066098081023,0.547646383467279,0.42857142857142855,0.6716417910447762,0.5939086294416244,0.2817863036779774,0.23207588168066437,0.3604060913705584
fnirs_bikom_1back_native,fnirs,bikom,1back,signal_demographics,logistic_regression,20260707,400,inner_cv,0,0.6,197,63,134,0.5927505330490405,0.40160930151861524,0.5715470267709074,0.5725650916104147,0.3968253968253968,0.746268656716418,0.6345177664974619,0.2817863036779774,0.23207588168066437,0.29949238578680204
fnirs_bikom_1back_native,fnirs,bikom,1back,signal_demographics,logistic_regression,20260707,400,fixed_0_5,1,0.5,194,57,137,0.5916250480215135,0.38675323039482046,0.5653732872326802,0.5412162162162162,0.5614035087719298,0.5693430656934306,0.5670103092783505,0.2608187743606031,0.22230450847190295,0.4690721649484536
fnirs_bikom_1back_native,fnirs,bikom,1back,signal_demographics,logistic_regression,20260707,400,inner_cv,1,0.3,194,57,137,0.5916250480215135,0.38675323039482046,0.5539121526443846,0.42439389484376255,0.8596491228070176,0.24817518248175183,0.42783505154639173,0.2608187743606031,0.22230450847190295,0.7835051546391752
fnirs_bikom_1back_native,fnirs,bikom,1back,signal_demographics,logistic_regression,20260707,400,fixed_0_5,2,0.5,196,62,134,0.5837746750120366,0.416214088444315,0.5131198844487241,0.5047619047619047,0.45161290322580644,0.5746268656716418,0.5357142857142857,0.26608736495898094,0.19538249469463015,0.4336734693877551
fnirs_bikom_1back_native,fnirs,bikom,1back,signal_demographics,logistic_regression,20260707,400,inner_cv,2,0.45,196,62,134,0.5837746750120366,0.416214088444315,0.496870486278286,0.47582370560547715,0.5161290322580645,0.47761194029850745,0.4897959183673469,0.26608736495898094,0.19538249469463015,0.5204081632653061
fnirs_bikom_1back_native,fnirs,bikom,1back,signal_demographics,logistic_regression,20260707,400,fixed_0_5,3,0.5,201,66,135,0.5809203142536475,0.4020597371687783,0.5503367003367003,0.5369982141470612,0.5303030303030303,0.5703703703703704,0.5572139303482587,0.30708019005106935,0.2692562793529255,0.4626865671641791
fnirs_bikom_1back_native,fnirs,bikom,1back,signal_demographics,logistic_regression,20260707,400,inner_cv,3,0.5,201,66,135,0.5809203142536475,0.4020597371687783,0.5503367003367003,0.5369982141470612,0.5303030303030303,0.5703703703703704,0.5572139303482587,0.30708019005106935,0.2692562793529255,0.4626865671641791
fnirs_bikom_1back_native,fnirs,bikom,1back,signal_demographics,logistic_regression,20260707,400,fixed_0_5,4,0.5,197,63,134,0.5963041933191187,0.44888124254183354,0.546849087893864,0.5427423007246377,0.4444444444444444,0.6492537313432836,0.583756345177665,0.24441722461951967,0.17516237603663673,0.38071065989847713
fnirs_bikom_1back_native,fnirs,bikom,1back,signal_demographics,logistic_regression,20260707,400,inner_cv,4,0.6,197,63,134,0.5963041933191187,0.44888124254183354,0.562662876095712,0.5640642044569113,0.3492063492063492,0.7761194029850746,0.6395939086294417,0.24441722461951967,0.17516237603663673,0.2639593908629442
fnirs_bikom_1back_native,fnirs,bikom,1back,signal_demographics,random_forest,20260707,400,fixed_0_5,0,0.5,197,63,134,0.552712627339493,0.3466274119749735,0.4837123904288083,0.4428776198039748,0.07936507936507936,0.8880597014925373,0.6294416243654822,0.2251611599135511,0.08545679848492081,0.10152284263959391
fnirs_bikom_1back_native,fnirs,bikom,1back,signal_demographics,random_forest,20260707,400,inner_cv,0,0.35,197,63,134,0.552712627339493,0.3466274119749735,0.537194977493485,0.46180412371134016,0.746031746031746,0.3283582089552239,0.4619289340101523,0.2251611599135511,0.08545679848492081,0.6954314720812182
fnirs_bikom_1back_native,fnirs,bikom,1back,signal_demographics,random_forest,20260707,400,fixed_0_5,1,0.5,194,57,137,0.5552567550262518,0.41323142815669367,0.5628761685234985,0.5399637327381783,0.14035087719298245,0.9854014598540146,0.7371134020618557,0.2113794599751173,0.1051170425933287,0.05154639175257732
fnirs_bikom_1back_native,fnirs,bikom,1back,signal_demographics,random_forest,20260707,400,inner_cv,1,0.35,194,57,137,0.5552567550262518,0.41323142815669367,0.5238186707645025,0.4732087646189004,0.631578947368421,0.41605839416058393,0.4793814432989691,0.2113794599751173,0.1051170425933287,0.5979381443298969
fnirs_bikom_1back_native,fnirs,bikom,1back,signal_demographics,random_forest,20260707,400,fixed_0_5,2,0.5,196,62,134,0.6119402985074627,0.4175242933187004,0.5364708714492056,0.519879404560015,0.1774193548387097,0.8955223880597015,0.6683673469387755,0.2193302973459231,0.09988004464295533,0.12755102040816327
fnirs_bikom_1back_native,fnirs,bikom,1back,signal_demographics,random_forest,20260707,400,inner_cv,2,0.4,196,62,134,0.6119402985074627,0.4175242933187004,0.5539239287433799,0.514288727196035,0.6451612903225806,0.4626865671641791,0.5204081632653061,0.2193302973459231,0.09988004464295533,0.5714285714285714
fnirs_bikom_1back_native,fnirs,bikom,1back,signal_demographics,random_forest,20260707,400,fixed_0_5,3,0.5,201,66,135,0.6217732884399552,0.43148641853614556,0.4968013468013468,0.4321117210203423,0.045454545454545456,0.9481481481481482,0.6517412935323383,0.21688658126118382,0.07285731981793198,0.04975124378109453
fnirs_bikom_1back_native,fnirs,bikom,1back,signal_demographics,random_forest,20260707,400,inner_cv,3,0.4,201,66,135,0.6217732884399552,0.43148641853614556,0.5907407407407408,0.5862405200433369,0.5,0.6814814814814815,0.6218905472636815,0.21688658126118382,0.07285731981793198,0.3781094527363184
fnirs_bikom_1back_native,fnirs,bikom,1back,signal_demographics,random_forest,20260707,400,fixed_0_5,4,0.5,197,63,134,0.5547263681592041,0.42869676287020475,0.5289623312011371,0.4842060810810811,0.09523809523809523,0.9626865671641791,0.6852791878172588,0.21741022970898766,0.07812171333027655,0.05583756345177665
fnirs_bikom_1back_native,fnirs,bikom,1back,signal_demographics,random_forest,20260707,400,inner_cv,4,0.4,197,63,134,0.5547263681592041,0.42869676287020475,0.556621653636579,0.556621653636579,0.3968253968253968,0.7164179104477612,0.6142131979695431,0.21741022970898766,0.07812171333027655,0.3197969543147208
fnirs_bikom_1back_native,fnirs,bikom,1back,signal_demographics,hist_gradient_boosting,20260707,400,fixed_0_5,0,0.5,197,63,134,0.5220326936744847,0.37817946592879137,0.503909026297086,0.5020307307790621,0.38095238095238093,0.6268656716417911,0.5482233502538071,0.2450650837034491,0.16964291407393445,0.3756345177664975
fnirs_bikom_1back_native,fnirs,bikom,1back,signal_demographics,hist_gradient_boosting,20260707,400,inner_cv,0,0.5,197,63,134,0.5220326936744847,0.37817946592879137,0.503909026297086,0.5020307307790621,0.38095238095238093,0.6268656716417911,0.5482233502538071,0.2450650837034491,0.16964291407393445,0.3756345177664975
fnirs_bikom_1back_native,fnirs,bikom,1back,signal_demographics,hist_gradient_boosting,20260707,400,fixed_0_5,1,0.5,194,57,137,0.5304136253041362,0.3061889558758633,0.5427071327954924,0.5251593806921675,0.5087719298245614,0.5766423357664233,0.5567010309278351,0.24646698832902192,0.20464113433929582,0.4484536082474227
fnirs_bikom_1back_native,fnirs,bikom,1back,signal_demographics,hist_gradient_boosting,20260707,400,inner_cv,1,0.55,194,57,137,0.5304136253041362,0.3061889558758633,0.46574465360481493,0.43311688311688307,0.07017543859649122,0.8613138686131386,0.6288659793814433,0.24646698832902192,0.20464113433929582,0.11855670103092783
fnirs_bikom_1back_native,fnirs,bikom,1back,signal_demographics,hist_gradient_boosting,20260707,400,fixed_0_5,2,0.5,196,62,134,0.5840154068367838,0.3659861752650835,0.576432354357246,0.5615212527964206,0.5483870967741935,0.6044776119402985,0.5867346938775511,0.24335821942396443,0.17271752287248532,0.44387755102040816
fnirs_bikom_1back_native,fnirs,bikom,1back,signal_demographics,hist_gradient_boosting,20260707,400,inner_cv,2,0.5,196,62,134,0.5840154068367838,0.3659861752650835,0.576432354357246,0.5615212527964206,0.5483870967741935,0.6044776119402985,0.5867346938775511,0.24335821942396443,0.17271752287248532,0.44387755102040816
fnirs_bikom_1back_native,fnirs,bikom,1back,signal_demographics,hist_gradient_boosting,20260707,400,fixed_0_5,3,0.5,201,66,135,0.5295735129068462,0.36681445501124466,0.5045454545454545,0.5013205282112845,0.4090909090909091,0.6,0.5373134328358209,0.2464913929995362,0.16232714223394334,0.40298507462686567
fnirs_bikom_1back_native,fnirs,bikom,1back,signal_demographics,hist_gradient_boosting,20260707,400,inner_cv,3,0.5,201,66,135,0.5295735129068462,0.36681445501124466,0.5045454545454545,0.5013205282112845,0.4090909090909091,0.6,0.5373134328358209,0.2464913929995362,0.16232714223394334,0.40298507462686567
fnirs_bikom_1back_native,fnirs,bikom,1back,signal_demographics,hist_gradient_boosting,20260707,400,fixed_0_5,4,0.5,197,63,134,0.5990286661928452,0.4213081286706029,0.5785951196398957,0.5705902079141516,0.5079365079365079,0.6492537313432836,0.6040609137055838,0.24113201609053092,0.1681200097475085,0.4010152284263959
fnirs_bikom_1back_native,fnirs,bikom,1back,signal_demographics,hist_gradient_boosting,20260707,400,inner_cv,4,0.55,197,63,134,0.5990286661928452,0.4213081286706029,0.5103056147832268,0.46960016073940125,0.09523809523809523,0.9253731343283582,0.6598984771573604,0.24113201609053092,0.1681200097475085,0.08121827411167512
fnirs_bikom_1back_native,fnirs,bikom,1back,signal_qc_demographics,logistic_regression,20260707,417,fixed_0_5,0,0.5,197,63,134,0.5700071073205402,0.44611826850579217,0.5655058043117744,0.5630167372454123,0.4444444444444444,0.6865671641791045,0.6091370558375635,0.3103615938820072,0.27963285562695384,0.3553299492385787
fnirs_bikom_1back_native,fnirs,bikom,1back,signal_qc_demographics,logistic_regression,20260707,417,inner_cv,0,0.25,197,63,134,0.5700071073205402,0.44611826850579217,0.5315091210613598,0.509066808059385,0.5555555555555556,0.5074626865671642,0.5228426395939086,0.3103615938820072,0.27963285562695384,0.5126903553299492
fnirs_bikom_1back_native,fnirs,bikom,1back,signal_qc_demographics,logistic_regression,20260707,417,fixed_0_5,1,0.5,194,57,137,0.5880394416698681,0.41722371781233236,0.5602509924446152,0.5387750481150232,0.543859649122807,0.5766423357664233,0.5670103092783505,0.2679578737321954,0.22449165950314834,0.4587628865979381
fnirs_bikom_1back_native,fnirs,bikom,1back,signal_qc_demographics,logistic_regression,20260707,417,inner_cv,1,0.5,194,57,137,0.5880394416698681,0.41722371781233236,0.5602509924446152,0.5387750481150232,0.543859649122807,0.5766423357664233,0.5670103092783505,0.2679578737321954,0.22449165950314834,0.4587628865979381
fnirs_bikom_1back_native,fnirs,bikom,1back,signal_qc_demographics,logistic_regression,20260707,417,fixed_0_5,2,0.5,196,62,134,0.5900337024554646,0.4172693288367307,0.5143235435724602,0.501517761916482,0.4838709677419355,0.5447761194029851,0.5255102040816326,0.2648810332257887,0.1796602471627268,0.4642857142857143
fnirs_bikom_1back_native,fnirs,bikom,1back,signal_qc_demographics,logistic_regression,20260707,417,inner_cv,2,0.45,196,62,134,0.5900337024554646,0.4172693288367307,0.500601829561868,0.4801618131647333,0.5161290322580645,0.48507462686567165,0.49489795918367346,0.2648810332257887,0.1796602471627268,0.5153061224489796
fnirs_bikom_1back_native,fnirs,bikom,1back,signal_qc_demographics,logistic_regression,20260707,417,fixed_0_5,3,0.5,201,66,135,0.5753086419753087,0.4159877780144234,0.5501683501683501,0.5390869293308318,0.5151515151515151,0.5851851851851851,0.5621890547263682,0.3110813749464633,0.2882117347045218,0.44776119402985076
fnirs_bikom_1back_native,fnirs,bikom,1back,signal_qc_demographics,logistic_regression,20260707,417,inner_cv,3,0.5,201,66,135,0.5753086419753087,0.4159877780144234,0.5501683501683501,0.5390869293308318,0.5151515151515151,0.5851851851851851,0.5621890547263682,0.3110813749464633,0.2882117347045218,0.44776119402985076
fnirs_bikom_1back_native,fnirs,bikom,1back,signal_qc_demographics,logistic_regression,20260707,417,fixed_0_5,4,0.5,197,63,134,0.5865908552475717,0.44756988873098247,0.5309760720208481,0.5283857729138166,0.4126984126984127,0.6492537313432836,0.5736040609137056,0.24965258521541644,0.18332382533271951,0.37055837563451777
fnirs_bikom_1back_native,fnirs,bikom,1back,signal_qc_demographics,logistic_regression,20260707,417,inner_cv,4,0.65,197,63,134,0.5865908552475717,0.44756988873098247,0.5374318881781568,0.5333466786774764,0.25396825396825395,0.8208955223880597,0.6395939086294417,0.24965258521541644,0.18332382533271951,0.20304568527918782
fnirs_bikom_1back_native,fnirs,bikom,1back,signal_qc_demographics,random_forest,20260707,417,fixed_0_5,0,0.5,197,63,134,0.525230987917555,0.3399207857166272,0.49816394219379295,0.44571333995365775,0.06349206349206349,0.9328358208955224,0.6548223350253807,0.22448868508590136,0.0571230872340287,0.06598984771573604
fnirs_bikom_1back_native,fnirs,bikom,1back,signal_qc_demographics,random_forest,20260707,417,inner_cv,0,0.35,197,63,134,0.525230987917555,0.3399207857166272,0.5161099265576877,0.4942702130475056,0.5396825396825397,0.4925373134328358,0.5076142131979695,0.22448868508590136,0.0571230872340287,0.5177664974619289
fnirs_bikom_1back_native,fnirs,bikom,1back,signal_qc_demographics,random_forest,20260707,417,fixed_0_5,1,0.5,194,57,137,0.4991676270969394,0.33084119591712174,0.5131899090792675,0.46780118101083373,0.07017543859649122,0.9562043795620438,0.6958762886597938,0.21703424578218694,0.08342463433683836,0.05154639175257732
fnirs_bikom_1back_native,fnirs,bikom,1back,signal_qc_demographics,random_forest,20260707,417,inner_cv,1,0.4,194,57,137,0.4991676270969394,0.33084119591712174,0.4717633499807914,0.4711014176663031,0.3157894736842105,0.6277372262773723,0.5360824742268041,0.21703424578218694,0.08342463433683836,0.3556701030927835
fnirs_bikom_1back_native,fnirs,bikom,1back,signal_qc_demographics,random_forest,20260707,417,fixed_0_5,2,0.5,196,62,134,0.5690900337024554,0.42646200894870656,0.5452575830524795,0.5065972222222223,0.11290322580645161,0.9776119402985075,0.7040816326530612,0.21640718146547577,0.08213902680969717,0.05102040816326531
fnirs_bikom_1back_native,fnirs,bikom,1back,signal_qc_demographics,random_forest,20260707,417,inner_cv,2,0.35,196,62,134,0.5690900337024554,0.42646200894870656,0.5264805007221955,0.45912735603457255,0.7096774193548387,0.34328358208955223,0.45918367346938777,0.21640718146547577,0.08213902680969717,0.673469387755102
fnirs_bikom_1back_native,fnirs,bikom,1back,signal_qc_demographics,random_forest,20260707,417,fixed_0_5,3,0.5,201,66,135,0.5831649831649832,0.4062080755803456,0.5237373737373737,0.49392446633825937,0.13636363636363635,0.9111111111111111,0.6567164179104478,0.22525773154400144,0.09721612274602014,0.1044776119402985
fnirs_bikom_1back_native,fnirs,bikom,1back,signal_qc_demographics,random_forest,20260707,417,inner_cv,3,0.4,201,66,135,0.5831649831649832,0.4062080755803456,0.5255892255892256,0.4850640467603532,0.6363636363636364,0.4148148148148148,0.48756218905472637,0.22525773154400144,0.09721612274602014,0.6019900497512438
fnirs_bikom_1back_native,fnirs,bikom,1back,signal_qc_demographics,random_forest,20260707,417,fixed_0_5,4,0.5,197,63,134,0.48981284055910923,0.3990935231011994,0.5242833451788675,0.46412486064659975,0.06349206349206349,0.9850746268656716,0.6903553299492385,0.22381150033479666,0.104737438748069,0.030456852791878174
fnirs_bikom_1back_native,fnirs,bikom,1back,signal_qc_demographics,random_forest,20260707,417,inner_cv,4,0.4,197,63,134,0.48981284055910923,0.3990935231011994,0.5071665482113243,0.506265664160401,0.36507936507936506,0.6492537313432836,0.5583756345177665,0.22381150033479666,0.104737438748069,0.3553299492385787
fnirs_bikom_1back_native,fnirs,bikom,1back,signal_qc_demographics,hist_gradient_boosting,20260707,417,fixed_0_5,0,0.5,197,63,134,0.5220326936744847,0.37817946592879137,0.503909026297086,0.5020307307790621,0.38095238095238093,0.6268656716417911,0.5482233502538071,0.2450650837034491,0.16964291407393445,0.3756345177664975
fnirs_bikom_1back_native,fnirs,bikom,1back,signal_qc_demographics,hist_gradient_boosting,20260707,417,inner_cv,0,0.5,197,63,134,0.5220326936744847,0.37817946592879137,0.503909026297086,0.5020307307790621,0.38095238095238093,0.6268656716417911,0.5482233502538071,0.2450650837034491,0.16964291407393445,0.3756345177664975
fnirs_bikom_1back_native,fnirs,bikom,1back,signal_qc_demographics,hist_gradient_boosting,20260707,417,fixed_0_5,1,0.5,194,57,137,0.5304136253041362,0.3061889558758633,0.5427071327954924,0.5251593806921675,0.5087719298245614,0.5766423357664233,0.5567010309278351,0.24646698832902192,0.20464113433929582,0.4484536082474227
fnirs_bikom_1back_native,fnirs,bikom,1back,signal_qc_demographics,hist_gradient_boosting,20260707,417,inner_cv,1,0.5,194,57,137,0.5304136253041362,0.3061889558758633,0.5427071327954924,0.5251593806921675,0.5087719298245614,0.5766423357664233,0.5567010309278351,0.24646698832902192,0.20464113433929582,0.4484536082474227
fnirs_bikom_1back_native,fnirs,bikom,1back,signal_qc_demographics,hist_gradient_boosting,20260707,417,fixed_0_5,2,0.5,196,62,134,0.5840154068367838,0.3659861752650835,0.576432354357246,0.5615212527964206,0.5483870967741935,0.6044776119402985,0.5867346938775511,0.24335821942396443,0.17271752287248532,0.44387755102040816
fnirs_bikom_1back_native,fnirs,bikom,1back,signal_qc_demographics,hist_gradient_boosting,20260707,417,inner_cv,2,0.5,196,62,134,0.5840154068367838,0.3659861752650835,0.576432354357246,0.5615212527964206,0.5483870967741935,0.6044776119402985,0.5867346938775511,0.24335821942396443,0.17271752287248532,0.44387755102040816
fnirs_bikom_1back_native,fnirs,bikom,1back,signal_qc_demographics,hist_gradient_boosting,20260707,417,fixed_0_5,3,0.5,201,66,135,0.5008417508417509,0.34948901994226106,0.49696969696969695,0.49448844178082185,0.3939393939393939,0.6,0.5323383084577115,0.24823966941313275,0.16214875564255682,0.39800995024875624
fnirs_bikom_1back_native,fnirs,bikom,1back,signal_qc_demographics,hist_gradient_boosting,20260707,417,inner_cv,3,0.5,201,66,135,0.5008417508417509,0.34948901994226106,0.49696969696969695,0.49448844178082185,0.3939393939393939,0.6,0.5323383084577115,0.24823966941313275,0.16214875564255682,0.39800995024875624
fnirs_bikom_1back_native,fnirs,bikom,1back,signal_qc_demographics,hist_gradient_boosting,20260707,417,fixed_0_5,4,0.5,197,63,134,0.5990286661928452,0.4213081286706029,0.5785951196398957,0.5705902079141516,0.5079365079365079,0.6492537313432836,0.6040609137055838,0.24113201609053092,0.1681200097475085,0.4010152284263959
fnirs_bikom_1back_native,fnirs,bikom,1back,signal_qc_demographics,hist_gradient_boosting,20260707,417,inner_cv,4,0.55,197,63,134,0.5990286661928452,0.4213081286706029,0.5103056147832268,0.46960016073940125,0.09523809523809523,0.9253731343283582,0.6598984771573604,0.24113201609053092,0.1681200097475085,0.08121827411167512
face_self_intro_native,face,,self_intro,no_information,no_information_prior,20260707,0,fixed_0_5,0,0.5,712,214,498,0.5,0.300561797752809,0.5,0.4115702479338843,0.0,1.0,0.699438202247191,0.21023760948723627,0.003634006442995219,0.0
face_self_intro_native,face,,self_intro,no_information,no_information_prior,20260707,0,inner_cv,0,0.5,712,214,498,0.5,0.300561797752809,0.5,0.4115702479338843,0.0,1.0,0.699438202247191,0.21023760948723627,0.003634006442995219,0.0
face_self_intro_native,face,,self_intro,no_information,no_information_prior,20260707,0,fixed_0_5,1,0.5,715,215,500,0.5,0.3006993006993007,0.5,0.411522633744856,0.0,1.0,0.6993006993006993,0.21029124377347444,0.0034659075611124246,0.0
face_self_intro_native,face,,self_intro,no_information,no_information_prior,20260707,0,inner_cv,1,0.5,715,215,500,0.5,0.3006993006993007,0.5,0.411522633744856,0.0,1.0,0.6993006993006993,0.21029124377347444,0.0034659075611124246,0.0
face_self_intro_native,face,,self_intro,no_information,no_information_prior,20260707,0,fixed_0_5,2,0.5,715,221,494,0.5,0.3090909090909091,0.5,0.40860215053763443,0.0,1.0,0.6909090909090909,0.21360308095590608,0.007025805835746246,0.0
face_self_intro_native,face,,self_intro,no_information,no_information_prior,20260707,0,inner_cv,2,0.5,715,221,494,0.5,0.3090909090909091,0.5,0.40860215053763443,0.0,1.0,0.6909090909090909,0.21360308095590608,0.007025805835746246,0.0
face_self_intro_native,face,,self_intro,no_information,no_information_prior,20260707,0,fixed_0_5,3,0.5,715,218,497,0.5,0.3048951048951049,0.5,0.41006600660066006,0.0,1.0,0.6951048951048951,0.21193724812503933,0.0017799491373169385,0.0
face_self_intro_native,face,,self_intro,no_information,no_information_prior,20260707,0,inner_cv,3,0.5,715,218,497,0.5,0.3048951048951049,0.5,0.41006600660066006,0.0,1.0,0.6951048951048951,0.21193724812503933,0.0017799491373169385,0.0
face_self_intro_native,face,,self_intro,no_information,no_information_prior,20260707,0,fixed_0_5,4,0.5,715,216,499,0.5,0.3020979020979021,0.5,0.41103789126853374,0.0,1.0,0.6979020979020979,0.21083770872629584,0.0017172886616359517,0.0
face_self_intro_native,face,,self_intro,no_information,no_information_prior,20260707,0,inner_cv,4,0.5,715,216,499,0.5,0.3020979020979021,0.5,0.41103789126853374,0.0,1.0,0.6979020979020979,0.21083770872629584,0.0017172886616359517,0.0
face_self_intro_native,face,,self_intro,demographics,logistic_regression,20260707,4,fixed_0_5,0,0.5,712,214,498,0.6728315129677589,0.4133283979982839,0.6212607439102203,0.5858210259098243,0.6682242990654206,0.5742971887550201,0.6025280898876404,0.2276471360740705,0.1802481672714492,0.49859550561797755
face_self_intro_native,face,,self_intro,demographics,logistic_regression,20260707,4,inner_cv,0,0.5,712,214,498,0.6728315129677589,0.4133283979982839,0.6212607439102203,0.5858210259098243,0.6682242990654206,0.5742971887550201,0.6025280898876404,0.2276471360740705,0.1802481672714492,0.49859550561797755
face_self_intro_native,face,,self_intro,demographics,logistic_regression,20260707,4,fixed_0_5,1,0.5,715,215,500,0.6705860465116278,0.4243366198966302,0.6246046511627907,0.5970695970695971,0.6372093023255814,0.612,0.6195804195804195,0.22592895020625126,0.17585341456924125,0.46293706293706294
face_self_intro_native,face,,self_intro,demographics,logistic_regression,20260707,4,inner_cv,1,0.5,715,215,500,0.6705860465116278,0.4243366198966302,0.6246046511627907,0.5970695970695971,0.6372093023255814,0.612,0.6195804195804195,0.22592895020625126,0.17585341456924125,0.46293706293706294
face_self_intro_native,face,,self_intro,demographics,logistic_regression,20260707,4,fixed_0_5,2,0.5,715,221,494,0.675733233187389,0.4537245729344401,0.6151464634436771,0.5935342252024964,0.6108597285067874,0.6194331983805668,0.6167832167832168,0.22707264763772197,0.1725957477228607,0.45174825174825173
face_self_intro_native,face,,self_intro,demographics,logistic_regression,20260707,4,inner_cv,2,0.55,715,221,494,0.675733233187389,0.4537245729344401,0.6088354370088116,0.6002782255967549,0.5294117647058824,0.6882591093117408,0.6391608391608392,0.22707264763772197,0.1725957477228607,0.37902097902097903
face_self_intro_native,face,,self_intro,demographics,logistic_regression,20260707,4,fixed_0_5,3,0.5,715,218,497,0.6657744632935226,0.4411436561502017,0.6118453842319975,0.5818405640622955,0.6422018348623854,0.5814889336016097,0.6,0.2281922398231734,0.17385919874884911,0.48671328671328673
face_self_intro_native,face,,self_intro,demographics,logistic_regression,20260707,4,inner_cv,3,0.5,715,218,497,0.6657744632935226,0.4411436561502017,0.6118453842319975,0.5818405640622955,0.6422018348623854,0.5814889336016097,0.6,0.2281922398231734,0.17385919874884911,0.48671328671328673
face_self_intro_native,face,,self_intro,demographics,logistic_regression,20260707,4,fixed_0_5,4,0.5,715,216,499,0.6715514362057448,0.4351997065324138,0.6299961033177466,0.6004688843480466,0.6527777777777778,0.6072144288577155,0.620979020979021,0.22967376558647623,0.18452919840326742,0.47132867132867134
face_self_intro_native,face,,self_intro,demographics,logistic_regression,20260707,4,inner_cv,4,0.45,715,216,499,0.6715514362057448,0.4351997065324138,0.6098122170266459,0.5280472589310723,0.8148148148148148,0.40480961923847697,0.5286713286713287,0.22967376558647623,0.18452919840326742,0.6615384615384615
face_self_intro_native,face,,self_intro,demographics,hist_gradient_boosting,20260707,4,fixed_0_5,0,0.5,712,214,498,0.6766411440153137,0.4187572840898127,0.630418871748677,0.5506179972023434,0.8271028037383178,0.43373493975903615,0.5519662921348315,0.2336487617381204,0.1908533942465565,0.6446629213483146
face_self_intro_native,face,,self_intro,demographics,hist_gradient_boosting,20260707,4,inner_cv,0,0.5,712,214,498,0.6766411440153137,0.4187572840898127,0.630418871748677,0.5506179972023434,0.8271028037383178,0.43373493975903615,0.5519662921348315,0.2336487617381204,0.1908533942465565,0.6446629213483146
face_self_intro_native,face,,self_intro,demographics,hist_gradient_boosting,20260707,4,fixed_0_5,1,0.5,715,215,500,0.6773069767441862,0.4241867846742574,0.6243023255813953,0.5455009181799633,0.8186046511627907,0.43,0.5468531468531469,0.23404144488178424,0.19080026298345898,0.6447552447552447
face_self_intro_native,face,,self_intro,demographics,hist_gradient_boosting,20260707,4,inner_cv,1,0.5,715,215,500,0.6773069767441862,0.4241867846742574,0.6243023255813953,0.5455009181799633,0.8186046511627907,0.43,0.5468531468531469,0.23404144488178424,0.19080026298345898,0.6447552447552447
face_self_intro_native,face,,self_intro,demographics,hist_gradient_boosting,20260707,4,fixed_0_5,2,0.5,715,221,494,0.66146701595618,0.41461537944931776,0.6141938556799238,0.5590398026471843,0.746606334841629,0.4817813765182186,0.5636363636363636,0.23477453805990903,0.18268752029366264,0.5888111888111888
face_self_intro_native,face,,self_intro,demographics,hist_gradient_boosting,20260707,4,inner_cv,2,0.5,715,221,494,0.66146701595618,0.41461537944931776,0.6141938556799238,0.5590398026471843,0.746606334841629,0.4817813765182186,0.5636363636363636,0.23477453805990903,0.18268752029366264,0.5888111888111888
face_self_intro_native,face,,self_intro,demographics,hist_gradient_boosting,20260707,4,fixed_0_5,3,0.5,715,218,497,0.6627332804164436,0.41067238146189644,0.6231056061137468,0.5433046490485596,0.8256880733944955,0.42052313883299797,0.544055944055944,0.23476573150169833,0.18683116424834498,0.6545454545454545
face_self_intro_native,face,,self_intro,demographics,hist_gradient_boosting,20260707,4,inner_cv,3,0.5,715,218,497,0.6627332804164436,0.41067238146189644,0.6231056061137468,0.5433046490485596,0.8256880733944955,0.42052313883299797,0.544055944055944,0.23476573150169833,0.18683116424834498,0.6545454545454545
face_self_intro_native,face,,self_intro,demographics,hist_gradient_boosting,20260707,4,fixed_0_5,4,0.5,715,216,499,0.6687309804794774,0.4112598871203106,0.6277787055592667,0.5472279240651754,0.8287037037037037,0.42685370741482964,0.5482517482517483,0.23485369444847096,0.1911197868190014,0.6503496503496503
face_self_intro_native,face,,self_intro,demographics,hist_gradient_boosting,20260707,4,inner_cv,4,0.5,715,216,499,0.6687309804794774,0.4112598871203106,0.6277787055592667,0.5472279240651754,0.8287037037037037,0.42685370741482964,0.5482517482517483,0.23485369444847096,0.1911197868190014,0.6503496503496503
face_self_intro_native,face,,self_intro,qc,logistic_regression,20260707,20,fixed_0_5,0,0.5,712,214,498,0.523045452839395,0.31691421448803825,0.516918139849116,0.47243775251995695,0.6121495327102804,0.42168674698795183,0.4789325842696629,0.25253869861053424,0.20501247282599724,0.5884831460674157
face_self_intro_native,face,,self_intro,qc,logistic_regression,20260707,20,inner_cv,0,0.45,712,214,498,0.523045452839395,0.31691421448803825,0.514881957737492,0.35074409104172743,0.883177570093458,0.1465863453815261,0.36797752808988765,0.25253869861053424,0.20501247282599724,0.8623595505617978
face_self_intro_native,face,,self_intro,qc,logistic_regression,20260707,20,fixed_0_5,1,0.5,715,215,500,0.5437116279069768,0.3269811630049427,0.5436046511627907,0.4987000502501584,0.6372093023255814,0.45,0.5062937062937063,0.2502241021938429,0.1981177570739545,0.5762237762237762
face_self_intro_native,face,,self_intro,qc,logistic_regression,20260707,20,inner_cv,1,0.5,715,215,500,0.5437116279069768,0.3269811630049427,0.5436046511627907,0.4987000502501584,0.6372093023255814,0.45,0.5062937062937063,0.2502241021938429,0.1981177570739545,0.5762237762237762
face_self_intro_native,face,,self_intro,qc,logistic_regression,20260707,20,fixed_0_5,2,0.5,715,221,494,0.568917507831535,0.34494857598426615,0.5523338890211955,0.5143214563882321,0.6289592760180995,0.4757085020242915,0.5230769230769231,0.24731827468982362,0.19089975692354746,0.5566433566433566
face_self_intro_native,face,,self_intro,qc,logistic_regression,20260707,20,inner_cv,2,0.5,715,221,494,0.568917507831535,0.34494857598426615,0.5523338890211955,0.5143214563882321,0.6289592760180995,0.4757085020242915,0.5230769230769231,0.24731827468982362,0.19089975692354746,0.5566433566433566
face_self_intro_native,face,,self_intro,qc,logistic_regression,20260707,20,fixed_0_5,3,0.5,715,218,497,0.5201114946560095,0.32592239878644724,0.5056531851660422,0.48308124122875407,0.518348623853211,0.49295774647887325,0.5006993006993007,0.24802561310311266,0.18865777081275462,0.5104895104895105
face_self_intro_native,face,,self_intro,qc,logistic_regression,20260707,20,inner_cv,3,0.5,715,218,497,0.5201114946560095,0.32592239878644724,0.5056531851660422,0.48308124122875407,0.518348623853211,0.49295774647887325,0.5006993006993007,0.24802561310311266,0.18865777081275462,0.5104895104895105
face_self_intro_native,face,,self_intro,qc,logistic_regression,20260707,20,fixed_0_5,4,0.5,715,216,499,0.5429562829362429,0.34522041973477197,0.5358448378237958,0.5046960836434521,0.5787037037037037,0.49298597194388777,0.5188811188811189,0.2488258437533607,0.19797145475474512,0.5286713286713287
face_self_intro_native,face,,self_intro,qc,logistic_regression,20260707,20,inner_cv,4,0.5,715,216,499,0.5429562829362429,0.34522041973477197,0.5358448378237958,0.5046960836434521,0.5787037037037037,0.49298597194388777,0.5188811188811189,0.2488258437533607,0.19797145475474512,0.5286713286713287
face_self_intro_native,face,,self_intro,qc,hist_gradient_boosting,20260707,20,fixed_0_5,0,0.5,712,214,498,0.5025757234545659,0.3045037392702643,0.5133430919941447,0.48802091845072726,0.5327102803738317,0.4939759036144578,0.5056179775280899,0.25015653100843205,0.19747835530341198,0.5140449438202247
face_self_intro_native,face,,self_intro,qc,hist_gradient_boosting,20260707,20,inner_cv,0,0.5,712,214,498,0.5025757234545659,0.3045037392702643,0.5133430919941447,0.48802091845072726,0.5327102803738317,0.4939759036144578,0.5056179775280899,0.25015653100843205,0.19747835530341198,0.5140449438202247
face_self_intro_native,face,,self_intro,qc,hist_gradient_boosting,20260707,20,fixed_0_5,1,0.5,715,215,500,0.5858186046511629,0.3983023336938931,0.5680930232558139,0.5493797789575612,0.5441860465116279,0.592,0.5776223776223777,0.24702047231741198,0.19687311740770874,0.4489510489510489
face_self_intro_native,face,,self_intro,qc,hist_gradient_boosting,20260707,20,inner_cv,1,0.5,715,215,500,0.5858186046511629,0.3983023336938931,0.5680930232558139,0.5493797789575612,0.5441860465116279,0.592,0.5776223776223777,0.24702047231741198,0.19687311740770874,0.4489510489510489
face_self_intro_native,face,,self_intro,qc,hist_gradient_boosting,20260707,20,fixed_0_5,2,0.5,715,221,494,0.5496821587557478,0.3532209143032783,0.540069064062872,0.524814648416877,0.5113122171945701,0.5688259109311741,0.551048951048951,0.24826944528752404,0.18913630839513101,0.45594405594405596
face_self_intro_native,face,,self_intro,qc,hist_gradient_boosting,20260707,20,inner_cv,2,0.5,715,221,494,0.5496821587557478,0.3532209143032783,0.540069064062872,0.524814648416877,0.5113122171945701,0.5688259109311741,0.551048951048951,0.24826944528752404,0.18913630839513101,0.45594405594405596
face_self_intro_native,face,,self_intro,qc,hist_gradient_boosting,20260707,20,fixed_0_5,3,0.5,715,218,497,0.5283443781957803,0.338015957495697,0.5382063020323777,0.5094834543987086,0.573394495412844,0.5030181086519114,0.5244755244755245,0.2477687928457103,0.19111498808933564,0.5202797202797202
face_self_intro_native,face,,self_intro,qc,hist_gradient_boosting,20260707,20,inner_cv,3,0.5,715,218,497,0.5283443781957803,0.338015957495697,0.5382063020323777,0.5094834543987086,0.573394495412844,0.5030181086519114,0.5244755244755245,0.2477687928457103,0.19111498808933564,0.5202797202797202
face_self_intro_native,face,,self_intro,qc,hist_gradient_boosting,20260707,20,fixed_0_5,4,0.5,715,216,499,0.5472008832479773,0.3430775393389634,0.5318368217917316,0.4998954849498327,0.5787037037037037,0.4849699398797595,0.5132867132867133,0.24791196584587846,0.1952254652680669,0.5342657342657343
face_self_intro_native,face,,self_intro,qc,hist_gradient_boosting,20260707,20,inner_cv,4,0.5,715,216,499,0.5472008832479773,0.3430775393389634,0.5318368217917316,0.4998954849498327,0.5787037037037037,0.4849699398797595,0.5132867132867133,0.24791196584587846,0.1952254652680669,0.5342657342657343
face_self_intro_native,face,,self_intro,metadata,logistic_regression,20260707,6,fixed_0_5,0,0.5,712,214,498,0.5252317681942724,0.3182026229863446,0.5211312539879143,0.44371049080190356,0.7149532710280374,0.3273092369477912,0.4438202247191011,0.24999191009511235,0.19956859142146527,0.6853932584269663
face_self_intro_native,face,,self_intro,metadata,logistic_regression,20260707,6,inner_cv,0,0.5,712,214,498,0.5252317681942724,0.3182026229863446,0.5211312539879143,0.44371049080190356,0.7149532710280374,0.3273092369477912,0.4438202247191011,0.24999191009511235,0.19956859142146527,0.6853932584269663
face_self_intro_native,face,,self_intro,metadata,logistic_regression,20260707,6,fixed_0_5,1,0.5,715,215,500,0.5080511627906977,0.31472210754958596,0.4919302325581395,0.4309556667241677,0.641860465116279,0.342,0.43216783216783217,0.25013106827907905,0.1986353996229245,0.6531468531468532
face_self_intro_native,face,,self_intro,metadata,logistic_regression,20260707,6,inner_cv,1,0.5,715,215,500,0.5080511627906977,0.31472210754958596,0.4919302325581395,0.4309556667241677,0.641860465116279,0.342,0.43216783216783217,0.25013106827907905,0.1986353996229245,0.6531468531468532
face_self_intro_native,face,,self_intro,metadata,logistic_regression,20260707,6,fixed_0_5,2,0.5,715,221,494,0.48318280909374023,0.29455308616654513,0.5035127411288401,0.42795412443834124,0.7013574660633484,0.305668016194332,0.427972027972028,0.25023020985734895,0.1914235911677437,0.6965034965034965
face_self_intro_native,face,,self_intro,metadata,logistic_regression,20260707,6,inner_cv,2,0.5,715,221,494,0.48318280909374023,0.29455308616654513,0.5035127411288401,0.42795412443834124,0.7013574660633484,0.305668016194332,0.427972027972028,0.25023020985734895,0.1914235911677437,0.6965034965034965
face_self_intro_native,face,,self_intro,metadata,logistic_regression,20260707,6,fixed_0_5,3,0.5,715,218,497,0.4972172484447972,0.31075062529016945,0.5133322873017924,0.44311154598825836,0.6926605504587156,0.33400402414486924,0.4433566433566434,0.24980607784332318,0.19492193772491193,0.6741258741258741
face_self_intro_native,face,,self_intro,metadata,logistic_regression,20260707,6,inner_cv,3,0.45,715,218,497,0.4972172484447972,0.31075062529016945,0.5020120724346077,0.23816483665505014,1.0,0.004024144869215292,0.3076923076923077,0.24980607784332318,0.19492193772491193,0.9972027972027973
face_self_intro_native,face,,self_intro,metadata,logistic_regression,20260707,6,fixed_0_5,4,0.5,715,216,499,0.5008721145995696,0.30339511670578273,0.5075057522452312,0.40203307576328684,0.7685185185185185,0.24649298597194388,0.4041958041958042,0.2501023331626393,0.19859515512093812,0.7580419580419581
face_self_intro_native,face,,self_intro,metadata,logistic_regression,20260707,6,inner_cv,4,0.5,715,216,499,0.5008721145995696,0.30339511670578273,0.5075057522452312,0.40203307576328684,0.7685185185185185,0.24649298597194388,0.4041958041958042,0.2501023331626393,0.19859515512093812,0.7580419580419581
face_self_intro_native,face,,self_intro,metadata,hist_gradient_boosting,20260707,6,fixed_0_5,0,0.5,712,214,498,0.48618304995683675,0.29574800242214766,0.4773204969410352,0.39150704128055575,0.6915887850467289,0.26305220883534136,0.39185393258426965,0.2508456314589405,0.1983905181235425,0.723314606741573
face_self_intro_native,face,,self_intro,metadata,hist_gradient_boosting,20260707,6,inner_cv,0,0.45,712,214,498,0.48618304995683675,0.29574800242214766,0.49206170476297717,0.2751131221719457,0.9299065420560748,0.05421686746987952,0.31741573033707865,0.2508456314589405,0.1983905181235425,0.9410112359550562
face_self_intro_native,face,,self_intro,metadata,hist_gradient_boosting,20260707,6,fixed_0_5,1,0.5,715,215,500,0.5195767441860465,0.3130091286623541,0.5024186046511628,0.47140495867768595,0.5488372093023256,0.456,0.48391608391608393,0.2498469756566003,0.1982410905209161,0.5454545454545454
face_self_intro_native,face,,self_intro,metadata,hist_gradient_boosting,20260707,6,inner_cv,1,0.45,715,215,500,0.5195767441860465,0.3130091286623541,0.49672093023255814,0.25357142857142856,0.9674418604651163,0.026,0.3090909090909091,0.2498469756566003,0.1982410905209161,0.972027972027972
face_self_intro_native,face,,self_intro,metadata,hist_gradient_boosting,20260707,6,fixed_0_5,2,0.5,715,221,494,0.49880466045029037,0.30550006341995056,0.5025005953798524,0.4739704118352659,0.5475113122171946,0.4574898785425101,0.4853146853146853,0.2507424647776744,0.19070615555025439,0.544055944055944
face_self_intro_native,face,,self_intro,metadata,hist_gradient_boosting,20260707,6,inner_cv,2,0.45,715,221,494,0.49880466045029037,0.30550006341995056,0.49654679685639436,0.25330349531116797,0.9728506787330317,0.020242914979757085,0.3146853146853147,0.2507424647776744,0.19070615555025439,0.9776223776223776
face_self_intro_native,face,,self_intro,metadata,hist_gradient_boosting,20260707,6,fixed_0_5,3,0.5,715,218,497,0.5113017554870507,0.3114192275560044,0.5141352703376221,0.4262490801196236,0.7385321100917431,0.289738430583501,0.42657342657342656,0.24972357106694568,0.1947858611980712,0.7188811188811188
face_self_intro_native,face,,self_intro,metadata,hist_gradient_boosting,20260707,6,inner_cv,3,0.2,715,218,497,0.5113017554870507,0.3114192275560044,0.5,0.23365487674169347,1.0,0.0,0.3048951048951049,0.24972357106694568,0.1947858611980712,1.0
face_self_intro_native,face,,self_intro,metadata,hist_gradient_boosting,20260707,6,fixed_0_5,4,0.5,715,216,499,0.49062940696207225,0.29333049450387505,0.5026766495954873,0.47589934432039693,0.5324074074074074,0.4729458917835671,0.4909090909090909,0.24963013075766421,0.19631565946635318,0.5286713286713287
face_self_intro_native,face,,self_intro,metadata,hist_gradient_boosting,20260707,6,inner_cv,4,0.2,715,216,499,0.49062940696207225,0.29333049450387505,0.5,0.23200859291084858,1.0,0.0,0.3020979020979021,0.24963013075766421,0.19631565946635318,1.0
face_self_intro_native,face,,self_intro,full_frame,logistic_regression,20260707,1024,fixed_0_5,0,0.5,712,214,498,0.6586063881695003,0.4200283313835045,0.6366306346882858,0.599982713168244,0.6869158878504673,0.5863453815261044,0.6165730337078652,0.23535081467936364,0.18724439265696272,0.4957865168539326
face_self_intro_native,face,,self_intro,full_frame,logistic_regression,20260707,1024,inner_cv,0,0.5,712,214,498,0.6586063881695003,0.4200283313835045,0.6366306346882858,0.599982713168244,0.6869158878504673,0.5863453815261044,0.6165730337078652,0.23535081467936364,0.18724439265696272,0.4957865168539326
face_self_intro_native,face,,self_intro,full_frame,logistic_regression,20260707,1024,fixed_0_5,1,0.5,715,215,500,0.6595627906976744,0.4060609218382119,0.6145813953488373,0.5818405640622955,0.6511627906976745,0.578,0.6,0.23319023819862442,0.1813176648057833,0.4909090909090909
face_self_intro_native,face,,self_intro,full_frame,logistic_regression,20260707,1024,inner_cv,1,0.5,715,215,500,0.6595627906976744,0.4060609218382119,0.6145813953488373,0.5818405640622955,0.6511627906976745,0.578,0.6,0.23319023819862442,0.1813176648057833,0.4909090909090909
face_self_intro_native,face,,self_intro,full_frame,logistic_regression,20260707,1024,fixed_0_5,2,0.5,715,221,494,0.6413798157070365,0.4261391950567621,0.5937127887592284,0.572776010039924,0.5882352941176471,0.5991902834008097,0.5958041958041959,0.2335202588525643,0.1681750689871233,0.45874125874125876
face_self_intro_native,face,,self_intro,full_frame,logistic_regression,20260707,1024,inner_cv,2,0.5,715,221,494,0.6413798157070365,0.4261391950567621,0.5937127887592284,0.572776010039924,0.5882352941176471,0.5991902834008097,0.5958041958041959,0.2335202588525643,0.1681750689871233,0.45874125874125876
face_self_intro_native,face,,self_intro,full_frame,logistic_regression,20260707,1024,fixed_0_5,3,0.5,715,218,497,0.6311354364720434,0.38835070548398126,0.6072997618739963,0.5852262921848262,0.6009174311926605,0.613682092555332,0.6097902097902098,0.23644858203134184,0.17047361943742698,0.45174825174825173
face_self_intro_native,face,,self_intro,full_frame,logistic_regression,20260707,1024,inner_cv,3,0.5,715,218,497,0.6311354364720434,0.38835070548398126,0.6072997618739963,0.5852262921848262,0.6009174311926605,0.613682092555332,0.6097902097902098,0.23644858203134184,0.17047361943742698,0.45174825174825173
face_self_intro_native,face,,self_intro,full_frame,logistic_regression,20260707,1024,fixed_0_5,4,0.5,715,216,499,0.6112038892600015,0.4094191073780923,0.5716757589252579,0.5508319079458871,0.5601851851851852,0.5831663326653307,0.5762237762237762,0.24125250655104064,0.17498409778350116,0.46013986013986014
face_self_intro_native,face,,self_intro,full_frame,logistic_regression,20260707,1024,inner_cv,4,0.5,715,216,499,0.6112038892600015,0.4094191073780923,0.5716757589252579,0.5508319079458871,0.5601851851851852,0.5831663326653307,0.5762237762237762,0.24125250655104064,0.17498409778350116,0.46013986013986014
face_self_intro_native,face,,self_intro,full_frame,hist_gradient_boosting,20260707,1024,fixed_0_5,0,0.5,712,214,498,0.5805887099801073,0.34368604971157196,0.5606913635851818,0.5125513464171612,0.6635514018691588,0.4578313253012048,0.5196629213483146,0.24439796231705205,0.19594999029694138,0.5786516853932584
face_self_intro_native,face,,self_intro,full_frame,hist_gradient_boosting,20260707,1024,inner_cv,0,0.5,712,214,498,0.5805887099801073,0.34368604971157196,0.5606913635851818,0.5125513464171612,0.6635514018691588,0.4578313253012048,0.5196629213483146,0.24439796231705205,0.19594999029694138,0.5786516853932584
face_self_intro_native,face,,self_intro,full_frame,hist_gradient_boosting,20260707,1024,fixed_0_5,1,0.5,715,215,500,0.6213162790697675,0.38551563570535885,0.5832325581395349,0.5413947372640828,0.6604651162790698,0.506,0.5524475524475524,0.2428194561736358,0.1942218207190537,0.544055944055944
face_self_intro_native,face,,self_intro,full_frame,hist_gradient_boosting,20260707,1024,inner_cv,1,0.5,715,215,500,0.6213162790697675,0.38551563570535885,0.5832325581395349,0.5413947372640828,0.6604651162790698,0.506,0.5524475524475524,0.2428194561736358,0.1942218207190537,0.544055944055944
face_self_intro_native,face,,self_intro,full_frame,hist_gradient_boosting,20260707,1024,fixed_0_5,2,0.5,715,221,494,0.5992773004561526,0.39936286394817067,0.570254822576804,0.5327721923466604,0.6425339366515838,0.4979757085020243,0.5426573426573427,0.24552328886490266,0.18755551988404576,0.5454545454545454
face_self_intro_native,face,,self_intro,full_frame,hist_gradient_boosting,20260707,1024,inner_cv,2,0.5,715,221,494,0.5992773004561526,0.39936286394817067,0.570254822576804,0.5327721923466604,0.6425339366515838,0.4979757085020243,0.5426573426573427,0.24552328886490266,0.18755551988404576,0.5454545454545454
face_self_intro_native,face,,self_intro,full_frame,hist_gradient_boosting,20260707,1024,fixed_0_5,3,0.5,715,218,497,0.5758172890554336,0.34664917667855744,0.5701179554390563,0.547994851994852,0.5688073394495413,0.5714285714285714,0.5706293706293706,0.2446469742433229,0.18886686755886983,0.47132867132867134
face_self_intro_native,face,,self_intro,full_frame,hist_gradient_boosting,20260707,1024,inner_cv,3,0.5,715,218,497,0.5758172890554336,0.34664917667855744,0.5701179554390563,0.547994851994852,0.5688073394495413,0.5714285714285714,0.5706293706293706,0.2446469742433229,0.18886686755886983,0.47132867132867134
face_self_intro_native,face,,self_intro,full_frame,hist_gradient_boosting,20260707,1024,fixed_0_5,4,0.5,715,216,499,0.5905839456691161,0.37657655071490215,0.5741946856676315,0.5315371462358374,0.6574074074074074,0.4909819639278557,0.5412587412587413,0.24554611117105313,0.1944608986691786,0.5538461538461539
face_self_intro_native,face,,self_intro,full_frame,hist_gradient_boosting,20260707,1024,inner_cv,4,0.5,715,216,499,0.5905839456691161,0.37657655071490215,0.5741946856676315,0.5315371462358374,0.6574074074074074,0.4909819639278557,0.5412587412587413,0.24554611117105313,0.1944608986691786,0.5538461538461539
face_self_intro_native,face,,self_intro,face_crop,logistic_regression,20260707,1024,fixed_0_5,0,0.5,712,214,498,0.6439496302968886,0.41461729071509756,0.6102541005142064,0.5791335978835979,0.6401869158878505,0.5803212851405622,0.598314606741573,0.2370623437915924,0.18599165841919169,0.4859550561797753
face_self_intro_native,face,,self_intro,face_crop,logistic_regression,20260707,1024,inner_cv,0,0.5,712,214,498,0.6439496302968886,0.41461729071509756,0.6102541005142064,0.5791335978835979,0.6401869158878505,0.5803212851405622,0.598314606741573,0.2370623437915924,0.18599165841919169,0.4859550561797753
face_self_intro_native,face,,self_intro,face_crop,logistic_regression,20260707,1024,fixed_0_5,1,0.5,715,215,500,0.6410139534883721,0.3955696148252685,0.5913255813953489,0.5644765652009285,0.6046511627906976,0.578,0.586013986013986,0.23682151978764285,0.18157607867605996,0.47692307692307695
face_self_intro_native,face,,self_intro,face_crop,logistic_regression,20260707,1024,inner_cv,1,0.55,715,215,500,0.6410139534883721,0.3955696148252685,0.5752325581395349,0.5700884606253702,0.4604651162790698,0.69,0.620979020979021,0.23682151978764285,0.18157607867605996,0.35524475524475524
face_self_intro_native,face,,self_intro,face_crop,logistic_regression,20260707,1024,fixed_0_5,2,0.5,715,221,494,0.6342260977888509,0.41765488134722956,0.5787687544653488,0.5543314102603403,0.5927601809954751,0.5647773279352226,0.5734265734265734,0.23606420034333886,0.16863831115305733,0.48391608391608393
face_self_intro_native,face,,self_intro,face_crop,logistic_regression,20260707,1024,inner_cv,2,0.5,715,221,494,0.6342260977888509,0.41765488134722956,0.5787687544653488,0.5543314102603403,0.5927601809954751,0.5647773279352226,0.5734265734265734,0.23606420034333886,0.16863831115305733,0.48391608391608393
face_self_intro_native,face,,self_intro,face_crop,logistic_regression,20260707,1024,fixed_0_5,3,0.5,715,218,497,0.6147435069130379,0.3950929518115675,0.5827534011407897,0.5609497404216519,0.5779816513761468,0.5875251509054326,0.5846153846153846,0.2405363459773375,0.17197575924981814,0.46293706293706294
face_self_intro_native,face,,self_intro,face_crop,logistic_regression,20260707,1024,inner_cv,3,0.55,715,218,497,0.6147435069130379,0.3950929518115675,0.5745897402765214,0.5715269578905943,0.44495412844036697,0.704225352112676,0.6251748251748251,0.2405363459773375,0.17197575924981814,0.3412587412587413
face_self_intro_native,face,,self_intro,face_crop,logistic_regression,20260707,1024,fixed_0_5,4,0.5,715,216,499,0.6504490462406294,0.42823194433180856,0.6120296147851259,0.5820077167806134,0.6388888888888888,0.5851703406813628,0.6013986013986014,0.23414457052696727,0.18577368920591203,0.4825174825174825
face_self_intro_native,face,,self_intro,face_crop,logistic_regression,20260707,1024,inner_cv,4,0.5,715,216,499,0.6504490462406294,0.42823194433180856,0.6120296147851259,0.5820077167806134,0.6388888888888888,0.5851703406813628,0.6013986013986014,0.23414457052696727,0.18577368920591203,0.4825174825174825
face_self_intro_native,face,,self_intro,face_crop,hist_gradient_boosting,20260707,1024,fixed_0_5,0,0.5,712,214,498,0.6343833277033368,0.39429340828082765,0.5938238937056637,0.5535397933776125,0.6635514018691588,0.5240963855421686,0.5660112359550562,0.24176509157205517,0.19549295029713648,0.5323033707865169
face_self_intro_native,face,,self_intro,face_crop,hist_gradient_boosting,20260707,1024,inner_cv,0,0.5,712,214,498,0.6343833277033368,0.39429340828082765,0.5938238937056637,0.5535397933776125,0.6635514018691588,0.5240963855421686,0.5660112359550562,0.24176509157205517,0.19549295029713648,0.5323033707865169
face_self_intro_native,face,,self_intro,face_crop,hist_gradient_boosting,20260707,1024,fixed_0_5,1,0.5,715,215,500,0.6202930232558139,0.3803018988653165,0.5911627906976744,0.5397215201945544,0.7023255813953488,0.48,0.5468531468531469,0.24204922112699973,0.19463225934141198,0.5748251748251748
face_self_intro_native,face,,self_intro,face_crop,hist_gradient_boosting,20260707,1024,inner_cv,1,0.5,715,215,500,0.6202930232558139,0.3803018988653165,0.5911627906976744,0.5397215201945544,0.7023255813953488,0.48,0.5468531468531469,0.24204922112699973,0.19463225934141198,0.5748251748251748
face_self_intro_native,face,,self_intro,face_crop,hist_gradient_boosting,20260707,1024,fixed_0_5,2,0.5,715,221,494,0.6315468884532947,0.40432561592597016,0.5891283638961657,0.5477978951568656,0.6742081447963801,0.5040485829959515,0.5566433566433566,0.24069264479596578,0.18410352951496323,0.551048951048951
face_self_intro_native,face,,self_intro,face_crop,hist_gradient_boosting,20260707,1024,inner_cv,2,0.5,715,221,494,0.6315468884532947,0.40432561592597016,0.5891283638961657,0.5477978951568656,0.6742081447963801,0.5040485829959515,0.5566433566433566,0.24069264479596578,0.18410352951496323,0.551048951048951
face_self_intro_native,face,,self_intro,face_crop,hist_gradient_boosting,20260707,1024,fixed_0_5,3,0.5,715,218,497,0.6123714765658169,0.4109869169490626,0.58862809886844,0.5650860549176153,0.591743119266055,0.5855130784708249,0.5874125874125874,0.24216317161513104,0.19027079486743004,0.46853146853146854
face_self_intro_native,face,,self_intro,face_crop,hist_gradient_boosting,20260707,1024,inner_cv,3,0.5,715,218,497,0.6123714765658169,0.4109869169490626,0.58862809886844,0.5650860549176153,0.591743119266055,0.5855130784708249,0.5874125874125874,0.24216317161513104,0.19027079486743004,0.46853146853146854
face_self_intro_native,face,,self_intro,face_crop,hist_gradient_boosting,20260707,1024,fixed_0_5,4,0.5,715,216,499,0.6452441920878794,0.4416063138877541,0.5885335485786387,0.5479488347727651,0.6620370370370371,0.5150300601202404,0.5594405594405595,0.23952545033338407,0.1909515020083794,0.5384615384615384
face_self_intro_native,face,,self_intro,face_crop,hist_gradient_boosting,20260707,1024,inner_cv,4,0.5,715,216,499,0.6452441920878794,0.4416063138877541,0.5885335485786387,0.5479488347727651,0.6620370370370371,0.5150300601202404,0.5594405594405595,0.23952545033338407,0.1909515020083794,0.5384615384615384
face_self_intro_native,face,,self_intro,background,logistic_regression,20260707,1024,fixed_0_5,0,0.5,712,214,498,0.5970611417633149,0.3668904855374957,0.5631779454265661,0.5413815170964669,0.5560747663551402,0.570281124497992,0.5660112359550562,0.24391120050953036,0.18678110513381635,0.46769662921348315
face_self_intro_native,face,,self_intro,background,logistic_regression,20260707,1024,inner_cv,0,0.5,712,214,498,0.5970611417633149,0.3668904855374957,0.5631779454265661,0.5413815170964669,0.5560747663551402,0.570281124497992,0.5660112359550562,0.24391120050953036,0.18678110513381635,0.46769662921348315
face_self_intro_native,face,,self_intro,background,logistic_regression,20260707,1024,fixed_0_5,1,0.5,715,215,500,0.6168279069767442,0.37931011471889964,0.5717674418604651,0.5544647933717839,0.5395348837209303,0.604,0.5846153846153846,0.23736095461165865,0.17809119610519716,0.43916083916083914
face_self_intro_native,face,,self_intro,background,logistic_regression,20260707,1024,inner_cv,1,0.5,715,215,500,0.6168279069767442,0.37931011471889964,0.5717674418604651,0.5544647933717839,0.5395348837209303,0.604,0.5846153846153846,0.23736095461165865,0.17809119610519716,0.43916083916083914
face_self_intro_native,face,,self_intro,background,logistic_regression,20260707,1024,fixed_0_5,2,0.5,715,221,494,0.6182607580559474,0.3838552241936434,0.5876399142653013,0.5656628056628057,0.5882352941176471,0.5870445344129555,0.5874125874125874,0.24140216618343965,0.18050065398457857,0.4671328671328671
face_self_intro_native,face,,self_intro,background,logistic_regression,20260707,1024,inner_cv,2,0.5,715,221,494,0.6182607580559474,0.3838552241936434,0.5876399142653013,0.5656628056628057,0.5882352941176471,0.5870445344129555,0.5874125874125874,0.24140216618343965,0.18050065398457857,0.4671328671328671
face_self_intro_native,face,,self_intro,background,logistic_regression,20260707,1024,fixed_0_5,3,0.5,715,218,497,0.5802706145127647,0.3780094505125544,0.5655307994757536,0.5444460710831971,0.5596330275229358,0.5714285714285714,0.5678321678321678,0.24690639266844458,0.18338570008420482,0.46853146853146854
face_self_intro_native,face,,self_intro,background,logistic_regression,20260707,1024,inner_cv,3,0.5,715,218,497,0.5802706145127647,0.3780094505125544,0.5655307994757536,0.5444460710831971,0.5596330275229358,0.5714285714285714,0.5678321678321678,0.24690639266844458,0.18338570008420482,0.46853146853146854
face_self_intro_native,face,,self_intro,background,logistic_regression,20260707,1024,fixed_0_5,4,0.5,715,216,499,0.606342314258146,0.4144006589376825,0.5798634305648334,0.5538587848932677,0.5925925925925926,0.5671342685370742,0.5748251748251748,0.24277565812949903,0.19366141712284882,0.4811188811188811
face_self_intro_native,face,,self_intro,background,logistic_regression,20260707,1024,inner_cv,4,0.4,715,216,499,0.606342314258146,0.4144006589376825,0.5467555481333036,0.4453629411395976,0.8009259259259259,0.2925851703406814,0.4461538461538462,0.24277565812949903,0.19366141712284882,0.7356643356643356
face_self_intro_native,face,,self_intro,background,hist_gradient_boosting,20260707,1024,fixed_0_5,0,0.5,712,214,498,0.6257553578801185,0.374903201211111,0.6063318695342116,0.5890024372514644,0.5700934579439252,0.642570281124498,0.6207865168539326,0.2429137665621643,0.19324569387146637,0.42134831460674155
face_self_intro_native,face,,self_intro,background,hist_gradient_boosting,20260707,1024,inner_cv,0,0.5,712,214,498,0.6257553578801185,0.374903201211111,0.6063318695342116,0.5890024372514644,0.5700934579439252,0.642570281124498,0.6207865168539326,0.2429137665621643,0.19324569387146637,0.42134831460674155
face_self_intro_native,face,,self_intro,background,hist_gradient_boosting,20260707,1024,fixed_0_5,1,0.5,715,215,500,0.6286697674418604,0.3801969281912383,0.6108837209302326,0.5728542469537323,0.6697674418604651,0.552,0.5874125874125874,0.2423545868498152,0.19494459963513117,0.5146853146853146
face_self_intro_native,face,,self_intro,background,hist_gradient_boosting,20260707,1024,inner_cv,1,0.5,715,215,500,0.6286697674418604,0.3801969281912383,0.6108837209302326,0.5728542469537323,0.6697674418604651,0.552,0.5874125874125874,0.2423545868498152,0.19494459963513117,0.5146853146853146
face_self_intro_native,face,,self_intro,background,hist_gradient_boosting,20260707,1024,fixed_0_5,2,0.5,715,221,494,0.6013428105592907,0.39060879090149364,0.5674565372707787,0.5281995769714586,0.6470588235294118,0.48785425101214575,0.5370629370629371,0.24420921296988257,0.1893975624418269,0.5538461538461539
face_self_intro_native,face,,self_intro,background,hist_gradient_boosting,20260707,1024,inner_cv,2,0.5,715,221,494,0.6013428105592907,0.39060879090149364,0.5674565372707787,0.5281995769714586,0.6470588235294118,0.48785425101214575,0.5370629370629371,0.24420921296988257,0.1893975624418269,0.5538461538461539
face_self_intro_native,face,,self_intro,background,hist_gradient_boosting,20260707,1024,fixed_0_5,3,0.5,715,218,497,0.5142598711535268,0.3127842722041667,0.5020720654200432,0.48079107505070995,0.5091743119266054,0.4949698189134809,0.4993006993006993,0.2478095366540425,0.1872897422151923,0.5062937062937063
face_self_intro_native,face,,self_intro,background,hist_gradient_boosting,20260707,1024,inner_cv,3,0.5,715,218,497,0.5142598711535268,0.3127842722041667,0.5020720654200432,0.48079107505070995,0.5091743119266054,0.4949698189134809,0.4993006993006993,0.2478095366540425,0.1872897422151923,0.5062937062937063
face_self_intro_native,face,,self_intro,background,hist_gradient_boosting,20260707,1024,fixed_0_5,4,0.5,715,216,499,0.5832312773695539,0.3697818008011261,0.5632097528390114,0.5361689106487147,0.5833333333333334,0.5430861723446894,0.5552447552447553,0.24520323037936848,0.1932252662799933,0.4951048951048951
face_self_intro_native,face,,self_intro,background,hist_gradient_boosting,20260707,1024,inner_cv,4,0.5,715,216,499,0.5832312773695539,0.3697818008011261,0.5632097528390114,0.5361689106487147,0.5833333333333334,0.5430861723446894,0.5552447552447553,0.24520323037936848,0.1932252662799933,0.4951048951048951
face_self_intro_native,face,,self_intro,face_qc,logistic_regression,20260707,1044,fixed_0_5,0,0.5,712,214,498,0.642598431107608,0.41137427533377124,0.6192902450925196,0.5899904994147889,0.6401869158878505,0.5983935742971888,0.6109550561797753,0.2369194082218003,0.18539076939636012,0.47331460674157305
face_self_intro_native,face,,self_intro,face_qc,logistic_regression,20260707,1044,inner_cv,0,0.5,712,214,498,0.642598431107608,0.41137427533377124,0.6192902450925196,0.5899904994147889,0.6401869158878505,0.5983935742971888,0.6109550561797753,0.2369194082218003,0.18539076939636012,0.47331460674157305
face_self_intro_native,face,,self_intro,face_qc,logistic_regression,20260707,1044,fixed_0_5,1,0.5,715,215,500,0.6395162790697674,0.3937859543172042,0.5913255813953489,0.5644765652009285,0.6046511627906976,0.578,0.586013986013986,0.2365798659336781,0.18070926962931247,0.47692307692307695
face_self_intro_native,face,,self_intro,face_qc,logistic_regression,20260707,1044,inner_cv,1,0.55,715,215,500,0.6395162790697674,0.3937859543172042,0.5898604651162791,0.5836847919696959,0.48372093023255813,0.696,0.6321678321678321,0.2365798659336781,0.18070926962931247,0.35804195804195804
face_self_intro_native,face,,self_intro,face_qc,logistic_regression,20260707,1044,fixed_0_5,2,0.5,715,221,494,0.633108615604448,0.4139137483178658,0.5795427482733984,0.5561653770274173,0.5882352941176471,0.5708502024291497,0.5762237762237762,0.2364663557951719,0.16986507063850487,0.4783216783216783
face_self_intro_native,face,,self_intro,face_qc,logistic_regression,20260707,1044,inner_cv,2,0.5,715,221,494,0.633108615604448,0.4139137483178658,0.5795427482733984,0.5561653770274173,0.5882352941176471,0.5708502024291497,0.5762237762237762,0.2364663557951719,0.16986507063850487,0.4783216783216783
face_self_intro_native,face,,self_intro,face_qc,logistic_regression,20260707,1044,fixed_0_5,3,0.5,715,218,497,0.6132944455725176,0.3979107695203441,0.6050061838923448,0.5834373699542239,0.5963302752293578,0.613682092555332,0.6083916083916084,0.24049097517514292,0.1702072710929471,0.45034965034965035
face_self_intro_native,face,,self_intro,face_qc,logistic_regression,20260707,1044,inner_cv,3,0.45,715,218,497,0.6132944455725176,0.3979107695203441,0.5810597530134938,0.5388671800902918,0.6651376146788991,0.4969818913480885,0.5482517482517483,0.24049097517514292,0.1702072710929471,0.5524475524475524
face_self_intro_native,face,,self_intro,face_qc,logistic_regression,20260707,1044,fixed_0_5,4,0.5,715,216,499,0.6491965412306093,0.43000874635266345,0.6114080011875603,0.5833307593307594,0.6296296296296297,0.593186372745491,0.6041958041958042,0.2343633899418583,0.1841629107312816,0.47412587412587415
face_self_intro_native,face,,self_intro,face_qc,logistic_regression,20260707,1044,inner_cv,4,0.5,715,216,499,0.6491965412306093,0.43000874635266345,0.6114080011875603,0.5833307593307594,0.6296296296296297,0.593186372745491,0.6041958041958042,0.2343633899418583,0.1841629107312816,0.47412587412587415
face_self_intro_native,face,,self_intro,face_qc,hist_gradient_boosting,20260707,1044,fixed_0_5,0,0.5,712,214,498,0.6477686446721465,0.40408689254266583,0.6048680704124911,0.5670266343430386,0.6635514018691588,0.5461847389558233,0.5814606741573034,0.2407979846391847,0.19502306969297803,0.5168539325842697
face_self_intro_native,face,,self_intro,face_qc,hist_gradient_boosting,20260707,1044,inner_cv,0,0.5,712,214,498,0.6477686446721465,0.40408689254266583,0.6048680704124911,0.5670266343430386,0.6635514018691588,0.5461847389558233,0.5814606741573034,0.2407979846391847,0.19502306969297803,0.5168539325842697
face_self_intro_native,face,,self_intro,face_qc,hist_gradient_boosting,20260707,1044,fixed_0_5,1,0.5,715,215,500,0.627967441860465,0.3900812499295193,0.5788372093023256,0.5255286485415738,0.6976744186046512,0.46,0.5314685314685315,0.2419086766734947,0.19480391118736995,0.5874125874125874
face_self_intro_native,face,,self_intro,face_qc,hist_gradient_boosting,20260707,1044,inner_cv,1,0.5,715,215,500,0.627967441860465,0.3900812499295193,0.5788372093023256,0.5255286485415738,0.6976744186046512,0.46,0.5314685314685315,0.2419086766734947,0.19480391118736995,0.5874125874125874
face_self_intro_native,face,,self_intro,face_qc,hist_gradient_boosting,20260707,1044,fixed_0_5,2,0.5,715,221,494,0.611441368824079,0.38934135090600885,0.5854965467968565,0.5554788264908334,0.6244343891402715,0.5465587044534413,0.5706293706293706,0.2413948125303327,0.1838938530266886,0.5062937062937063
face_self_intro_native,face,,self_intro,face_qc,hist_gradient_boosting,20260707,1044,inner_cv,2,0.5,715,221,494,0.611441368824079,0.38934135090600885,0.5854965467968565,0.5554788264908334,0.6244343891402715,0.5465587044534413,0.5706293706293706,0.2413948125303327,0.1838938530266886,0.5062937062937063
face_self_intro_native,face,,self_intro,face_qc,hist_gradient_boosting,20260707,1044,fixed_0_5,3,0.5,715,218,497,0.6308908496852675,0.42244405395521717,0.5799752644306204,0.5499090274054941,0.6146788990825688,0.545271629778672,0.5664335664335665,0.2411217892848612,0.1886581591278042,0.5034965034965035
face_self_intro_native,face,,self_intro,face_qc,hist_gradient_boosting,20260707,1044,inner_cv,3,0.5,715,218,497,0.6308908496852675,0.42244405395521717,0.5799752644306204,0.5499090274054941,0.6146788990825688,0.545271629778672,0.5664335664335665,0.2411217892848612,0.1886581591278042,0.5034965034965035
face_self_intro_native,face,,self_intro,face_qc,hist_gradient_boosting,20260707,1044,fixed_0_5,4,0.5,715,216,499,0.6372838269130855,0.4096284823511448,0.5969299710532175,0.5605195477411319,0.6527777777777778,0.5410821643286573,0.5748251748251748,0.24054492097563995,0.1911919895506103,0.5174825174825175
face_self_intro_native,face,,self_intro,face_qc,hist_gradient_boosting,20260707,1044,inner_cv,4,0.5,715,216,499,0.6372838269130855,0.4096284823511448,0.5969299710532175,0.5605195477411319,0.6527777777777778,0.5410821643286573,0.5748251748251748,0.24054492097563995,0.1911919895506103,0.5174825174825175
face_self_intro_native,face,,self_intro,face_demographics,logistic_regression,20260707,1028,fixed_0_5,0,0.5,712,214,498,0.6467833952632962,0.4216988316575094,0.6032259880644072,0.5706774174296539,0.6401869158878505,0.5662650602409639,0.5884831460674157,0.23677808931844999,0.18592337600874204,0.4957865168539326
face_self_intro_native,face,,self_intro,face_demographics,logistic_regression,20260707,1028,inner_cv,0,0.5,712,214,498,0.6467833952632962,0.4216988316575094,0.6032259880644072,0.5706774174296539,0.6401869158878505,0.5662650602409639,0.5884831460674157,0.23677808931844999,0.18592337600874204,0.4957865168539326
face_self_intro_native,face,,self_intro,face_demographics,logistic_regression,20260707,1028,fixed_0_5,1,0.5,715,215,500,0.6464093023255815,0.40041166095453673,0.6086046511627907,0.5778736244813618,0.6372093023255814,0.58,0.5972027972027972,0.23544475917015611,0.1806206159078687,0.4853146853146853
face_self_intro_native,face,,self_intro,face_demographics,logistic_regression,20260707,1028,inner_cv,1,0.5,715,215,500,0.6464093023255815,0.40041166095453673,0.6086046511627907,0.5778736244813618,0.6372093023255814,0.58,0.5972027972027972,0.23544475917015611,0.1806206159078687,0.4853146853146853
face_self_intro_native,face,,self_intro,face_demographics,logistic_regression,20260707,1028,fixed_0_5,2,0.5,715,221,494,0.6361313133163573,0.41867822608022986,0.592641105025006,0.5678837829144823,0.6063348416289592,0.5789473684210527,0.5874125874125874,0.23532778688733713,0.16732140216773553,0.4783216783216783
face_self_intro_native,face,,self_intro,face_demographics,logistic_regression,20260707,1028,inner_cv,2,0.5,715,221,494,0.6361313133163573,0.41867822608022986,0.592641105025006,0.5678837829144823,0.6063348416289592,0.5789473684210527,0.5874125874125874,0.23532778688733713,0.16732140216773553,0.4783216783216783
face_self_intro_native,face,,self_intro,face_demographics,logistic_regression,20260707,1028,fixed_0_5,3,0.5,715,218,497,0.6228748638620716,0.3970681295650822,0.6018265556642608,0.5768803313944257,0.6100917431192661,0.5935613682092555,0.5986013986013986,0.23899836458592053,0.16995607253777034,0.46853146853146854
face_self_intro_native,face,,self_intro,face_demographics,logistic_regression,20260707,1028,inner_cv,3,0.55,715,218,497,0.6228748638620716,0.3970681295650822,0.580182932457128,0.5768011775190353,0.4541284403669725,0.7062374245472837,0.6293706293706294,0.23899836458592053,0.16995607253777034,0.34265734265734266
face_self_intro_native,face,,self_intro,face_demographics,logistic_regression,20260707,1028,fixed_0_5,4,0.5,715,216,499,0.6521190529206562,0.42983871474902285,0.6103364135678765,0.5789163722025913,0.6435185185185185,0.5771543086172345,0.5972027972027972,0.233646426526965,0.18385729411421894,0.48951048951048953
face_self_intro_native,face,,self_intro,face_demographics,logistic_regression,20260707,1028,inner_cv,4,0.5,715,216,499,0.6521190529206562,0.42983871474902285,0.6103364135678765,0.5789163722025913,0.6435185185185185,0.5771543086172345,0.5972027972027972,0.233646426526965,0.18385729411421894,0.48951048951048953
face_self_intro_native,face,,self_intro,face_demographics,hist_gradient_boosting,20260707,1028,fixed_0_5,0,0.5,712,214,498,0.644310888413467,0.3968292867241335,0.6025691551251736,0.5720437969773393,0.6308411214953271,0.5742971887550201,0.5912921348314607,0.2411672017705749,0.19511772425012963,0.48735955056179775
face_self_intro_native,face,,self_intro,face_demographics,hist_gradient_boosting,20260707,1028,inner_cv,0,0.5,712,214,498,0.644310888413467,0.3968292867241335,0.6025691551251736,0.5720437969773393,0.6308411214953271,0.5742971887550201,0.5912921348314607,0.2411672017705749,0.19511772425012963,0.48735955056179775
face_self_intro_native,face,,self_intro,face_demographics,hist_gradient_boosting,20260707,1028,fixed_0_5,1,0.5,715,215,500,0.6072697674418605,0.3682238751277831,0.5869767441860465,0.5572538272422398,0.6139534883720931,0.56,0.5762237762237762,0.24202441434075977,0.1937095470734056,0.49230769230769234
face_self_intro_native,face,,self_intro,face_demographics,hist_gradient_boosting,20260707,1028,inner_cv,1,0.5,715,215,500,0.6072697674418605,0.3682238751277831,0.5869767441860465,0.5572538272422398,0.6139534883720931,0.56,0.5762237762237762,0.24202441434075977,0.1937095470734056,0.49230769230769234
face_self_intro_native,face,,self_intro,face_demographics,hist_gradient_boosting,20260707,1028,fixed_0_5,2,0.5,715,221,494,0.6227764852437393,0.38092568569903046,0.5961538461538461,0.5516920155497036,0.6923076923076923,0.5,0.5594405594405595,0.24062139564411153,0.18394777519821048,0.5594405594405595
face_self_intro_native,face,,self_intro,face_demographics,hist_gradient_boosting,20260707,1028,inner_cv,2,0.5,715,221,494,0.6227764852437393,0.38092568569903046,0.5961538461538461,0.5516920155497036,0.6923076923076923,0.5,0.5594405594405595,0.24062139564411153,0.18394777519821048,0.5594405594405595
face_self_intro_native,face,,self_intro,face_demographics,hist_gradient_boosting,20260707,1028,fixed_0_5,3,0.5,715,218,497,0.6170001661344212,0.41556565877990537,0.5810228342532258,0.5580090005439889,0.5825688073394495,0.579476861167002,0.5804195804195804,0.2418417368297431,0.18818800473438832,0.4699300699300699
face_self_intro_native,face,,self_intro,face_demographics,hist_gradient_boosting,20260707,1028,inner_cv,3,0.5,715,218,497,0.6170001661344212,0.41556565877990537,0.5810228342532258,0.5580090005439889,0.5825688073394495,0.579476861167002,0.5804195804195804,0.2418417368297431,0.18818800473438832,0.4699300699300699
face_self_intro_native,face,,self_intro,face_demographics,hist_gradient_boosting,20260707,1028,fixed_0_5,4,0.5,715,216,499,0.6303764937281972,0.40151850248746845,0.5966191642544347,0.5612706333117997,0.6481481481481481,0.5450901803607214,0.5762237762237762,0.2408625442952097,0.19117213307884257,0.5132867132867133
face_self_intro_native,face,,self_intro,face_demographics,hist_gradient_boosting,20260707,1028,inner_cv,4,0.5,715,216,499,0.6303764937281972,0.40151850248746845,0.5966191642544347,0.5612706333117997,0.6481481481481481,0.5450901803607214,0.5762237762237762,0.2408625442952097,0.19117213307884257,0.5132867132867133
face_self_intro_native,face,,self_intro,face_qc_demographics,logistic_regression,20260707,1048,fixed_0_5,0,0.5,712,214,498,0.645075629621289,0.417717241767744,0.606566452726795,0.5736079470035129,0.6448598130841121,0.5682730923694779,0.5912921348314607,0.2369241198987156,0.18518153774311763,0.4957865168539326
face_self_intro_native,face,,self_intro,face_qc_demographics,logistic_regression,20260707,1048,inner_cv,0,0.5,712,214,498,0.645075629621289,0.417717241767744,0.606566452726795,0.5736079470035129,0.6448598130841121,0.5682730923694779,0.5912921348314607,0.2369241198987156,0.18518153774311763,0.4957865168539326
face_self_intro_native,face,,self_intro,face_qc_demographics,logistic_regression,20260707,1048,fixed_0_5,1,0.5,715,215,500,0.6458511627906977,0.3979816357857939,0.6039767441860465,0.5775,0.6139534883720931,0.594,0.6,0.23504575819257542,0.17953408771521673,0.46853146853146854
face_self_intro_native,face,,self_intro,face_qc_demographics,logistic_regression,20260707,1048,inner_cv,1,0.55,715,215,500,0.6458511627906977,0.3979816357857939,0.5935116279069768,0.5865994032801936,0.4930232558139535,0.694,0.6335664335664336,0.23504575819257542,0.17953408771521673,0.3622377622377622
face_self_intro_native,face,,self_intro,face_qc_demographics,logistic_regression,20260707,1048,fixed_0_5,2,0.5,715,221,494,0.6361496326964295,0.41736647834639157,0.5838294832102882,0.5602850255014185,0.5927601809954751,0.5748987854251012,0.5804195804195804,0.23567578203616138,0.16888548752379853,0.47692307692307695
face_self_intro_native,face,,self_intro,face_qc_demographics,logistic_regression,20260707,1048,inner_cv,2,0.5,715,221,494,0.6361496326964295,0.41736647834639157,0.5838294832102882,0.5602850255014185,0.5927601809954751,0.5748987854251012,0.5804195804195804,0.23567578203616138,0.16888548752379853,0.47692307692307695
face_self_intro_native,face,,self_intro,face_qc_demographics,logistic_regression,20260707,1048,fixed_0_5,3,0.5,715,218,497,0.6229117826223395,0.40133136184441187,0.5999760028058257,0.5775151609392007,0.5963302752293578,0.6036217303822937,0.6013986013986014,0.23855533709414464,0.16825374716306193,0.45734265734265733
face_self_intro_native,face,,self_intro,face_qc_demographics,logistic_regression,20260707,1048,inner_cv,3,0.5,715,218,497,0.6229117826223395,0.40133136184441187,0.5999760028058257,0.5775151609392007,0.5963302752293578,0.6036217303822937,0.6013986013986014,0.23855533709414464,0.16825374716306193,0.45734265734265733
face_self_intro_native,face,,self_intro,face_qc_demographics,logistic_regression,20260707,1048,fixed_0_5,4,0.5,715,216,499,0.6514696058784235,0.4319218343591869,0.6156572404067394,0.584254663980476,0.6481481481481481,0.5831663326653307,0.6027972027972028,0.2340874511198223,0.18326735062690272,0.48671328671328673
face_self_intro_native,face,,self_intro,face_qc_demographics,logistic_regression,20260707,1048,inner_cv,4,0.5,715,216,499,0.6514696058784235,0.4319218343591869,0.6156572404067394,0.584254663980476,0.6481481481481481,0.5831663326653307,0.6027972027972028,0.2340874511198223,0.18326735062690272,0.48671328671328673
face_self_intro_native,face,,self_intro,face_qc_demographics,hist_gradient_boosting,20260707,1048,fixed_0_5,0,0.5,712,214,498,0.6426312727545698,0.3993523734181511,0.5968547085538416,0.5607452198071581,0.6495327102803738,0.5441767068273092,0.5758426966292135,0.2416724749830936,0.19594425938279675,0.5140449438202247
face_self_intro_native,face,,self_intro,face_qc_demographics,hist_gradient_boosting,20260707,1048,inner_cv,0,0.5,712,214,498,0.6426312727545698,0.3993523734181511,0.5968547085538416,0.5607452198071581,0.6495327102803738,0.5441767068273092,0.5758426966292135,0.2416724749830936,0.19594425938279675,0.5140449438202247
face_self_intro_native,face,,self_intro,face_qc_demographics,hist_gradient_boosting,20260707,1048,fixed_0_5,1,0.5,715,215,500,0.6266790697674419,0.3849610867567377,0.6044883720930232,0.5551070551070552,0.7069767441860465,0.502,0.5636363636363636,0.2416441917020721,0.19434046766954724,0.5608391608391609
face_self_intro_native,face,,self_intro,face_qc_demographics,hist_gradient_boosting,20260707,1048,inner_cv,1,0.5,715,215,500,0.6266790697674419,0.3849610867567377,0.6044883720930232,0.5551070551070552,0.7069767441860465,0.502,0.5636363636363636,0.2416441917020721,0.19434046766954724,0.5608391608391609
face_self_intro_native,face,,self_intro,face_qc_demographics,hist_gradient_boosting,20260707,1048,fixed_0_5,2,0.5,715,221,494,0.619140088299412,0.38687601919994563,0.5848416289592759,0.5436995436995437,0.669683257918552,0.5,0.5524475524475524,0.24124484039713037,0.18418182321826282,0.5524475524475524
face_self_intro_native,face,,self_intro,face_qc_demographics,hist_gradient_boosting,20260707,1048,inner_cv,2,0.5,715,221,494,0.619140088299412,0.38687601919994563,0.5848416289592759,0.5436995436995437,0.669683257918552,0.5,0.5524475524475524,0.24124484039713037,0.18418182321826282,0.5524475524475524
face_self_intro_native,face,,self_intro,face_qc_demographics,hist_gradient_boosting,20260707,1048,fixed_0_5,3,0.5,715,218,497,0.6214534915917523,0.4090820422450092,0.5835194654163514,0.5685646530626023,0.5412844036697247,0.6257545271629779,0.6,0.24094304232472452,0.18768898586455535,0.4251748251748252
face_self_intro_native,face,,self_intro,face_qc_demographics,hist_gradient_boosting,20260707,1048,inner_cv,3,0.5,715,218,497,0.6214534915917523,0.4090820422450092,0.5835194654163514,0.5685646530626023,0.5412844036697247,0.6257545271629779,0.6,0.24094304232472452,0.18768898586455535,0.4251748251748252
face_self_intro_native,face,,self_intro,face_qc_demographics,hist_gradient_boosting,20260707,1048,fixed_0_5,4,0.5,715,216,499,0.6231444370221926,0.41138111343658057,0.597032027016997,0.5485041104840749,0.6990740740740741,0.49498997995991983,0.5566433566433566,0.2416397750871921,0.1916340419393433,0.5636363636363636
face_self_intro_native,face,,self_intro,face_qc_demographics,hist_gradient_boosting,20260707,1048,inner_cv,4,0.5,715,216,499,0.6231444370221926,0.41138111343658057,0.597032027016997,0.5485041104840749,0.6990740740740741,0.49498997995991983,0.5566433566433566,0.2416397750871921,0.1916340419393433,0.5636363636363636
face_task_native,face,,task,no_information,no_information_prior,20260707,0,fixed_0_5,0,0.5,712,214,498,0.5,0.300561797752809,0.5,0.4115702479338843,0.0,1.0,0.699438202247191,0.21023641818811722,0.003466223262952761,0.0
face_task_native,face,,task,no_information,no_information_prior,20260707,0,inner_cv,0,0.5,712,214,498,0.5,0.300561797752809,0.5,0.4115702479338843,0.0,1.0,0.699438202247191,0.21023641818811722,0.003466223262952761,0.0
face_task_native,face,,task,no_information,no_information_prior,20260707,0,fixed_0_5,1,0.5,713,214,499,0.5,0.30014025245441794,0.5,0.41171617161716173,0.0,1.0,0.699859747545582,0.21007203570794408,0.003994295548385152,0.0
face_task_native,face,,task,no_information,no_information_prior,20260707,0,inner_cv,1,0.5,713,214,499,0.5,0.30014025245441794,0.5,0.41171617161716173,0.0,1.0,0.699859747545582,0.21007203570794408,0.003994295548385152,0.0
face_task_native,face,,task,no_information,no_information_prior,20260707,0,fixed_0_5,2,0.5,715,221,494,0.5,0.3090909090909091,0.5,0.40860215053763443,0.0,1.0,0.6909090909090909,0.21360552302827993,0.007197500956266811,0.0
face_task_native,face,,task,no_information,no_information_prior,20260707,0,inner_cv,2,0.5,715,221,494,0.5,0.3090909090909091,0.5,0.40860215053763443,0.0,1.0,0.6909090909090909,0.21360552302827993,0.007197500956266811,0.0
face_task_native,face,,task,no_information,no_information_prior,20260707,0,fixed_0_5,3,0.5,714,217,497,0.5,0.30392156862745096,0.5,0.41040462427745666,0.0,1.0,0.696078431372549,0.21155378449201845,0.0007319436712645011,0.0
face_task_native,face,,task,no_information,no_information_prior,20260707,0,inner_cv,3,0.5,714,217,497,0.5,0.30392156862745096,0.5,0.41040462427745666,0.0,1.0,0.696078431372549,0.21155378449201845,0.0007319436712645011,0.0
face_task_native,face,,task,no_information,no_information_prior,20260707,0,fixed_0_5,4,0.5,713,216,497,0.5,0.302945301542777,0.5,0.41074380165289254,0.0,1.0,0.697054698457223,0.21116968442435655,0.0004884756120933642,0.0
face_task_native,face,,task,no_information,no_information_prior,20260707,0,inner_cv,4,0.5,713,216,497,0.5,0.302945301542777,0.5,0.41074380165289254,0.0,1.0,0.697054698457223,0.21116968442435655,0.0004884756120933642,0.0
face_task_native,face,,task,demographics,logistic_regression,20260707,4,fixed_0_5,0,0.5,712,214,498,0.6728315129677589,0.4133283979982839,0.6212607439102203,0.5858210259098243,0.6682242990654206,0.5742971887550201,0.6025280898876404,0.22762502123268102,0.18028138601868277,0.49859550561797755
face_task_native,face,,task,demographics,logistic_regression,20260707,4,inner_cv,0,0.5,712,214,498,0.6728315129677589,0.4133283979982839,0.6212607439102203,0.5858210259098243,0.6682242990654206,0.5742971887550201,0.6025280898876404,0.22762502123268102,0.18028138601868277,0.49859550561797755
face_task_native,face,,task,demographics,logistic_regression,20260707,4,fixed_0_5,1,0.5,713,214,499,0.6690249658194894,0.42245584586396534,0.6233682317906841,0.5958049886621315,0.6355140186915887,0.6112224448897795,0.6185133239831697,0.226175941896885,0.17634406478332873,0.4628330995792426
face_task_native,face,,task,demographics,logistic_regression,20260707,4,inner_cv,1,0.45,713,214,499,0.6690249658194894,0.42245584586396534,0.6116344839211132,0.5461327495225801,0.7663551401869159,0.45691382765531063,0.5497896213183731,0.226175941896885,0.17634406478332873,0.6100981767180925
face_task_native,face,,task,demographics,logistic_regression,20260707,4,fixed_0_5,2,0.5,715,221,494,0.6730586036968509,0.44287865905914264,0.6151464634436771,0.5935342252024964,0.6108597285067874,0.6194331983805668,0.6167832167832168,0.22741861699556218,0.17189054208987817,0.45174825174825173
face_task_native,face,,task,demographics,logistic_regression,20260707,4,inner_cv,2,0.5,715,221,494,0.6730586036968509,0.44287865905914264,0.6151464634436771,0.5935342252024964,0.6108597285067874,0.6194331983805668,0.6167832167832168,0.22741861699556218,0.17189054208987817,0.45174825174825173
face_task_native,face,,task,demographics,logistic_regression,20260707,4,fixed_0_5,3,0.5,714,217,497,0.6633116672384538,0.4374433499396106,0.6110209644966573,0.5809446414499606,0.6405529953917051,0.5814889336016097,0.5994397759103641,0.22845037377015529,0.17650866056921913,0.48599439775910364
face_task_native,face,,task,demographics,logistic_regression,20260707,4,inner_cv,3,0.5,714,217,497,0.6633116672384538,0.4374433499396106,0.6110209644966573,0.5809446414499606,0.6405529953917051,0.5814889336016097,0.5994397759103641,0.22845037377015529,0.17650866056921913,0.48599439775910364
face_task_native,face,,task,demographics,logistic_regression,20260707,4,fixed_0_5,4,0.5,713,216,497,0.6701319025262688,0.43522110073767195,0.6292057902973396,0.599760962282168,0.6527777777777778,0.6056338028169014,0.6199158485273493,0.23018742983419116,0.18449253977086988,0.4726507713884993
face_task_native,face,,task,demographics,logistic_regression,20260707,4,inner_cv,4,0.4,713,216,497,0.6701319025262688,0.43522110073767195,0.6087310902451748,0.49547743645842574,0.8935185185185185,0.323943661971831,0.4964936886395512,0.23018742983419116,0.18449253977086988,0.7419354838709677
face_task_native,face,,task,demographics,hist_gradient_boosting,20260707,4,fixed_0_5,0,0.5,712,214,498,0.6766411440153137,0.4187572840898127,0.630418871748677,0.5506179972023434,0.8271028037383178,0.43373493975903615,0.5519662921348315,0.23368672421847536,0.19087081829218205,0.6446629213483146
face_task_native,face,,task,demographics,hist_gradient_boosting,20260707,4,inner_cv,0,0.5,712,214,498,0.6766411440153137,0.4187572840898127,0.630418871748677,0.5506179972023434,0.8271028037383178,0.43373493975903615,0.5519662921348315,0.23368672421847536,0.19087081829218205,0.6446629213483146
face_task_native,face,,task,demographics,hist_gradient_boosting,20260707,4,fixed_0_5,1,0.5,713,214,499,0.675580132227071,0.4211453738589832,0.6233073623883281,0.544218384999053,0.8177570093457944,0.4288577154308617,0.5455820476858345,0.23413003591549172,0.19128718731208294,0.6451612903225806
face_task_native,face,,task,demographics,hist_gradient_boosting,20260707,4,inner_cv,1,0.5,713,214,499,0.675580132227071,0.4211453738589832,0.6233073623883281,0.544218384999053,0.8177570093457944,0.4288577154308617,0.5455820476858345,0.23413003591549172,0.19128718731208294,0.6451612903225806
face_task_native,face,,task,demographics,hist_gradient_boosting,20260707,4,fixed_0_5,2,0.5,715,221,494,0.6570886841189295,0.40812856679357234,0.6141938556799238,0.5590398026471843,0.746606334841629,0.4817813765182186,0.5636363636363636,0.23492343595758888,0.18271912191606757,0.5888111888111888
face_task_native,face,,task,demographics,hist_gradient_boosting,20260707,4,inner_cv,2,0.5,715,221,494,0.6570886841189295,0.40812856679357234,0.6141938556799238,0.5590398026471843,0.746606334841629,0.4817813765182186,0.5636363636363636,0.23492343595758888,0.18271912191606757,0.5888111888111888
face_task_native,face,,task,demographics,hist_gradient_boosting,20260707,4,fixed_0_5,3,0.5,714,217,497,0.6602703780285399,0.4073784727986484,0.6155968066463295,0.5546645282010159,0.7603686635944701,0.4708249496981891,0.5588235294117647,0.23478078941188357,0.1877031765159498,0.5994397759103641
face_task_native,face,,task,demographics,hist_gradient_boosting,20260707,4,inner_cv,3,0.5,714,217,497,0.6602703780285399,0.4073784727986484,0.6155968066463295,0.5546645282010159,0.7603686635944701,0.4708249496981891,0.5588235294117647,0.23478078941188357,0.1877031765159498,0.5994397759103641
face_task_native,face,,task,demographics,hist_gradient_boosting,20260707,4,fixed_0_5,4,0.5,713,216,497,0.6685436694239512,0.4132822249437996,0.6266254937029585,0.5460702283456031,0.8287037037037037,0.4245472837022133,0.5469845722300141,0.23511924800887493,0.19061994189922965,0.6521739130434783
face_task_native,face,,task,demographics,hist_gradient_boosting,20260707,4,inner_cv,4,0.5,713,216,497,0.6685436694239512,0.4132822249437996,0.6266254937029585,0.5460702283456031,0.8287037037037037,0.4245472837022133,0.5469845722300141,0.23511924800887493,0.19061994189922965,0.6521739130434783
face_task_native,face,,task,qc,logistic_regression,20260707,20,fixed_0_5,0,0.5,712,214,498,0.5288349660323537,0.33025027884475844,0.52767143339714,0.4942844134162998,0.5794392523364486,0.4759036144578313,0.5070224719101124,0.25224665899867804,0.20185537062596318,0.5407303370786517
face_task_native,face,,task,qc,logistic_regression,20260707,20,inner_cv,0,0.5,712,214,498,0.5288349660323537,0.33025027884475844,0.52767143339714,0.4942844134162998,0.5794392523364486,0.4759036144578313,0.5070224719101124,0.25224665899867804,0.20185537062596318,0.5407303370786517
face_task_native,face,,task,qc,logistic_regression,20260707,20,fixed_0_5,1,0.5,713,214,499,0.563706852958253,0.3423279625029675,0.5438774745753189,0.500620347394541,0.6308411214953271,0.45691382765531063,0.5091164095371669,0.2501583880233906,0.203461373162661,0.5694249649368864
face_task_native,face,,task,qc,logistic_regression,20260707,20,inner_cv,1,0.5,713,214,499,0.563706852958253,0.3423279625029675,0.5438774745753189,0.500620347394541,0.6308411214953271,0.45691382765531063,0.5091164095371669,0.2501583880233906,0.203461373162661,0.5694249649368864
face_task_native,face,,task,qc,logistic_regression,20260707,20,fixed_0_5,2,0.5,715,221,494,0.6064081191492479,0.3864125381699125,0.5797213622291022,0.5516095054279331,0.6108597285067874,0.548582995951417,0.5678321678321678,0.24302741850160767,0.18773386579299955,0.5006993006993007
face_task_native,face,,task,qc,logistic_regression,20260707,20,inner_cv,2,0.55,715,221,494,0.6064081191492479,0.3864125381699125,0.5348297213622291,0.5206576824307433,0.18099547511312217,0.888663967611336,0.66993006993007,0.24302741850160767,0.18773386579299955,0.13286713286713286
face_task_native,face,,task,qc,logistic_regression,20260707,20,fixed_0_5,3,0.5,714,217,497,0.5500375525039638,0.3404511400129867,0.5340105147011098,0.5151729048636265,0.5207373271889401,0.5472837022132797,0.5392156862745098,0.24677478697090896,0.18973760618577834,0.4733893557422969
face_task_native,face,,task,qc,logistic_regression,20260707,20,inner_cv,3,0.5,714,217,497,0.5500375525039638,0.3404511400129867,0.5340105147011098,0.5151729048636265,0.5207373271889401,0.5472837022132797,0.5392156862745098,0.24677478697090896,0.18973760618577834,0.4733893557422969
face_task_native,face,,task,qc,logistic_regression,20260707,20,fixed_0_5,4,0.5,713,216,497,0.5655134510768314,0.35980069728600006,0.5476982263954095,0.5230514790373946,0.5601851851851852,0.5352112676056338,0.5427769985974754,0.2486194974533654,0.20006834774336832,0.49368863955119213
face_task_native,face,,task,qc,logistic_regression,20260707,20,inner_cv,4,0.5,713,216,497,0.5655134510768314,0.35980069728600006,0.5476982263954095,0.5230514790373946,0.5601851851851852,0.5352112676056338,0.5427769985974754,0.2486194974533654,0.20006834774336832,0.49368863955119213
face_task_native,face,,task,qc,hist_gradient_boosting,20260707,20,fixed_0_5,0,0.5,712,214,498,0.5358396201628945,0.33582618787366053,0.5253349847990091,0.4926105581964093,0.5747663551401869,0.4759036144578313,0.5056179775280899,0.24881871500739766,0.19852959456263491,0.5393258426966292
face_task_native,face,,task,qc,hist_gradient_boosting,20260707,20,inner_cv,0,0.5,712,214,498,0.5358396201628945,0.33582618787366053,0.5253349847990091,0.4926105581964093,0.5747663551401869,0.4759036144578313,0.5056179775280899,0.24881871500739766,0.19852959456263491,0.5393258426966292
face_task_native,face,,task,qc,hist_gradient_boosting,20260707,20,fixed_0_5,1,0.5,713,214,499,0.5221470979341861,0.3102541826416333,0.5188741969921151,0.502535692342938,0.49065420560747663,0.5470941883767535,0.5301542776998598,0.24910388145214948,0.1979879437260046,0.4642356241234222
face_task_native,face,,task,qc,hist_gradient_boosting,20260707,20,inner_cv,1,0.5,713,214,499,0.5221470979341861,0.3102541826416333,0.5188741969921151,0.502535692342938,0.49065420560747663,0.5470941883767535,0.5301542776998598,0.24910388145214948,0.1979879437260046,0.4642356241234222
face_task_native,face,,task,qc,hist_gradient_boosting,20260707,20,fixed_0_5,2,0.5,715,221,494,0.5760712257497206,0.36651460765549193,0.5464396284829721,0.5341863422216356,0.497737556561086,0.5951417004048583,0.5650349650349651,0.24660271946140738,0.18817601443844426,0.43356643356643354
face_task_native,face,,task,qc,hist_gradient_boosting,20260707,20,inner_cv,2,0.5,715,221,494,0.5760712257497206,0.36651460765549193,0.5464396284829721,0.5341863422216356,0.497737556561086,0.5951417004048583,0.5650349650349651,0.24660271946140738,0.18817601443844426,0.43356643356643354
face_task_native,face,,task,qc,hist_gradient_boosting,20260707,20,fixed_0_5,3,0.5,714,217,497,0.5135096292037942,0.33783092885614263,0.5201207243460765,0.5135393047122669,0.42857142857142855,0.6116700201207244,0.5560224089635855,0.24769736915677346,0.19103470360171879,0.4005602240896359
face_task_native,face,,task,qc,hist_gradient_boosting,20260707,20,inner_cv,3,0.5,714,217,497,0.5135096292037942,0.33783092885614263,0.5201207243460765,0.5135393047122669,0.42857142857142855,0.6116700201207244,0.5560224089635855,0.24769736915677346,0.19103470360171879,0.4005602240896359
face_task_native,face,,task,qc,hist_gradient_boosting,20260707,20,fixed_0_5,4,0.5,713,216,497,0.5544191072360085,0.35997212383951666,0.5163061703554661,0.49013489354786277,0.5416666666666666,0.4909456740442656,0.5063113604488079,0.24699846776397505,0.19293682512938226,0.5189340813464236
face_task_native,face,,task,qc,hist_gradient_boosting,20260707,20,inner_cv,4,0.5,713,216,497,0.5544191072360085,0.35997212383951666,0.5163061703554661,0.49013489354786277,0.5416666666666666,0.4909456740442656,0.5063113604488079,0.24699846776397505,0.19293682512938226,0.5189340813464236
face_task_native,face,,task,metadata,logistic_regression,20260707,6,fixed_0_5,0,0.5,712,214,498,0.5251285515895358,0.315815031801861,0.5128176256427579,0.5055555555555555,0.4252336448598131,0.6004016064257028,0.547752808988764,0.24974217999130988,0.19801052576101177,0.40730337078651685
face_task_native,face,,task,metadata,logistic_regression,20260707,6,inner_cv,0,0.5,712,214,498,0.5251285515895358,0.315815031801861,0.5128176256427579,0.5055555555555555,0.4252336448598131,0.6004016064257028,0.547752808988764,0.24974217999130988,0.19801052576101177,0.40730337078651685
face_task_native,face,,task,metadata,logistic_regression,20260707,6,fixed_0_5,1,0.5,713,214,499,0.5583035229337179,0.33903830974402605,0.5385771543086173,0.5232754705555835,0.5,0.5771543086172345,0.5539971949509116,0.24957566506614487,0.20298256151338576,0.44600280504908835
face_task_native,face,,task,metadata,logistic_regression,20260707,6,inner_cv,1,0.5,713,214,499,0.5583035229337179,0.33903830974402605,0.5385771543086173,0.5232754705555835,0.5,0.5771543086172345,0.5539971949509116,0.24957566506614487,0.20298256151338576,0.44600280504908835
face_task_native,face,,task,metadata,logistic_regression,20260707,6,fixed_0_5,2,0.5,715,221,494,0.5907313096524813,0.3748232661869991,0.5659680876399142,0.5579749965654623,0.4841628959276018,0.6477732793522267,0.5972027972027972,0.24679954553652808,0.18907123760520306,0.393006993006993
face_task_native,face,,task,metadata,logistic_regression,20260707,6,inner_cv,2,0.5,715,221,494,0.5907313096524813,0.3748232661869991,0.5659680876399142,0.5579749965654623,0.4841628959276018,0.6477732793522267,0.5972027972027972,0.24679954553652808,0.18907123760520306,0.393006993006993
face_task_native,face,,task,metadata,logistic_regression,20260707,6,fixed_0_5,3,0.5,714,217,497,0.5545577613144304,0.33458631303144404,0.5350814564808204,0.5282549553050913,0.4423963133640553,0.6277665995975855,0.5714285714285714,0.24903236538657347,0.19589194466699061,0.39355742296918766
face_task_native,face,,task,metadata,logistic_regression,20260707,6,inner_cv,3,0.5,714,217,497,0.5545577613144304,0.33458631303144404,0.5350814564808204,0.5282549553050913,0.4423963133640553,0.6277665995975855,0.5714285714285714,0.24903236538657347,0.19589194466699061,0.39355742296918766
face_task_native,face,,task,metadata,logistic_regression,20260707,6,fixed_0_5,4,0.5,713,216,497,0.5506930471719204,0.3377944367287351,0.5304698561740815,0.5239247311827957,0.4351851851851852,0.6257545271629779,0.5680224403927069,0.24964001547808853,0.19871002362415305,0.39270687237026647
face_task_native,face,,task,metadata,logistic_regression,20260707,6,inner_cv,4,0.5,713,216,497,0.5506930471719204,0.3377944367287351,0.5304698561740815,0.5239247311827957,0.4351851851851852,0.6257545271629779,0.5680224403927069,0.24964001547808853,0.19871002362415305,0.39270687237026647
face_task_native,face,,task,metadata,hist_gradient_boosting,20260707,6,fixed_0_5,0,0.5,712,214,498,0.5186728221296402,0.3112642799491548,0.49467026986450474,0.4767775016307354,0.48130841121495327,0.5080321285140562,0.5,0.24876677041035267,0.19695727359753698,0.4887640449438202
face_task_native,face,,task,metadata,hist_gradient_boosting,20260707,6,inner_cv,0,0.5,712,214,498,0.5186728221296402,0.3112642799491548,0.49467026986450474,0.4767775016307354,0.48130841121495327,0.5080321285140562,0.5,0.24876677041035267,0.19695727359753698,0.4887640449438202
face_task_native,face,,task,metadata,hist_gradient_boosting,20260707,6,fixed_0_5,1,0.5,713,214,499,0.5100153578184407,0.30580905601370983,0.5198293783829341,0.4704968944099379,0.6308411214953271,0.4088176352705411,0.47545582047685836,0.25010623211852073,0.19968608283994266,0.603085553997195
face_task_native,face,,task,metadata,hist_gradient_boosting,20260707,6,inner_cv,1,0.5,713,214,499,0.5100153578184407,0.30580905601370983,0.5198293783829341,0.4704968944099379,0.6308411214953271,0.4088176352705411,0.47545582047685836,0.25010623211852073,0.19968608283994266,0.603085553997195
face_task_native,face,,task,metadata,hist_gradient_boosting,20260707,6,fixed_0_5,2,0.5,715,221,494,0.5655925403484346,0.341813871640294,0.5579304596332461,0.4755203718157118,0.7737556561085973,0.34210526315789475,0.4755244755244755,0.24736527514259207,0.19016749074293215,0.6937062937062937
face_task_native,face,,task,metadata,hist_gradient_boosting,20260707,6,inner_cv,2,0.5,715,221,494,0.5655925403484346,0.341813871640294,0.5579304596332461,0.4755203718157118,0.7737556561085973,0.34210526315789475,0.4755244755244755,0.24736527514259207,0.19016749074293215,0.6937062937062937
face_task_native,face,,task,metadata,hist_gradient_boosting,20260707,6,fixed_0_5,3,0.5,714,217,497,0.5526615916698346,0.33396463303677354,0.521840721749854,0.491231884057971,0.5668202764976958,0.4768611670020121,0.5042016806722689,0.24727304185887386,0.19261330723696737,0.5364145658263305
face_task_native,face,,task,metadata,hist_gradient_boosting,20260707,6,inner_cv,3,0.5,714,217,497,0.5526615916698346,0.33396463303677354,0.521840721749854,0.491231884057971,0.5668202764976958,0.4768611670020121,0.5042016806722689,0.24727304185887386,0.19261330723696737,0.5364145658263305
face_task_native,face,,task,metadata,hist_gradient_boosting,20260707,6,fixed_0_5,4,0.5,713,216,497,0.5465850659512631,0.3295567791015373,0.5425981816826887,0.47446236559139776,0.7129629629629629,0.3722334004024145,0.47545582047685836,0.24820879168757715,0.1943652228946403,0.6535764375876578
face_task_native,face,,task,metadata,hist_gradient_boosting,20260707,6,inner_cv,4,0.5,713,216,497,0.5465850659512631,0.3295567791015373,0.5425981816826887,0.47446236559139776,0.7129629629629629,0.3722334004024145,0.47545582047685836,0.24820879168757715,0.1943652228946403,0.6535764375876578
face_task_native,face,,task,full_frame,logistic_regression,20260707,1024,fixed_0_5,0,0.5,712,214,498,0.6448691964118154,0.42976155301924635,0.6025879217805803,0.575188712390052,0.616822429906542,0.5883534136546185,0.5969101123595506,0.2343441633896921,0.18279529876757716,0.47331460674157305
face_task_native,face,,task,full_frame,logistic_regression,20260707,1024,inner_cv,0,0.45,712,214,498,0.6448691964118154,0.42976155301924635,0.598787674060729,0.5483067929043501,0.705607476635514,0.4919678714859438,0.5561797752808989,0.2343441633896921,0.18279529876757716,0.5674157303370787
face_task_native,face,,task,full_frame,logistic_regression,20260707,1024,fixed_0_5,1,0.5,713,214,499,0.6489895679208886,0.3968612436281923,0.6026773172513251,0.5819540055341836,0.5841121495327103,0.6212424849699398,0.6100981767180925,0.23365713673407557,0.17851425701422302,0.44039270687237025
face_task_native,face,,task,full_frame,logistic_regression,20260707,1024,inner_cv,1,0.5,713,214,499,0.6489895679208886,0.3968612436281923,0.6026773172513251,0.5819540055341836,0.5841121495327103,0.6212424849699398,0.6100981767180925,0.23365713673407557,0.17851425701422302,0.44039270687237025
face_task_native,face,,task,full_frame,logistic_regression,20260707,1024,fixed_0_5,2,0.5,715,221,494,0.6272464139813508,0.4062836280818901,0.5694808287687545,0.5479885057471264,0.5701357466063348,0.5688259109311741,0.5692307692307692,0.2382790598999842,0.17273347464138764,0.47412587412587415
face_task_native,face,,task,full_frame,logistic_regression,20260707,1024,inner_cv,2,0.45,715,221,494,0.6272464139813508,0.4062836280818901,0.5897832817337462,0.5399799263967882,0.7058823529411765,0.47368421052631576,0.5454545454545454,0.2382790598999842,0.17273347464138764,0.5818181818181818
face_task_native,face,,task,full_frame,logistic_regression,20260707,1024,fixed_0_5,3,0.5,714,217,497,0.6466355738115327,0.40006013400584545,0.6049522944116311,0.580703330725638,0.6082949308755761,0.6016096579476862,0.603641456582633,0.23382036446838592,0.17572621641011324,0.46218487394957986
face_task_native,face,,task,full_frame,logistic_regression,20260707,1024,inner_cv,3,0.5,714,217,497,0.6466355738115327,0.40006013400584545,0.6049522944116311,0.580703330725638,0.6082949308755761,0.6016096579476862,0.603641456582633,0.23382036446838592,0.17572621641011324,0.46218487394957986
face_task_native,face,,task,full_frame,logistic_regression,20260707,1024,fixed_0_5,4,0.5,713,216,497,0.6241616364855802,0.406280337998812,0.5963978314330427,0.5726273726273726,0.5972222222222222,0.5955734406438632,0.5960729312762973,0.23947082368949799,0.17523760308883912,0.4628330995792426
face_task_native,face,,task,full_frame,logistic_regression,20260707,1024,inner_cv,4,0.45,713,216,497,0.6241616364855802,0.406280337998812,0.5817264699306953,0.5348635235732011,0.6805555555555556,0.482897384305835,0.5427769985974754,0.23947082368949799,0.17523760308883912,0.5666199158485273
face_task_native,face,,task,full_frame,hist_gradient_boosting,20260707,1024,fixed_0_5,0,0.5,712,214,498,0.5967468002852532,0.3741911645921263,0.5778910032653981,0.5566931857488757,0.5654205607476636,0.5903614457831325,0.5828651685393258,0.24428754416016063,0.19599313786284592,0.45646067415730335
face_task_native,face,,task,full_frame,hist_gradient_boosting,20260707,1024,inner_cv,0,0.5,712,214,498,0.5967468002852532,0.3741911645921263,0.5778910032653981,0.5566931857488757,0.5654205607476636,0.5903614457831325,0.5828651685393258,0.24428754416016063,0.19599313786284592,0.45646067415730335
face_task_native,face,,task,full_frame,hist_gradient_boosting,20260707,1024,fixed_0_5,1,0.5,713,214,499,0.603899387560167,0.3906849412175636,0.5806285468132526,0.5530517980864401,0.5981308411214953,0.56312625250501,0.573632538569425,0.24422231185852683,0.19631419893917756,0.485273492286115
face_task_native,face,,task,full_frame,hist_gradient_boosting,20260707,1024,inner_cv,1,0.5,713,214,499,0.603899387560167,0.3906849412175636,0.5806285468132526,0.5530517980864401,0.5981308411214953,0.56312625250501,0.573632538569425,0.24422231185852683,0.19631419893917756,0.485273492286115
face_task_native,face,,task,full_frame,hist_gradient_boosting,20260707,1024,fixed_0_5,2,0.5,715,221,494,0.6067424478355654,0.39611940474279994,0.5937127887592284,0.572776010039924,0.5882352941176471,0.5991902834008097,0.5958041958041959,0.24398131337245066,0.18651599909098066,0.45874125874125876
face_task_native,face,,task,full_frame,hist_gradient_boosting,20260707,1024,inner_cv,2,0.5,715,221,494,0.6067424478355654,0.39611940474279994,0.5937127887592284,0.572776010039924,0.5882352941176471,0.5991902834008097,0.5958041958041959,0.24398131337245066,0.18651599909098066,0.45874125874125876
face_task_native,face,,task,full_frame,hist_gradient_boosting,20260707,1024,fixed_0_5,3,0.5,714,217,497,0.5966258379771718,0.3788315062129077,0.5745764912052963,0.555114229567776,0.5576036866359447,0.5915492957746479,0.5812324929971989,0.24352939022612113,0.19031270957391205,0.453781512605042
face_task_native,face,,task,full_frame,hist_gradient_boosting,20260707,1024,inner_cv,3,0.5,714,217,497,0.5966258379771718,0.3788315062129077,0.5745764912052963,0.555114229567776,0.5576036866359447,0.5915492957746479,0.5812324929971989,0.24352939022612113,0.19031270957391205,0.453781512605042
face_task_native,face,,task,full_frame,hist_gradient_boosting,20260707,1024,fixed_0_5,4,0.5,713,216,497,0.5941668529696699,0.367403828866687,0.5724485803711156,0.5501203819012038,0.5694444444444444,0.5754527162977867,0.573632538569425,0.2448327620673807,0.194010031805886,0.4684431977559607
face_task_native,face,,task,full_frame,hist_gradient_boosting,20260707,1024,inner_cv,4,0.5,713,216,497,0.5941668529696699,0.367403828866687,0.5724485803711156,0.5501203819012038,0.5694444444444444,0.5754527162977867,0.573632538569425,0.2448327620673807,0.194010031805886,0.4684431977559607
face_task_native,face,,task,face_crop,logistic_regression,20260707,1024,fixed_0_5,0,0.5,712,214,498,0.6472150283376497,0.4232519786528575,0.597896257928912,0.5685607039821317,0.6214953271028038,0.5742971887550201,0.5884831460674157,0.23731681930192805,0.18823603011462914,0.4845505617977528
face_task_native,face,,task,face_crop,logistic_regression,20260707,1024,inner_cv,0,0.5,712,214,498,0.6472150283376497,0.4232519786528575,0.597896257928912,0.5685607039821317,0.6214953271028038,0.5742971887550201,0.5884831460674157,0.23731681930192805,0.18823603011462914,0.4845505617977528
face_task_native,face,,task,face_crop,logistic_regression,20260707,1024,fixed_0_5,1,0.5,713,214,499,0.6601520798606558,0.4168445345600608,0.6186906523327028,0.5891495041952708,0.6401869158878505,0.5971943887775552,0.6100981767180925,0.22985402381943862,0.17636574670440544,0.4740532959326788
face_task_native,face,,task,face_crop,logistic_regression,20260707,1024,inner_cv,1,0.45,713,214,499,0.6601520798606558,0.4168445345600608,0.6156518644766168,0.5599161048689139,0.7383177570093458,0.49298597194388777,0.5666199158485273,0.22985402381943862,0.17636574670440544,0.576437587657784
face_task_native,face,,task,face_crop,logistic_regression,20260707,1024,fixed_0_5,2,0.5,715,221,494,0.6481854654038507,0.43668381091279895,0.5938914027149321,0.5684178218834723,0.6108597285067874,0.5769230769230769,0.5874125874125874,0.23274858136934104,0.17327022443066611,0.4811188811188811
face_task_native,face,,task,face_crop,logistic_regression,20260707,1024,inner_cv,2,0.5,715,221,494,0.6481854654038507,0.43668381091279895,0.5938914027149321,0.5684178218834723,0.6108597285067874,0.5769230769230769,0.5874125874125874,0.23274858136934104,0.17327022443066611,0.4811188811188811
face_task_native,face,,task,face_crop,logistic_regression,20260707,1024,fixed_0_5,3,0.5,714,217,497,0.6216469322849539,0.39929168757491246,0.5793145972609852,0.5614535621076022,0.5529953917050692,0.6056338028169014,0.5896358543417367,0.23841837315457576,0.17467638840623104,0.4425770308123249
face_task_native,face,,task,face_crop,logistic_regression,20260707,1024,inner_cv,3,0.45,714,217,497,0.6216469322849539,0.39929168757491246,0.5949892905822028,0.5449076988041079,0.7050691244239631,0.48490945674044267,0.5518207282913166,0.23841837315457576,0.17467638840623104,0.572829131652661
face_task_native,face,,task,face_crop,logistic_regression,20260707,1024,fixed_0_5,4,0.5,713,216,497,0.6332625381921156,0.41687763996334143,0.5936824651613384,0.5684591914569032,0.6018518518518519,0.5855130784708249,0.5904628330995793,0.23807488423729525,0.18132575769740647,0.47124824684431976
face_task_native,face,,task,face_crop,logistic_regression,20260707,1024,inner_cv,4,0.5,713,216,497,0.6332625381921156,0.41687763996334143,0.5936824651613384,0.5684591914569032,0.6018518518518519,0.5855130784708249,0.5904628330995793,0.23807488423729525,0.18132575769740647,0.47124824684431976
face_task_native,face,,task,face_crop,hist_gradient_boosting,20260707,1024,fixed_0_5,0,0.5,712,214,498,0.6288190143752581,0.39835279433778137,0.5988252073715423,0.5560342384218582,0.677570093457944,0.5200803212851406,0.5674157303370787,0.24193579840476423,0.19430023723923423,0.5393258426966292
face_task_native,face,,task,face_crop,hist_gradient_boosting,20260707,1024,inner_cv,0,0.5,712,214,498,0.6288190143752581,0.39835279433778137,0.5988252073715423,0.5560342384218582,0.677570093457944,0.5200803212851406,0.5674157303370787,0.24193579840476423,0.19430023723923423,0.5393258426966292
face_task_native,face,,task,face_crop,hist_gradient_boosting,20260707,1024,fixed_0_5,1,0.5,713,214,499,0.6314685445657671,0.3869730051049638,0.5972973985353884,0.5502209900353584,0.6915887850467289,0.503006012024048,0.5596072931276297,0.24069896596181015,0.19398745156588912,0.5553997194950911
face_task_native,face,,task,face_crop,hist_gradient_boosting,20260707,1024,inner_cv,1,0.5,713,214,499,0.6314685445657671,0.3869730051049638,0.5972973985353884,0.5502209900353584,0.6915887850467289,0.503006012024048,0.5596072931276297,0.24069896596181015,0.19398745156588912,0.5553997194950911
face_task_native,face,,task,face_crop,hist_gradient_boosting,20260707,1024,fixed_0_5,2,0.5,715,221,494,0.6406149815890231,0.4159743671992864,0.6060371517027864,0.5650851581508516,0.6877828054298643,0.5242914979757085,0.5748251748251748,0.2411846897015709,0.18583836793194902,0.5412587412587413
face_task_native,face,,task,face_crop,hist_gradient_boosting,20260707,1024,inner_cv,2,0.5,715,221,494,0.6406149815890231,0.4159743671992864,0.6060371517027864,0.5650851581508516,0.6877828054298643,0.5242914979757085,0.5748251748251748,0.2411846897015709,0.18583836793194902,0.5412587412587413
face_task_native,face,,task,face_crop,hist_gradient_boosting,20260707,1024,fixed_0_5,3,0.5,714,217,497,0.612179992396777,0.38110659403334646,0.5848315700655546,0.5568460446509227,0.6082949308755761,0.5613682092555332,0.5756302521008403,0.24098815639557386,0.18820741620964998,0.49019607843137253
face_task_native,face,,task,face_crop,hist_gradient_boosting,20260707,1024,inner_cv,3,0.5,714,217,497,0.612179992396777,0.38110659403334646,0.5848315700655546,0.5568460446509227,0.6082949308755761,0.5613682092555332,0.5756302521008403,0.24098815639557386,0.18820741620964998,0.49019607843137253
face_task_native,face,,task,face_crop,hist_gradient_boosting,20260707,1024,fixed_0_5,4,0.5,713,216,497,0.628674826738207,0.40108904917582544,0.5919824502570982,0.5547725245316681,0.6527777777777778,0.5311871227364185,0.5680224403927069,0.24142649436978075,0.19092223236943734,0.5245441795231417
face_task_native,face,,task,face_crop,hist_gradient_boosting,20260707,1024,inner_cv,4,0.5,713,216,497,0.628674826738207,0.40108904917582544,0.5919824502570982,0.5547725245316681,0.6527777777777778,0.5311871227364185,0.5680224403927069,0.24142649436978075,0.19092223236943734,0.5245441795231417
face_task_native,face,,task,background,logistic_regression,20260707,1024,fixed_0_5,0,0.5,712,214,498,0.6103760837743497,0.37915535530879996,0.5875652141275381,0.5633432626598913,0.5887850467289719,0.5863453815261044,0.5870786516853933,0.24121290370258497,0.18201598045992332,0.46629213483146065
face_task_native,face,,task,background,logistic_regression,20260707,1024,inner_cv,0,0.5,712,214,498,0.6103760837743497,0.37915535530879996,0.5875652141275381,0.5633432626598913,0.5887850467289719,0.5863453815261044,0.5870786516853933,0.24121290370258497,0.18201598045992332,0.46629213483146065
face_task_native,face,,task,background,logistic_regression,20260707,1024,fixed_0_5,1,0.5,713,214,499,0.6585788399228364,0.4027229914638296,0.6090170996198003,0.585678173217114,0.602803738317757,0.6152304609218436,0.6115007012622721,0.2287599984634947,0.1767455991356183,0.45021037868162694
face_task_native,face,,task,background,logistic_regression,20260707,1024,inner_cv,1,0.5,713,214,499,0.6585788399228364,0.4027229914638296,0.6090170996198003,0.585678173217114,0.602803738317757,0.6152304609218436,0.6115007012622721,0.2287599984634947,0.1767455991356183,0.45021037868162694
face_task_native,face,,task,background,logistic_regression,20260707,1024,fixed_0_5,2,0.5,715,221,494,0.6291333101287853,0.40139711769788367,0.6071683734222434,0.5752925888308408,0.6515837104072398,0.562753036437247,0.5902097902097903,0.24131691237853173,0.1857823681960884,0.5034965034965035
face_task_native,face,,task,background,logistic_regression,20260707,1024,inner_cv,2,0.4,715,221,494,0.6291333101287853,0.40139711769788367,0.5663253155513217,0.4613344215466232,0.8371040723981901,0.29554655870445345,0.46293706293706294,0.24131691237853173,0.1857823681960884,0.7454545454545455
face_task_native,face,,task,background,logistic_regression,20260707,1024,fixed_0_5,3,0.5,714,217,497,0.5984200131665569,0.37657808837683604,0.5652625429999352,0.5386578333946755,0.5852534562211982,0.545271629778672,0.5574229691876751,0.24464409111041427,0.18255315068444888,0.4943977591036415
face_task_native,face,,task,background,logistic_regression,20260707,1024,inner_cv,3,0.45,714,217,497,0.5984200131665569,0.37657808837683604,0.5814889336016097,0.5251043209045632,0.7142857142857143,0.448692152917505,0.5294117647058824,0.24464409111041427,0.18255315068444888,0.6008403361344538
face_task_native,face,,task,background,logistic_regression,20260707,1024,fixed_0_5,4,0.5,713,216,497,0.6226432670094642,0.4212041687519877,0.5949912437588494,0.5690309012022654,0.6064814814814815,0.5835010060362174,0.5904628330995793,0.23894142764196316,0.18120472360470655,0.4740532959326788
face_task_native,face,,task,background,logistic_regression,20260707,1024,inner_cv,4,0.5,713,216,497,0.6226432670094642,0.4212041687519877,0.5949912437588494,0.5690309012022654,0.6064814814814815,0.5835010060362174,0.5904628330995793,0.23894142764196316,0.18120472360470655,0.4740532959326788
face_task_native,face,,task,background,hist_gradient_boosting,20260707,1024,fixed_0_5,0,0.5,712,214,498,0.6039485042975641,0.3832916321965103,0.5755170213564538,0.5491320867168292,0.5887850467289719,0.5622489959839357,0.5702247191011236,0.24407282194268315,0.19485882384078085,0.48314606741573035
face_task_native,face,,task,background,hist_gradient_boosting,20260707,1024,inner_cv,0,0.5,712,214,498,0.6039485042975641,0.3832916321965103,0.5755170213564538,0.5491320867168292,0.5887850467289719,0.5622489959839357,0.5702247191011236,0.24407282194268315,0.19485882384078085,0.48314606741573035
face_task_native,face,,task,background,hist_gradient_boosting,20260707,1024,fixed_0_5,1,0.5,713,214,499,0.599811773078868,0.35619320102653645,0.5812466053602532,0.5126086612928719,0.7476635514018691,0.4148296593186373,0.514726507713885,0.24435694502054078,0.19657493162323658,0.6339410939691444
face_task_native,face,,task,background,hist_gradient_boosting,20260707,1024,inner_cv,1,0.5,713,214,499,0.599811773078868,0.35619320102653645,0.5812466053602532,0.5126086612928719,0.7476635514018691,0.4148296593186373,0.514726507713885,0.24435694502054078,0.19657493162323658,0.6339410939691444
face_task_native,face,,task,background,hist_gradient_boosting,20260707,1024,fixed_0_5,2,0.5,715,221,494,0.6071958524923516,0.37830714353039174,0.5665039295070255,0.5315702479338843,0.6289592760180995,0.5040485829959515,0.5426573426573427,0.24366929066258505,0.18589997954126852,0.5370629370629371
face_task_native,face,,task,background,hist_gradient_boosting,20260707,1024,inner_cv,2,0.5,715,221,494,0.6071958524923516,0.37830714353039174,0.5665039295070255,0.5315702479338843,0.6289592760180995,0.5040485829959515,0.5426573426573427,0.24366929066258505,0.18589997954126852,0.5370629370629371
face_task_native,face,,task,background,hist_gradient_boosting,20260707,1024,fixed_0_5,3,0.5,714,217,497,0.539351315264861,0.32391604730678825,0.5347244758875835,0.516835772835541,0.5161290322580645,0.5533199195171026,0.542016806722689,0.2470633170122443,0.1900737270530894,0.4677871148459384
face_task_native,face,,task,background,hist_gradient_boosting,20260707,1024,inner_cv,3,0.5,714,217,497,0.539351315264861,0.32391604730678825,0.5347244758875835,0.516835772835541,0.5161290322580645,0.5533199195171026,0.542016806722689,0.2470633170122443,0.1900737270530894,0.4677871148459384
face_task_native,face,,task,background,hist_gradient_boosting,20260707,1024,fixed_0_5,4,0.5,713,216,497,0.594511513525598,0.35213523094389565,0.5635991877189059,0.5358453022387448,0.5879629629629629,0.5392354124748491,0.5539971949509116,0.24385261635226196,0.1911664173117159,0.4992987377279102
face_task_native,face,,task,background,hist_gradient_boosting,20260707,1024,inner_cv,4,0.5,713,216,497,0.594511513525598,0.35213523094389565,0.5635991877189059,0.5358453022387448,0.5879629629629629,0.5392354124748491,0.5539971949509116,0.24385261635226196,0.1911664173117159,0.4992987377279102
face_task_native,face,,task,face_qc,logistic_regression,20260707,1044,fixed_0_5,0,0.5,712,214,498,0.6460890290132493,0.424822480105096,0.5992474571181924,0.5722283549851046,0.6121495327102804,0.5863453815261044,0.5941011235955056,0.23687448738701053,0.1870053901614152,0.47331460674157305
face_task_native,face,,task,face_qc,logistic_regression,20260707,1044,inner_cv,0,0.45,712,214,498,0.6460890290132493,0.424822480105096,0.588090680478925,0.537554826759468,0.6962616822429907,0.4799196787148594,0.5449438202247191,0.23687448738701053,0.1870053901614152,0.5730337078651685
face_task_native,face,,task,face_qc,logistic_regression,20260707,1044,fixed_0_5,1,0.5,713,214,499,0.6572303485475623,0.4184680429903662,0.6156893225703743,0.5886638411313249,0.6261682242990654,0.6052104208416834,0.6115007012622721,0.23022537203981544,0.17545130579665716,0.4642356241234222
face_task_native,face,,task,face_qc,logistic_regression,20260707,1044,inner_cv,1,0.45,713,214,499,0.6572303485475623,0.4184680429903662,0.6156518644766168,0.5599161048689139,0.7383177570093458,0.49298597194388777,0.5666199158485273,0.23022537203981544,0.17545130579665716,0.576437587657784
face_task_native,face,,task,face_qc,logistic_regression,20260707,1044,fixed_0_5,2,0.5,715,221,494,0.6493304266583619,0.43077787124602657,0.6233627054060491,0.5947516497007519,0.6515837104072398,0.5951417004048583,0.6125874125874126,0.2331767496360142,0.1734227269422909,0.4811188811188811
face_task_native,face,,task,face_qc,logistic_regression,20260707,1044,inner_cv,2,0.5,715,221,494,0.6493304266583619,0.43077787124602657,0.6233627054060491,0.5947516497007519,0.6515837104072398,0.5951417004048583,0.6125874125874126,0.2331767496360142,0.1734227269422909,0.4811188811188811
face_task_native,face,,task,face_qc,logistic_regression,20260707,1044,fixed_0_5,3,0.5,714,217,497,0.6208309766432697,0.39389417715770525,0.5728240410203155,0.5580068242079799,0.5299539170506913,0.6156941649899397,0.5896358543417367,0.23860007882550976,0.17415615693392444,0.42857142857142855
face_task_native,face,,task,face_qc,logistic_regression,20260707,1044,inner_cv,3,0.45,714,217,497,0.6208309766432697,0.39389417715770525,0.5925228792107484,0.548202614379085,0.6820276497695853,0.5030181086519114,0.5574229691876751,0.23860007882550976,0.17415615693392444,0.5532212885154062
face_task_native,face,,task,face_qc,logistic_regression,20260707,1044,fixed_0_5,4,0.5,713,216,497,0.6304400476935689,0.41323210902971624,0.6099839779417244,0.5838749005655561,0.6203703703703703,0.5995975855130785,0.605890603085554,0.23850140389872598,0.18041267572630282,0.4670406732117812
face_task_native,face,,task,face_qc,logistic_regression,20260707,1044,inner_cv,4,0.5,713,216,497,0.6304400476935689,0.41323210902971624,0.6099839779417244,0.5838749005655561,0.6203703703703703,0.5995975855130785,0.605890603085554,0.23850140389872598,0.18041267572630282,0.4670406732117812
face_task_native,face,,task,face_qc,hist_gradient_boosting,20260707,1044,fixed_0_5,0,0.5,712,214,498,0.6276367150846376,0.39816860930359965,0.5938426603610705,0.5570902074839437,0.6495327102803738,0.5381526104417671,0.5716292134831461,0.24172082200074077,0.19416420776847365,0.5182584269662921
face_task_native,face,,task,face_qc,hist_gradient_boosting,20260707,1044,inner_cv,0,0.5,712,214,498,0.6276367150846376,0.39816860930359965,0.5938426603610705,0.5570902074839437,0.6495327102803738,0.5381526104417671,0.5716292134831461,0.24172082200074077,0.19416420776847365,0.5182584269662921
face_task_native,face,,task,face_qc,hist_gradient_boosting,20260707,1044,fixed_0_5,1,0.5,713,214,499,0.628242466240893,0.390391082294821,0.6106605734834154,0.5692279620468738,0.6822429906542056,0.5390781563126252,0.5820476858345021,0.2410836943497421,0.19376279403732155,0.5273492286115007
face_task_native,face,,task,face_qc,hist_gradient_boosting,20260707,1044,inner_cv,1,0.5,713,214,499,0.628242466240893,0.390391082294821,0.6106605734834154,0.5692279620468738,0.6822429906542056,0.5390781563126252,0.5820476858345021,0.2410836943497421,0.19376279403732155,0.5273492286115007
face_task_native,face,,task,face_qc,hist_gradient_boosting,20260707,1044,fixed_0_5,2,0.5,715,221,494,0.6326597907926796,0.42940981283115454,0.591926649202191,0.5524001528033617,0.669683257918552,0.5141700404858299,0.5622377622377622,0.24151262678261284,0.18583807548070663,0.5426573426573427
face_task_native,face,,task,face_qc,hist_gradient_boosting,20260707,1044,inner_cv,2,0.5,715,221,494,0.6326597907926796,0.42940981283115454,0.591926649202191,0.5524001528033617,0.669683257918552,0.5141700404858299,0.5622377622377622,0.24151262678261284,0.18583807548070663,0.5426573426573427
face_task_native,face,,task,face_qc,hist_gradient_boosting,20260707,1044,fixed_0_5,3,0.5,714,217,497,0.6123561646375952,0.39346579741895005,0.5896021289024469,0.5562623382320684,0.6359447004608295,0.5432595573440644,0.5714285714285714,0.24115194199465587,0.18784461980745742,0.511204481792717
face_task_native,face,,task,face_qc,hist_gradient_boosting,20260707,1044,inner_cv,3,0.5,714,217,497,0.6123561646375952,0.39346579741895005,0.5896021289024469,0.5562623382320684,0.6359447004608295,0.5432595573440644,0.5714285714285714,0.24115194199465587,0.18784461980745742,0.511204481792717
face_task_native,face,,task,face_qc,hist_gradient_boosting,20260707,1044,fixed_0_5,4,0.5,713,216,497,0.6174593859453014,0.3856964250247758,0.5803990610328639,0.5566361556064073,0.5833333333333334,0.5774647887323944,0.5792426367461431,0.24195587748535635,0.19042231793236497,0.47124824684431976
face_task_native,face,,task,face_qc,hist_gradient_boosting,20260707,1044,inner_cv,4,0.5,713,216,497,0.6174593859453014,0.3856964250247758,0.5803990610328639,0.5566361556064073,0.5833333333333334,0.5774647887323944,0.5792426367461431,0.24195587748535635,0.19042231793236497,0.47124824684431976
face_task_native,face,,task,face_demographics,logistic_regression,20260707,1028,fixed_0_5,0,0.5,712,214,498,0.6497391434898473,0.42684565890413173,0.6012367225912998,0.5715056821119463,0.6261682242990654,0.5763052208835341,0.5912921348314607,0.23690870014466792,0.1873142306591287,0.4845505617977528
face_task_native,face,,task,face_demographics,logistic_regression,20260707,1028,inner_cv,0,0.45,712,214,498,0.6497391434898473,0.42684565890413173,0.5904083624216492,0.5350057818706898,0.7149532710280374,0.46586345381526106,0.5407303370786517,0.23690870014466792,0.1873142306591287,0.5884831460674157
face_task_native,face,,task,face_demographics,logistic_regression,20260707,1028,fixed_0_5,1,0.5,713,214,499,0.6661079167681156,0.4222597937650142,0.6220291049388497,0.5921052631578947,0.6448598130841121,0.5991983967935872,0.6129032258064516,0.22812304762326263,0.174837491108348,0.4740532959326788
face_task_native,face,,task,face_demographics,logistic_regression,20260707,1028,inner_cv,1,0.5,713,214,499,0.6661079167681156,0.4222597937650142,0.6220291049388497,0.5921052631578947,0.6448598130841121,0.5991983967935872,0.6129032258064516,0.22812304762326263,0.174837491108348,0.4740532959326788
face_task_native,face,,task,face_demographics,logistic_regression,20260707,1028,fixed_0_5,2,0.5,715,221,494,0.647489328961108,0.43893651387852894,0.5933555608478209,0.5658508158508159,0.6199095022624435,0.5668016194331984,0.5832167832167832,0.23253634418373123,0.1724919043989749,0.4909090909090909
face_task_native,face,,task,face_demographics,logistic_regression,20260707,1028,inner_cv,2,0.5,715,221,494,0.647489328961108,0.43893651387852894,0.5933555608478209,0.5658508158508159,0.6199095022624435,0.5668016194331984,0.5832167832167832,0.23253634418373123,0.1724919043989749,0.4909090909090909
face_task_native,face,,task,face_demographics,logistic_regression,20260707,1028,fixed_0_5,3,0.5,714,217,497,0.6280725829632171,0.40587735735373115,0.5964496657363536,0.5753290578937373,0.5852534562211982,0.607645875251509,0.6008403361344538,0.23712549790675896,0.17442972873090867,0.45098039215686275
face_task_native,face,,task,face_demographics,logistic_regression,20260707,1028,inner_cv,3,0.5,714,217,497,0.6280725829632171,0.40587735735373115,0.5964496657363536,0.5753290578937373,0.5852534562211982,0.607645875251509,0.6008403361344538,0.23712549790675896,0.17442972873090867,0.45098039215686275
face_task_native,face,,task,face_demographics,logistic_regression,20260707,1028,fixed_0_5,4,0.5,713,216,497,0.6370910649079664,0.41790233505293695,0.5976088009538714,0.5701484895033282,0.6157407407407407,0.579476861167002,0.5904628330995793,0.2375015097718824,0.18117026008831597,0.4796633941093969
face_task_native,face,,task,face_demographics,logistic_regression,20260707,1028,inner_cv,4,0.5,713,216,497,0.6370910649079664,0.41790233505293695,0.5976088009538714,0.5701484895033282,0.6157407407407407,0.579476861167002,0.5904628330995793,0.2375015097718824,0.18117026008831597,0.4796633941093969
face_task_native,face,,task,face_demographics,hist_gradient_boosting,20260707,1028,fixed_0_5,0,0.5,712,214,498,0.6277493150170776,0.3952429208527767,0.5924539278609766,0.5456322484665108,0.6869158878504673,0.4979919678714859,0.5547752808988764,0.24204062843991855,0.19529920711191207,0.5575842696629213
face_task_native,face,,task,face_demographics,hist_gradient_boosting,20260707,1028,inner_cv,0,0.5,712,214,498,0.6277493150170776,0.3952429208527767,0.5924539278609766,0.5456322484665108,0.6869158878504673,0.4979919678714859,0.5547752808988764,0.24204062843991855,0.19529920711191207,0.5575842696629213
face_task_native,face,,task,face_demographics,hist_gradient_boosting,20260707,1028,fixed_0_5,1,0.5,713,214,499,0.6314076751634108,0.38786243272696075,0.6043114265915007,0.5589267111183652,0.6915887850467289,0.5170340681362725,0.5694249649368864,0.24066539217042796,0.19369306011862186,0.5455820476858345
face_task_native,face,,task,face_demographics,hist_gradient_boosting,20260707,1028,inner_cv,1,0.5,713,214,499,0.6314076751634108,0.38786243272696075,0.6043114265915007,0.5589267111183652,0.6915887850467289,0.5170340681362725,0.5694249649368864,0.24066539217042796,0.19369306011862186,0.5455820476858345
face_task_native,face,,task,face_demographics,hist_gradient_boosting,20260707,1028,fixed_0_5,2,0.5,715,221,494,0.6266830930441314,0.4026606971507425,0.6033579423672303,0.5696390195032883,0.6561085972850679,0.5506072874493927,0.5832167832167832,0.2420305469032048,0.18573388356592813,0.5132867132867133
face_task_native,face,,task,face_demographics,hist_gradient_boosting,20260707,1028,inner_cv,2,0.5,715,221,494,0.6266830930441314,0.4026606971507425,0.6033579423672303,0.5696390195032883,0.6561085972850679,0.5506072874493927,0.5832167832167832,0.2420305469032048,0.18573388356592813,0.5132867132867133
face_task_native,face,,task,face_demographics,hist_gradient_boosting,20260707,1028,fixed_0_5,3,0.5,714,217,497,0.6086611836920137,0.37742239559360746,0.5756149802038035,0.5498968161890779,0.5898617511520737,0.5613682092555332,0.5700280112044818,0.24140629601509792,0.18841954116122675,0.484593837535014
face_task_native,face,,task,face_demographics,hist_gradient_boosting,20260707,1028,inner_cv,3,0.5,714,217,497,0.6086611836920137,0.37742239559360746,0.5756149802038035,0.5498968161890779,0.5898617511520737,0.5613682092555332,0.5700280112044818,0.24140629601509792,0.18841954116122675,0.484593837535014
face_task_native,face,,task,face_demographics,hist_gradient_boosting,20260707,1028,fixed_0_5,4,0.5,713,216,497,0.6123220806319397,0.40203294940276807,0.5746749012594083,0.5383320383320382,0.6342592592592593,0.5150905432595574,0.5511921458625526,0.24210328616578916,0.19033061687701647,0.5301542776998598
face_task_native,face,,task,face_demographics,hist_gradient_boosting,20260707,1028,inner_cv,4,0.5,713,216,497,0.6123220806319397,0.40203294940276807,0.5746749012594083,0.5383320383320382,0.6342592592592593,0.5150905432595574,0.5511921458625526,0.24210328616578916,0.19033061687701647,0.5301542776998598
face_task_native,face,,task,face_qc_demographics,logistic_regression,20260707,1048,fixed_0_5,0,0.5,712,214,498,0.6469992118004729,0.4280904521237531,0.5938989603272904,0.5668839001542572,0.6074766355140186,0.5803212851405622,0.5884831460674157,0.23693282312574782,0.18617829229894559,0.476123595505618
face_task_native,face,,task,face_qc_demographics,logistic_regression,20260707,1048,inner_cv,0,0.4,712,214,498,0.6469992118004729,0.4280904521237531,0.5929793942123635,0.5120388529760882,0.794392523364486,0.39156626506024095,0.5126404494382022,0.23693282312574782,0.18617829229894559,0.6643258426966292
face_task_native,face,,task,face_qc_demographics,logistic_regression,20260707,1048,fixed_0_5,1,0.5,713,214,499,0.6629146142752795,0.4207831856563067,0.6220337872005693,0.5952313369287539,0.6308411214953271,0.6132264529058116,0.6185133239831697,0.2285616660404531,0.17417221794210175,0.4600280504908836
face_task_native,face,,task,face_qc_demographics,logistic_regression,20260707,1048,inner_cv,1,0.45,713,214,499,0.6629146142752795,0.4207831856563067,0.6159889873204352,0.5630707488224551,0.7289719626168224,0.503006012024048,0.5708274894810659,0.2285616660404531,0.17417221794210175,0.5666199158485273
face_task_native,face,,task,face_qc_demographics,logistic_regression,20260707,1048,fixed_0_5,2,0.5,715,221,494,0.6525637972411014,0.4377562266131166,0.617289830912122,0.5874627157795587,0.6515837104072398,0.582995951417004,0.6041958041958042,0.23242964877594557,0.17282295339554676,0.48951048951048953
face_task_native,face,,task,face_qc_demographics,logistic_regression,20260707,1048,inner_cv,2,0.5,715,221,494,0.6525637972411014,0.4377562266131166,0.617289830912122,0.5874627157795587,0.6515837104072398,0.582995951417004,0.6041958041958042,0.23242964877594557,0.17282295339554676,0.48951048951048953
face_task_native,face,,task,face_qc_demographics,logistic_regression,20260707,1048,fixed_0_5,3,0.5,714,217,497,0.6267466550454803,0.3995932188948713,0.5866489258129421,0.5691116573550532,0.5576036866359447,0.6156941649899397,0.5980392156862745,0.23725892525630302,0.17381395485772377,0.4369747899159664
face_task_native,face,,task,face_qc_demographics,logistic_regression,20260707,1048,inner_cv,3,0.45,714,217,497,0.6267466550454803,0.3995932188948713,0.6109560589342506,0.5610188438198658,0.7188940092165899,0.5030181086519114,0.5686274509803921,0.23725892525630302,0.17381395485772377,0.5644257703081232
face_task_native,face,,task,face_qc_demographics,logistic_regression,20260707,1048,fixed_0_5,4,0.5,713,216,497,0.6342033683582979,0.41195002326689467,0.60303953349728,0.5785631035631036,0.6064814814814815,0.5995975855130785,0.6016830294530154,0.2380636931468495,0.1803463072874689,0.4628330995792426
face_task_native,face,,task,face_qc_demographics,logistic_regression,20260707,1048,inner_cv,4,0.5,713,216,497,0.6342033683582979,0.41195002326689467,0.60303953349728,0.5785631035631036,0.6064814814814815,0.5995975855130785,0.6016830294530154,0.2380636931468495,0.1803463072874689,0.4628330995792426
face_task_native,face,,task,face_qc_demographics,hist_gradient_boosting,20260707,1048,fixed_0_5,0,0.5,712,214,498,0.6309208797808055,0.3907604066766258,0.6048680704124911,0.5670266343430386,0.6635514018691588,0.5461847389558233,0.5814606741573034,0.24106406776453354,0.19352453571494,0.5168539325842697
face_task_native,face,,task,face_qc_demographics,hist_gradient_boosting,20260707,1048,inner_cv,0,0.5,712,214,498,0.6309208797808055,0.3907604066766258,0.6048680704124911,0.5670266343430386,0.6635514018691588,0.5461847389558233,0.5814606741573034,0.24106406776453354,0.19352453571494,0.5168539325842697
face_task_native,face,,task,face_qc_demographics,hist_gradient_boosting,20260707,1048,fixed_0_5,1,0.5,713,214,499,0.6226939861030472,0.3827862011901475,0.6089890060494821,0.5659517236497487,0.6869158878504673,0.531062124248497,0.5778401122019635,0.24140004160871217,0.19377660097306118,0.5343618513323983
face_task_native,face,,task,face_qc_demographics,hist_gradient_boosting,20260707,1048,inner_cv,1,0.5,713,214,499,0.6226939861030472,0.3827862011901475,0.6089890060494821,0.5659517236497487,0.6869158878504673,0.531062124248497,0.5778401122019635,0.24140004160871217,0.19377660097306118,0.5343618513323983
face_task_native,face,,task,face_qc_demographics,hist_gradient_boosting,20260707,1048,fixed_0_5,2,0.5,715,221,494,0.6354992947038672,0.4207981609100774,0.593772326744463,0.5601987701901183,0.6470588235294118,0.5404858299595142,0.5734265734265734,0.2413837650248753,0.18586096164584054,0.5174825174825175
face_task_native,face,,task,face_qc_demographics,hist_gradient_boosting,20260707,1048,inner_cv,2,0.5,715,221,494,0.6354992947038672,0.4207981609100774,0.593772326744463,0.5601987701901183,0.6470588235294118,0.5404858299595142,0.5734265734265734,0.2413837650248753,0.18586096164584054,0.5174825174825175
face_task_native,face,,task,face_qc_demographics,hist_gradient_boosting,20260707,1048,fixed_0_5,3,0.5,714,217,497,0.6040343443147362,0.3812781169789885,0.5831440254429805,0.5462184873949579,0.6451612903225806,0.5211267605633803,0.5588235294117647,0.24192073967188357,0.18822795291789426,0.5294117647058824
face_task_native,face,,task,face_qc_demographics,hist_gradient_boosting,20260707,1048,inner_cv,3,0.5,714,217,497,0.6040343443147362,0.3812781169789885,0.5831440254429805,0.5462184873949579,0.6451612903225806,0.5211267605633803,0.5588235294117647,0.24192073967188357,0.18822795291789426,0.5294117647058824
face_task_native,face,,task,face_qc_demographics,hist_gradient_boosting,20260707,1048,fixed_0_5,4,0.5,713,216,497,0.6325825322304195,0.4212609565780439,0.5904780535062225,0.5469775447175397,0.6759259259259259,0.5050301810865191,0.5568022440392707,0.24083744696558862,0.18987281992493535,0.5497896213183731
face_task_native,face,,task,face_qc_demographics,hist_gradient_boosting,20260707,1048,inner_cv,4,0.5,713,216,497,0.6325825322304195,0.4212609565780439,0.5904780535062225,0.5469775447175397,0.6759259259259259,0.5050301810865191,0.5568022440392707,0.24083744696558862,0.18987281992493535,0.5497896213183731
face_two_video_native,face,,two_video,no_information,no_information_prior,20260707,0,fixed_0_5,0,0.5,712,214,498,0.5,0.300561797752809,0.5,0.4115702479338843,0.0,1.0,0.699438202247191,0.21023641818811722,0.003466223262952761,0.0
face_two_video_native,face,,two_video,no_information,no_information_prior,20260707,0,inner_cv,0,0.5,712,214,498,0.5,0.300561797752809,0.5,0.4115702479338843,0.0,1.0,0.699438202247191,0.21023641818811722,0.003466223262952761,0.0
face_two_video_native,face,,two_video,no_information,no_information_prior,20260707,0,fixed_0_5,1,0.5,713,214,499,0.5,0.30014025245441794,0.5,0.41171617161716173,0.0,1.0,0.699859747545582,0.21007203570794408,0.003994295548385152,0.0
face_two_video_native,face,,two_video,no_information,no_information_prior,20260707,0,inner_cv,1,0.5,713,214,499,0.5,0.30014025245441794,0.5,0.41171617161716173,0.0,1.0,0.699859747545582,0.21007203570794408,0.003994295548385152,0.0
face_two_video_native,face,,two_video,no_information,no_information_prior,20260707,0,fixed_0_5,2,0.5,715,221,494,0.5,0.3090909090909091,0.5,0.40860215053763443,0.0,1.0,0.6909090909090909,0.21360552302827993,0.007197500956266811,0.0
face_two_video_native,face,,two_video,no_information,no_information_prior,20260707,0,inner_cv,2,0.5,715,221,494,0.5,0.3090909090909091,0.5,0.40860215053763443,0.0,1.0,0.6909090909090909,0.21360552302827993,0.007197500956266811,0.0
face_two_video_native,face,,two_video,no_information,no_information_prior,20260707,0,fixed_0_5,3,0.5,714,217,497,0.5,0.30392156862745096,0.5,0.41040462427745666,0.0,1.0,0.696078431372549,0.21155378449201845,0.0007319436712645011,0.0
face_two_video_native,face,,two_video,no_information,no_information_prior,20260707,0,inner_cv,3,0.5,714,217,497,0.5,0.30392156862745096,0.5,0.41040462427745666,0.0,1.0,0.696078431372549,0.21155378449201845,0.0007319436712645011,0.0
face_two_video_native,face,,two_video,no_information,no_information_prior,20260707,0,fixed_0_5,4,0.5,713,216,497,0.5,0.302945301542777,0.5,0.41074380165289254,0.0,1.0,0.697054698457223,0.21116968442435655,0.0004884756120933642,0.0
face_two_video_native,face,,two_video,no_information,no_information_prior,20260707,0,inner_cv,4,0.5,713,216,497,0.5,0.302945301542777,0.5,0.41074380165289254,0.0,1.0,0.697054698457223,0.21116968442435655,0.0004884756120933642,0.0
face_two_video_native,face,,two_video,demographics,logistic_regression,20260707,4,fixed_0_5,0,0.5,712,214,498,0.6730379461772323,0.4132542493944305,0.6212607439102203,0.5858210259098243,0.6682242990654206,0.5742971887550201,0.6025280898876404,0.2275775393648504,0.18015556279234363,0.49859550561797755
face_two_video_native,face,,two_video,demographics,logistic_regression,20260707,4,inner_cv,0,0.5,712,214,498,0.6730379461772323,0.4132542493944305,0.6212607439102203,0.5858210259098243,0.6682242990654206,0.5742971887550201,0.6025280898876404,0.2275775393648504,0.18015556279234363,0.49859550561797755
face_two_video_native,face,,two_video,demographics,logistic_regression,20260707,4,fixed_0_5,1,0.5,713,214,499,0.6690249658194894,0.42245584586396534,0.6233682317906841,0.5958049886621315,0.6355140186915887,0.6112224448897795,0.6185133239831697,0.22617594189688514,0.176344064783329,0.4628330995792426
face_two_video_native,face,,two_video,demographics,logistic_regression,20260707,4,inner_cv,1,0.45,713,214,499,0.6690249658194894,0.42245584586396534,0.6116344839211132,0.5461327495225801,0.7663551401869159,0.45691382765531063,0.5497896213183731,0.22617594189688514,0.176344064783329,0.6100981767180925
face_two_video_native,face,,two_video,demographics,logistic_regression,20260707,4,fixed_0_5,2,0.5,715,221,494,0.675742392877425,0.453727905477725,0.6151464634436771,0.5935342252024964,0.6108597285067874,0.6194331983805668,0.6167832167832168,0.2270824511474524,0.1726133399049424,0.45174825174825173
face_two_video_native,face,,two_video,demographics,logistic_regression,20260707,4,inner_cv,2,0.55,715,221,494,0.675742392877425,0.453727905477725,0.6088354370088116,0.6002782255967549,0.5294117647058824,0.6882591093117408,0.6391608391608392,0.2270824511474524,0.1726133399049424,0.37902097902097903
face_two_video_native,face,,two_video,demographics,logistic_regression,20260707,4,fixed_0_5,3,0.5,714,217,497,0.6633116672384538,0.4374433499396106,0.6110209644966573,0.5809446414499606,0.6405529953917051,0.5814889336016097,0.5994397759103641,0.22845037377015212,0.17650866056921052,0.48599439775910364
face_two_video_native,face,,two_video,demographics,logistic_regression,20260707,4,inner_cv,3,0.45,714,217,497,0.6633116672384538,0.4374433499396106,0.6157590705523464,0.5490466979828683,0.7788018433179723,0.45271629778672035,0.5518207282913166,0.22845037377015212,0.17650866056921052,0.6176470588235294
face_two_video_native,face,,two_video,demographics,logistic_regression,20260707,4,fixed_0_5,4,0.5,713,216,497,0.670360123705194,0.4352366013259368,0.6292057902973396,0.599760962282168,0.6527777777777778,0.6056338028169014,0.6199158485273493,0.23019458705386453,0.1836893204753107,0.4726507713884993
face_two_video_native,face,,two_video,demographics,logistic_regression,20260707,4,inner_cv,4,0.55,713,216,497,0.670360123705194,0.4352366013259368,0.6140966167374619,0.6003432158810645,0.5601851851851852,0.6680080482897385,0.635343618513324,0.23019458705386453,0.1836893204753107,0.4011220196353436
face_two_video_native,face,,two_video,demographics,hist_gradient_boosting,20260707,4,fixed_0_5,0,0.5,712,214,498,0.6766411440153137,0.4187572840898127,0.630418871748677,0.5506179972023434,0.8271028037383178,0.43373493975903615,0.5519662921348315,0.23368672421847536,0.19087081829218205,0.6446629213483146
face_two_video_native,face,,two_video,demographics,hist_gradient_boosting,20260707,4,inner_cv,0,0.5,712,214,498,0.6766411440153137,0.4187572840898127,0.630418871748677,0.5506179972023434,0.8271028037383178,0.43373493975903615,0.5519662921348315,0.23368672421847536,0.19087081829218205,0.6446629213483146
face_two_video_native,face,,two_video,demographics,hist_gradient_boosting,20260707,4,fixed_0_5,1,0.5,713,214,499,0.675580132227071,0.4211453738589832,0.6233073623883281,0.544218384999053,0.8177570093457944,0.4288577154308617,0.5455820476858345,0.2341300359154918,0.19128718731208294,0.6451612903225806
face_two_video_native,face,,two_video,demographics,hist_gradient_boosting,20260707,4,inner_cv,1,0.45,713,214,499,0.675580132227071,0.4211453738589832,0.6129314704174704,0.5045930970681731,0.883177570093458,0.342685370741483,0.5049088359046283,0.2341300359154918,0.19128718731208294,0.7251051893408135
face_two_video_native,face,,two_video,demographics,hist_gradient_boosting,20260707,4,fixed_0_5,2,0.5,715,221,494,0.6570886841189295,0.40812856679357234,0.6141938556799238,0.5590398026471843,0.746606334841629,0.4817813765182186,0.5636363636363636,0.23492343595758888,0.18271912191606757,0.5888111888111888
face_two_video_native,face,,two_video,demographics,hist_gradient_boosting,20260707,4,inner_cv,2,0.5,715,221,494,0.6570886841189295,0.40812856679357234,0.6141938556799238,0.5590398026471843,0.746606334841629,0.4817813765182186,0.5636363636363636,0.23492343595758888,0.18271912191606757,0.5888111888111888
face_two_video_native,face,,two_video,demographics,hist_gradient_boosting,20260707,4,fixed_0_5,3,0.5,714,217,497,0.6602703780285399,0.4073784727986484,0.6155968066463295,0.5546645282010159,0.7603686635944701,0.4708249496981891,0.5588235294117647,0.23478078941188357,0.1877031765159498,0.5994397759103641
face_two_video_native,face,,two_video,demographics,hist_gradient_boosting,20260707,4,inner_cv,3,0.5,714,217,497,0.6602703780285399,0.4073784727986484,0.6155968066463295,0.5546645282010159,0.7603686635944701,0.4708249496981891,0.5588235294117647,0.23478078941188357,0.1877031765159498,0.5994397759103641
face_two_video_native,face,,two_video,demographics,hist_gradient_boosting,20260707,4,fixed_0_5,4,0.5,713,216,497,0.6685436694239512,0.4132822249437996,0.6266254937029585,0.5460702283456031,0.8287037037037037,0.4245472837022133,0.5469845722300141,0.23511924800887493,0.19061994189922954,0.6521739130434783
face_two_video_native,face,,two_video,demographics,hist_gradient_boosting,20260707,4,inner_cv,4,0.5,713,216,497,0.6685436694239512,0.4132822249437996,0.6266254937029585,0.5460702283456031,0.8287037037037037,0.4245472837022133,0.5469845722300141,0.23511924800887493,0.19061994189922954,0.6521739130434783
face_two_video_native,face,,two_video,qc,logistic_regression,20260707,40,fixed_0_5,0,0.5,712,214,498,0.5388563600195173,0.3330904001779612,0.5229985362008782,0.4909331016225828,0.5700934579439252,0.4759036144578313,0.5042134831460674,0.25236695319942887,0.20372575157056436,0.5379213483146067
face_two_video_native,face,,two_video,qc,logistic_regression,20260707,40,inner_cv,0,0.5,712,214,498,0.5388563600195173,0.3330904001779612,0.5229985362008782,0.4909331016225828,0.5700934579439252,0.4759036144578313,0.5042134831460674,0.25236695319942887,0.20372575157056436,0.5379213483146067
face_two_video_native,face,,two_video,qc,logistic_regression,20260707,40,fixed_0_5,1,0.5,713,214,499,0.5611784316296143,0.3447152717355781,0.5435450339932201,0.5014815096773935,0.6261682242990654,0.46092184368737477,0.5105189340813464,0.2504654928066753,0.1999115876821054,0.5652173913043478
face_two_video_native,face,,two_video,qc,logistic_regression,20260707,40,inner_cv,1,0.5,713,214,499,0.5611784316296143,0.3447152717355781,0.5435450339932201,0.5014815096773935,0.6261682242990654,0.46092184368737477,0.5105189340813464,0.2504654928066753,0.1999115876821054,0.5652173913043478
face_two_video_native,face,,two_video,qc,logistic_regression,20260707,40,fixed_0_5,2,0.5,715,221,494,0.6163921812885853,0.3872777719447943,0.5791855203619909,0.5489542726816881,0.6199095022624435,0.5384615384615384,0.5636363636363636,0.24211116644628028,0.18735640594322392,0.5104895104895105
face_two_video_native,face,,two_video,qc,logistic_regression,20260707,40,inner_cv,2,0.5,715,221,494,0.6163921812885853,0.3872777719447943,0.5791855203619909,0.5489542726816881,0.6199095022624435,0.5384615384615384,0.5636363636363636,0.24211116644628028,0.18735640594322392,0.5104895104895105
face_two_video_native,face,,two_video,qc,logistic_regression,20260707,40,fixed_0_5,3,0.5,714,217,497,0.549156691299873,0.3712807272326975,0.5134354514181866,0.4958488670587582,0.4976958525345622,0.5291750503018109,0.5196078431372549,0.24525521446820625,0.19000319514714373,0.4789915966386555
face_two_video_native,face,,two_video,qc,logistic_regression,20260707,40,inner_cv,3,0.5,714,217,497,0.549156691299873,0.3712807272326975,0.5134354514181866,0.4958488670587582,0.4976958525345622,0.5291750503018109,0.5196078431372549,0.24525521446820625,0.19000319514714373,0.4789915966386555
face_two_video_native,face,,two_video,qc,logistic_regression,20260707,40,fixed_0_5,4,0.5,713,216,497,0.567059766003428,0.3710123592835407,0.5544377375363291,0.5318740399385561,0.5555555555555556,0.5533199195171026,0.5539971949509116,0.24798901128997888,0.19708691193518463,0.4796633941093969
face_two_video_native,face,,two_video,qc,logistic_regression,20260707,40,inner_cv,4,0.5,713,216,497,0.567059766003428,0.3710123592835407,0.5544377375363291,0.5318740399385561,0.5555555555555556,0.5533199195171026,0.5539971949509116,0.24798901128997888,0.19708691193518463,0.4796633941093969
face_two_video_native,face,,two_video,qc,hist_gradient_boosting,20260707,40,fixed_0_5,0,0.5,712,214,498,0.5253162181436024,0.3162420005100127,0.5266861839882896,0.496451652237532,0.5654205607476636,0.4879518072289157,0.5112359550561798,0.2492882135534024,0.19789562255182602,0.5280898876404494
face_two_video_native,face,,two_video,qc,hist_gradient_boosting,20260707,40,inner_cv,0,0.5,712,214,498,0.5253162181436024,0.3162420005100127,0.5266861839882896,0.496451652237532,0.5654205607476636,0.4879518072289157,0.5112359550561798,0.2492882135534024,0.19789562255182602,0.5280898876404494
face_two_video_native,face,,two_video,qc,hist_gradient_boosting,20260707,40,fixed_0_5,1,0.5,713,214,499,0.5470005431423595,0.32444086556842305,0.5355664600228494,0.5173853731685221,0.514018691588785,0.5571142284569138,0.544179523141655,0.24846146968553645,0.19776413996780484,0.4642356241234222
face_two_video_native,face,,two_video,qc,hist_gradient_boosting,20260707,40,inner_cv,1,0.5,713,214,499,0.5470005431423595,0.32444086556842305,0.5355664600228494,0.5173853731685221,0.514018691588785,0.5571142284569138,0.544179523141655,0.24846146968553645,0.19776413996780484,0.4642356241234222
face_two_video_native,face,,two_video,qc,hist_gradient_boosting,20260707,40,fixed_0_5,2,0.5,715,221,494,0.5946699763679998,0.35981449115632963,0.5730531078828293,0.5538636363636364,0.5610859728506787,0.5850202429149798,0.5776223776223777,0.24659208308334288,0.18927379630426233,0.46013986013986014
face_two_video_native,face,,two_video,qc,hist_gradient_boosting,20260707,40,inner_cv,2,0.5,715,221,494,0.5946699763679998,0.35981449115632963,0.5730531078828293,0.5538636363636364,0.5610859728506787,0.5850202429149798,0.5776223776223777,0.24659208308334288,0.18927379630426233,0.46013986013986014
face_two_video_native,face,,two_video,qc,hist_gradient_boosting,20260707,40,fixed_0_5,3,0.5,714,217,497,0.547306882771282,0.34506638508570064,0.5282988252093204,0.523849088782237,0.4147465437788018,0.641851106639839,0.572829131652661,0.2461986663593868,0.18821217042371846,0.3753501400560224
face_two_video_native,face,,two_video,qc,hist_gradient_boosting,20260707,40,inner_cv,3,0.5,714,217,497,0.547306882771282,0.34506638508570064,0.5282988252093204,0.523849088782237,0.4147465437788018,0.641851106639839,0.572829131652661,0.2461986663593868,0.18821217042371846,0.3753501400560224
face_two_video_native,face,,two_video,qc,hist_gradient_boosting,20260707,40,fixed_0_5,4,0.5,713,216,497,0.5632591847380579,0.3747832780770304,0.5655041359266711,0.5447481661269558,0.5555555555555556,0.5754527162977867,0.5694249649368864,0.24686120796580996,0.1930914519192698,0.4642356241234222
face_two_video_native,face,,two_video,qc,hist_gradient_boosting,20260707,40,inner_cv,4,0.5,713,216,497,0.5632591847380579,0.3747832780770304,0.5655041359266711,0.5447481661269558,0.5555555555555556,0.5754527162977867,0.5694249649368864,0.24686120796580996,0.1930914519192698,0.4642356241234222
face_two_video_native,face,,two_video,metadata,logistic_regression,20260707,12,fixed_0_5,0,0.5,712,214,498,0.5311620313027813,0.31948427891313325,0.5081259617910896,0.4998629385964912,0.42990654205607476,0.5863453815261044,0.5393258426966292,0.25006269002295034,0.19982688875623147,0.41853932584269665
face_two_video_native,face,,two_video,metadata,logistic_regression,20260707,12,inner_cv,0,0.5,712,214,498,0.5311620313027813,0.31948427891313325,0.5081259617910896,0.4998629385964912,0.42990654205607476,0.5863453815261044,0.5393258426966292,0.25006269002295034,0.19982688875623147,0.41853932584269665
face_two_video_native,face,,two_video,metadata,logistic_regression,20260707,12,fixed_0_5,1,0.5,713,214,499,0.5510553817916207,0.3374823543051374,0.5295684827599123,0.5176148715284037,0.4719626168224299,0.5871743486973948,0.5525946704067322,0.24915689384152617,0.20061896562888282,0.4305750350631136
face_two_video_native,face,,two_video,metadata,logistic_regression,20260707,12,inner_cv,1,0.5,713,214,499,0.5510553817916207,0.3374823543051374,0.5295684827599123,0.5176148715284037,0.4719626168224299,0.5871743486973948,0.5525946704067322,0.24915689384152617,0.20061896562888282,0.4305750350631136
face_two_video_native,face,,two_video,metadata,logistic_regression,20260707,12,fixed_0_5,2,0.5,715,221,494,0.5902595856156229,0.373907309597871,0.5730531078828293,0.5658942364824718,0.4841628959276018,0.6619433198380567,0.606993006993007,0.24648996390749328,0.1884928494034616,0.3832167832167832
face_two_video_native,face,,two_video,metadata,logistic_regression,20260707,12,inner_cv,2,0.5,715,221,494,0.5902595856156229,0.373907309597871,0.5730531078828293,0.5658942364824718,0.4841628959276018,0.6619433198380567,0.606993006993007,0.24648996390749328,0.1884928494034616,0.3832167832167832
face_two_video_native,face,,two_video,metadata,logistic_regression,20260707,12,fixed_0_5,3,0.5,714,217,497,0.5571586199222988,0.33483207397021353,0.5417018238463036,0.534421557196528,0.45161290322580644,0.6317907444668008,0.5770308123249299,0.24870597125193272,0.19546157000235762,0.39355742296918766
face_two_video_native,face,,two_video,metadata,logistic_regression,20260707,12,inner_cv,3,0.5,714,217,497,0.5571586199222988,0.33483207397021353,0.5417018238463036,0.534421557196528,0.45161290322580644,0.6317907444668008,0.5770308123249299,0.24870597125193272,0.19546157000235762,0.39355742296918766
face_two_video_native,face,,two_video,metadata,logistic_regression,20260707,12,fixed_0_5,4,0.5,713,216,497,0.5534875922199866,0.34147883457061745,0.5443587450629704,0.5357832738310826,0.46296296296296297,0.6257545271629779,0.576437587657784,0.24991344033781607,0.2000114047383218,0.4011220196353436
face_two_video_native,face,,two_video,metadata,logistic_regression,20260707,12,inner_cv,4,0.5,713,216,497,0.5534875922199866,0.34147883457061745,0.5443587450629704,0.5357832738310826,0.46296296296296297,0.6257545271629779,0.576437587657784,0.24991344033781607,0.2000114047383218,0.4011220196353436
face_two_video_native,face,,two_video,metadata,hist_gradient_boosting,20260707,12,fixed_0_5,0,0.5,712,214,498,0.5374488608640169,0.32202924278553285,0.514966407686822,0.48126217217126305,0.5700934579439252,0.4598393574297189,0.49297752808988765,0.24803969026796613,0.19755345521631912,0.5491573033707865
face_two_video_native,face,,two_video,metadata,hist_gradient_boosting,20260707,12,inner_cv,0,0.5,712,214,498,0.5374488608640169,0.32202924278553285,0.514966407686822,0.48126217217126305,0.5700934579439252,0.4598393574297189,0.49297752808988765,0.24803969026796613,0.19755345521631912,0.5491573033707865
face_two_video_native,face,,two_video,metadata,hist_gradient_boosting,20260707,12,fixed_0_5,1,0.5,713,214,499,0.5555784466128519,0.33817426259132416,0.5455724533178506,0.5207239986432735,0.5560747663551402,0.5350701402805611,0.541374474053296,0.24773434528703342,0.19857043064924654,0.49228611500701264
face_two_video_native,face,,two_video,metadata,hist_gradient_boosting,20260707,12,inner_cv,1,0.45,713,214,499,0.5555784466128519,0.33817426259132416,0.5247270241417414,0.3104491767069526,0.9672897196261683,0.08216432865731463,0.34782608695652173,0.24773434528703342,0.19857043064924654,0.9326788218793829
face_two_video_native,face,,two_video,metadata,hist_gradient_boosting,20260707,12,fixed_0_5,2,0.5,715,221,494,0.572205836554491,0.34813862333778955,0.5635270302452965,0.48661286378087554,0.7647058823529411,0.3623481781376518,0.48671328671328673,0.2468875494835374,0.1894453956104329,0.676923076923077
face_two_video_native,face,,two_video,metadata,hist_gradient_boosting,20260707,12,inner_cv,2,0.5,715,221,494,0.572205836554491,0.34813862333778955,0.5635270302452965,0.48661286378087554,0.7647058823529411,0.3623481781376518,0.48671328671328673,0.2468875494835374,0.1894453956104329,0.676923076923077
face_two_video_native,face,,two_video,metadata,hist_gradient_boosting,20260707,12,fixed_0_5,3,0.5,714,217,497,0.5410991293382414,0.32322222282934127,0.5322905172973323,0.5123271889400921,0.5253456221198156,0.5392354124748491,0.5350140056022409,0.246778281215632,0.19079906185964562,0.4803921568627451
face_two_video_native,face,,two_video,metadata,hist_gradient_boosting,20260707,12,inner_cv,3,0.5,714,217,497,0.5410991293382414,0.32322222282934127,0.5322905172973323,0.5123271889400921,0.5253456221198156,0.5392354124748491,0.5350140056022409,0.246778281215632,0.19079906185964562,0.4803921568627451
face_two_video_native,face,,two_video,metadata,hist_gradient_boosting,20260707,12,fixed_0_5,4,0.5,713,216,497,0.5735337953647813,0.35587618734477466,0.5535667709963484,0.48423459381683065,0.7268518518518519,0.38028169014084506,0.485273492286115,0.24762609167787483,0.1944706560779612,0.6521739130434783
face_two_video_native,face,,two_video,metadata,hist_gradient_boosting,20260707,12,inner_cv,4,0.5,713,216,497,0.5735337953647813,0.35587618734477466,0.5535667709963484,0.48423459381683065,0.7268518518518519,0.38028169014084506,0.485273492286115,0.24762609167787483,0.1944706560779612,0.6521739130434783
face_two_video_native,face,,two_video,full_frame,logistic_regression,20260707,2048,fixed_0_5,0,0.5,712,214,498,0.6529200915812784,0.4166636185143249,0.6152554141800848,0.5818970401887357,0.6542056074766355,0.5763052208835341,0.5997191011235955,0.23471651219414627,0.1850876525625641,0.49297752808988765
face_two_video_native,face,,two_video,full_frame,logistic_regression,20260707,2048,inner_cv,0,0.5,712,214,498,0.6529200915812784,0.4166636185143249,0.6152554141800848,0.5818970401887357,0.6542056074766355,0.5763052208835341,0.5997191011235955,0.23471651219414627,0.1850876525625641,0.49297752808988765
face_two_video_native,face,,two_video,full_frame,logistic_regression,20260707,2048,fixed_0_5,1,0.5,713,214,499,0.6611728129155507,0.4022191260913118,0.6173608900043077,0.5916687567929102,0.6214953271028038,0.6132264529058116,0.6157082748948106,0.23131082716130663,0.17790628321646026,0.45722300140252453
face_two_video_native,face,,two_video,full_frame,logistic_regression,20260707,2048,inner_cv,1,0.55,713,214,499,0.6611728129155507,0.4022191260913118,0.601708089075347,0.59679668719148,0.48598130841121495,0.717434869739479,0.6479663394109397,0.23131082716130663,0.17790628321646026,0.3436185133239832
face_two_video_native,face,,two_video,full_frame,logistic_regression,20260707,2048,fixed_0_5,2,0.5,715,221,494,0.6368366094491362,0.424590548906613,0.5825791855203619,0.5597290640394088,0.5882352941176471,0.5769230769230769,0.5804195804195804,0.23505019750385112,0.1704358137997487,0.47412587412587415
face_two_video_native,face,,two_video,full_frame,logistic_regression,20260707,2048,inner_cv,2,0.45,715,221,494,0.6368366094491362,0.424590548906613,0.6029411764705883,0.5564516129032258,0.7058823529411765,0.5,0.5636363636363636,0.23505019750385112,0.1704358137997487,0.5636363636363636
face_two_video_native,face,,two_video,full_frame,logistic_regression,20260707,2048,fixed_0_5,3,0.5,714,217,497,0.6443175180112936,0.3990648656639383,0.6141688842733822,0.5877589621440854,0.6267281105990783,0.6016096579476862,0.6092436974789915,0.23418664257127128,0.17362537701000202,0.4677871148459384
face_two_video_native,face,,two_video,full_frame,logistic_regression,20260707,2048,inner_cv,3,0.5,714,217,497,0.6443175180112936,0.3990648656639383,0.6141688842733822,0.5877589621440854,0.6267281105990783,0.6016096579476862,0.6092436974789915,0.23418664257127128,0.17362537701000202,0.4677871148459384
face_two_video_native,face,,two_video,full_frame,logistic_regression,20260707,2048,fixed_0_5,4,0.5,713,216,497,0.6271424845368507,0.4228712201121648,0.5963978314330427,0.5726273726273726,0.5972222222222222,0.5955734406438632,0.5960729312762973,0.238336313855905,0.17851837085164457,0.4628330995792426
face_two_video_native,face,,two_video,full_frame,logistic_regression,20260707,2048,inner_cv,4,0.45,713,216,497,0.6271424845368507,0.4228712201121648,0.5788061703554661,0.5350332785546452,0.6666666666666666,0.4909456740442656,0.544179523141655,0.238336313855905,0.17851837085164457,0.5568022440392707
face_two_video_native,face,,two_video,full_frame,hist_gradient_boosting,20260707,2048,fixed_0_5,0,0.5,712,214,498,0.5692348834590699,0.3333812980408605,0.5570787824193972,0.5217529825501286,0.6121495327102804,0.5020080321285141,0.5351123595505618,0.244356176951426,0.19457885886194828,0.5323033707865169
face_two_video_native,face,,two_video,full_frame,hist_gradient_boosting,20260707,2048,inner_cv,0,0.5,712,214,498,0.5692348834590699,0.3333812980408605,0.5570787824193972,0.5217529825501286,0.6121495327102804,0.5020080321285141,0.5351123595505618,0.244356176951426,0.19457885886194828,0.5323033707865169
face_two_video_native,face,,two_video,full_frame,hist_gradient_boosting,20260707,2048,fixed_0_5,1,0.5,713,214,499,0.6401775513644112,0.40743301669008736,0.6153475174648362,0.5829791090022407,0.6495327102803738,0.5811623246492986,0.6016830294530154,0.24275522440841515,0.1954509545386736,0.48807854137447404
face_two_video_native,face,,two_video,full_frame,hist_gradient_boosting,20260707,2048,inner_cv,1,0.5,713,214,499,0.6401775513644112,0.40743301669008736,0.6153475174648362,0.5829791090022407,0.6495327102803738,0.5811623246492986,0.6016830294530154,0.24275522440841515,0.1954509545386736,0.48807854137447404
face_two_video_native,face,,two_video,full_frame,hist_gradient_boosting,20260707,2048,fixed_0_5,2,0.5,715,221,494,0.6049196695183835,0.4031039632432235,0.5851393188854489,0.5475263545772052,0.6561085972850679,0.5141700404858299,0.558041958041958,0.24286364811874556,0.1846831792695917,0.5384615384615384
face_two_video_native,face,,two_video,full_frame,hist_gradient_boosting,20260707,2048,inner_cv,2,0.5,715,221,494,0.6049196695183835,0.4031039632432235,0.5851393188854489,0.5475263545772052,0.6561085972850679,0.5141700404858299,0.558041958041958,0.24286364811874556,0.1846831792695917,0.5384615384615384
face_two_video_native,face,,two_video,full_frame,hist_gradient_boosting,20260707,2048,fixed_0_5,3,0.5,714,217,497,0.5917625569082698,0.3524998352811023,0.5599402868825858,0.533363832429253,0.5806451612903226,0.5392354124748491,0.5518207282913166,0.24383206697747734,0.19054885298095303,0.49719887955182074
face_two_video_native,face,,two_video,full_frame,hist_gradient_boosting,20260707,2048,inner_cv,3,0.5,714,217,497,0.5917625569082698,0.3524998352811023,0.5599402868825858,0.533363832429253,0.5806451612903226,0.5392354124748491,0.5518207282913166,0.24383206697747734,0.19054885298095303,0.49719887955182074
face_two_video_native,face,,two_video,full_frame,hist_gradient_boosting,20260707,2048,fixed_0_5,4,0.5,713,216,497,0.5998444369923244,0.3738949863551392,0.5753688799463448,0.5507227812979694,0.5833333333333334,0.5674044265593562,0.5722300140252454,0.2440687410893271,0.19119558517938065,0.4782608695652174
face_two_video_native,face,,two_video,full_frame,hist_gradient_boosting,20260707,2048,inner_cv,4,0.5,713,216,497,0.5998444369923244,0.3738949863551392,0.5753688799463448,0.5507227812979694,0.5833333333333334,0.5674044265593562,0.5722300140252454,0.2440687410893271,0.19119558517938065,0.4782608695652174
face_two_video_native,face,,two_video,face_crop,logistic_regression,20260707,2048,fixed_0_5,0,0.5,712,214,498,0.6418196149082309,0.4167873877149991,0.6052715535037345,0.5793885879491916,0.6121495327102804,0.5983935742971888,0.6025280898876404,0.23722119763741745,0.18666712422751802,0.4648876404494382
face_two_video_native,face,,two_video,face_crop,logistic_regression,20260707,2048,inner_cv,0,0.45,712,214,498,0.6418196149082309,0.4167873877149991,0.5703843411027286,0.5220260388799715,0.6728971962616822,0.4678714859437751,0.5294943820224719,0.23722119763741745,0.18666712422751802,0.574438202247191
face_two_video_native,face,,two_video,face_crop,logistic_regression,20260707,2048,fixed_0_5,1,0.5,713,214,499,0.6567808514224711,0.4132382905769497,0.6096819807839979,0.5845170588051004,0.6121495327102804,0.6072144288577155,0.6086956521739131,0.23117000584470904,0.17694019789737486,0.4586255259467041
face_two_video_native,face,,two_video,face_crop,logistic_regression,20260707,2048,inner_cv,1,0.45,713,214,499,0.6567808514224711,0.4132382905769497,0.6059736295019946,0.5545035086032875,0.7149532710280374,0.4969939879759519,0.5624123422159888,0.23117000584470904,0.17694019789737486,0.5666199158485273
face_two_video_native,face,,two_video,face_crop,logistic_regression,20260707,2048,fixed_0_5,2,0.5,715,221,494,0.6494678220089032,0.4317084187013358,0.6165158371040724,0.5855072463768116,0.6561085972850679,0.5769230769230769,0.6013986013986014,0.23305233039300569,0.17000594405811423,0.4951048951048951
face_two_video_native,face,,two_video,face_crop,logistic_regression,20260707,2048,inner_cv,2,0.4,715,221,494,0.6494678220089032,0.4317084187013358,0.5925220290545368,0.5144421677244608,0.7963800904977375,0.38866396761133604,0.5146853146853146,0.23305233039300569,0.17000594405811423,0.6685314685314685
face_two_video_native,face,,two_video,face_crop,logistic_regression,20260707,2048,fixed_0_5,3,0.5,714,217,497,0.6217211100705617,0.4020758729069205,0.593139482053612,0.5723489109315881,0.5806451612903226,0.6056338028169014,0.5980392156862745,0.23907895950253732,0.17281214531055508,0.45098039215686275
face_two_video_native,face,,two_video,face_crop,logistic_regression,20260707,2048,inner_cv,3,0.45,714,217,497,0.6217211100705617,0.4020758729069205,0.5921009930551049,0.5451693488640516,0.6912442396313364,0.49295774647887325,0.5532212885154062,0.23907895950253732,0.17281214531055508,0.5630252100840336
face_two_video_native,face,,two_video,face_crop,logistic_regression,20260707,2048,fixed_0_5,4,0.5,713,216,497,0.6537838139950817,0.44267307884438334,0.6146136075713541,0.5873953850142598,0.6296296296296297,0.5995975855130785,0.6086956521739131,0.23348467108336776,0.18154085182429852,0.46984572230014027
face_two_video_native,face,,two_video,face_crop,logistic_regression,20260707,2048,inner_cv,4,0.4,713,216,497,0.6537838139950817,0.44267307884438334,0.5992575825322304,0.5158204489759766,0.8101851851851852,0.38832997987927564,0.5161290322580645,0.23348467108336776,0.18154085182429852,0.6718092566619915
face_two_video_native,face,,two_video,face_crop,hist_gradient_boosting,20260707,2048,fixed_0_5,0,0.5,712,214,498,0.6439777802799985,0.40278233080337356,0.6089216679803325,0.5786005777810889,0.6355140186915887,0.5823293172690763,0.598314606741573,0.2410882818808994,0.19571786599027124,0.48314606741573035
face_two_video_native,face,,two_video,face_crop,hist_gradient_boosting,20260707,2048,inner_cv,0,0.5,712,214,498,0.6439777802799985,0.40278233080337356,0.6089216679803325,0.5786005777810889,0.6355140186915887,0.5823293172690763,0.598314606741573,0.2410882818808994,0.19571786599027124,0.48314606741573035
face_two_video_native,face,,two_video,face_crop,hist_gradient_boosting,20260707,2048,fixed_0_5,1,0.5,713,214,499,0.6209521847433184,0.3853115977510397,0.5993154533365797,0.5635976366129137,0.6495327102803738,0.5490981963927856,0.5792426367461431,0.24162502121093588,0.1945651134214902,0.5105189340813464
face_two_video_native,face,,two_video,face_crop,hist_gradient_boosting,20260707,2048,inner_cv,1,0.5,713,214,499,0.6209521847433184,0.3853115977510397,0.5993154533365797,0.5635976366129137,0.6495327102803738,0.5490981963927856,0.5792426367461431,0.24162502121093588,0.1945651134214902,0.5105189340813464
face_two_video_native,face,,two_video,face_crop,hist_gradient_boosting,20260707,2048,fixed_0_5,2,0.5,715,221,494,0.6309881473610932,0.39974590775468616,0.6013931888544891,0.5714483086506793,0.6380090497737556,0.5647773279352226,0.5874125874125874,0.23995887198232052,0.182391321550662,0.4979020979020979
face_two_video_native,face,,two_video,face_crop,hist_gradient_boosting,20260707,2048,inner_cv,2,0.5,715,221,494,0.6309881473610932,0.39974590775468616,0.6013931888544891,0.5714483086506793,0.6380090497737556,0.5647773279352226,0.5874125874125874,0.23995887198232052,0.182391321550662,0.4979020979020979
face_two_video_native,face,,two_video,face_crop,hist_gradient_boosting,20260707,2048,fixed_0_5,3,0.5,714,217,497,0.6224999768194419,0.373033918933695,0.5976179658596742,0.5729832977048054,0.6036866359447005,0.5915492957746479,0.5952380952380952,0.24049911409728908,0.18822829436868804,0.4677871148459384
face_two_video_native,face,,two_video,face_crop,hist_gradient_boosting,20260707,2048,inner_cv,3,0.5,714,217,497,0.6224999768194419,0.373033918933695,0.5976179658596742,0.5729832977048054,0.6036866359447005,0.5915492957746479,0.5952380952380952,0.24049911409728908,0.18822829436868804,0.4677871148459384
face_two_video_native,face,,two_video,face_crop,hist_gradient_boosting,20260707,2048,fixed_0_5,4,0.5,713,216,497,0.6218281913704449,0.4007976992545215,0.585135814889336,0.5531678618744041,0.625,0.545271629778672,0.5694249649368864,0.2405797052941961,0.18949897957941755,0.5063113604488079
face_two_video_native,face,,two_video,face_crop,hist_gradient_boosting,20260707,2048,inner_cv,4,0.5,713,216,497,0.6218281913704449,0.4007976992545215,0.585135814889336,0.5531678618744041,0.625,0.545271629778672,0.5694249649368864,0.2405797052941961,0.18949897957941755,0.5063113604488079
face_two_video_native,face,,two_video,background,logistic_regression,20260707,2048,fixed_0_5,0,0.5,712,214,498,0.6082554517133957,0.37590004430028146,0.5819070675224262,0.561376323286692,0.5654205607476636,0.5983935742971888,0.5884831460674157,0.2413020451430777,0.18218385537497536,0.4508426966292135
face_two_video_native,face,,two_video,background,logistic_regression,20260707,2048,inner_cv,0,0.45,712,214,498,0.6082554517133957,0.37590004430028146,0.5773936868971212,0.5268042310248465,0.6869158878504673,0.4678714859437751,0.5337078651685393,0.2413020451430777,0.18218385537497536,0.5786516853932584
face_two_video_native,face,,two_video,background,logistic_regression,20260707,2048,fixed_0_5,1,0.5,713,214,499,0.6390725375985616,0.39563912371405247,0.6070130916037683,0.5833055784228088,0.602803738317757,0.6112224448897795,0.6086956521739131,0.2321727796449152,0.17611084808587155,0.453015427769986
face_two_video_native,face,,two_video,background,logistic_regression,20260707,2048,inner_cv,1,0.55,713,214,499,0.6390725375985616,0.39563912371405247,0.5606493360552882,0.5584335154826958,0.4158878504672897,0.7054108216432866,0.6185133239831697,0.2321727796449152,0.17611084808587155,0.33099579242636745
face_two_video_native,face,,two_video,background,logistic_regression,20260707,2048,fixed_0_5,2,0.5,715,221,494,0.6308828109256783,0.3995187138083496,0.6059776137175518,0.5789163722025913,0.6289592760180995,0.582995951417004,0.5972027972027972,0.24022879247558268,0.1852253438148712,0.4825174825174825
face_two_video_native,face,,two_video,background,logistic_regression,20260707,2048,inner_cv,2,0.5,715,221,494,0.6308828109256783,0.3995187138083496,0.6059776137175518,0.5789163722025913,0.6289592760180995,0.582995951417004,0.5972027972027972,0.24022879247558268,0.1852253438148712,0.4825174825174825
face_two_video_native,face,,two_video,background,logistic_regression,20260707,2048,fixed_0_5,3,0.5,714,217,497,0.5905200789993417,0.37540375854049346,0.5655221652495619,0.5446013667425968,0.5576036866359447,0.5734406438631791,0.5686274509803921,0.24501526429596351,0.17871255393304267,0.46638655462184875
face_two_video_native,face,,two_video,background,logistic_regression,20260707,2048,inner_cv,3,0.55,714,217,497,0.5905200789993417,0.37540375854049346,0.5613682092555332,0.5584415584415585,0.42857142857142855,0.6941649899396378,0.6134453781512605,0.24501526429596351,0.17871255393304267,0.3431372549019608
face_two_video_native,face,,two_video,background,logistic_regression,20260707,2048,fixed_0_5,4,0.5,713,216,497,0.6221868246516133,0.42898883310586794,0.5976088009538714,0.5701484895033282,0.6157407407407407,0.579476861167002,0.5904628330995793,0.2403993933561131,0.18587644322941202,0.4796633941093969
face_two_video_native,face,,two_video,background,logistic_regression,20260707,2048,inner_cv,4,0.5,713,216,497,0.6221868246516133,0.42898883310586794,0.5976088009538714,0.5701484895033282,0.6157407407407407,0.579476861167002,0.5904628330995793,0.2403993933561131,0.18587644322941202,0.4796633941093969
face_two_video_native,face,,two_video,background,hist_gradient_boosting,20260707,2048,fixed_0_5,0,0.5,712,214,498,0.6465769620538228,0.4075104083968316,0.6192714784371129,0.5867501957066404,0.6542056074766355,0.5843373493975904,0.6053370786516854,0.2419451447974482,0.1952444098553775,0.48735955056179775
face_two_video_native,face,,two_video,background,hist_gradient_boosting,20260707,2048,inner_cv,0,0.5,712,214,498,0.6465769620538228,0.4075104083968316,0.6192714784371129,0.5867501957066404,0.6542056074766355,0.5843373493975904,0.6053370786516854,0.2419451447974482,0.1952444098553775,0.48735955056179775
face_two_video_native,face,,two_video,background,hist_gradient_boosting,20260707,2048,fixed_0_5,1,0.5,713,214,499,0.6186438297155057,0.3886900533357833,0.5829649954113836,0.5548020153936509,0.602803738317757,0.56312625250501,0.5750350631136045,0.24331338348682355,0.19564880501446436,0.48667601683029454
face_two_video_native,face,,two_video,background,hist_gradient_boosting,20260707,2048,inner_cv,1,0.5,713,214,499,0.6186438297155057,0.3886900533357833,0.5829649954113836,0.5548020153936509,0.602803738317757,0.56312625250501,0.5750350631136045,0.24331338348682355,0.19564880501446436,0.48667601683029454
face_two_video_native,face,,two_video,background,hist_gradient_boosting,20260707,2048,fixed_0_5,2,0.5,715,221,494,0.6053913935552422,0.3919370389644633,0.5816265777566088,0.5454910052719073,0.6470588235294118,0.5161943319838057,0.5566433566433566,0.2445631619091435,0.1879747473406856,0.5342657342657343
face_two_video_native,face,,two_video,background,hist_gradient_boosting,20260707,2048,inner_cv,2,0.5,715,221,494,0.6053913935552422,0.3919370389644633,0.5816265777566088,0.5454910052719073,0.6470588235294118,0.5161943319838057,0.5566433566433566,0.2445631619091435,0.1879747473406856,0.5342657342657343
face_two_video_native,face,,two_video,background,hist_gradient_boosting,20260707,2048,fixed_0_5,3,0.5,714,217,497,0.5499958274995596,0.3376036793354714,0.5429025767508275,0.528525160627627,0.5023041474654378,0.5835010060362174,0.5588235294117647,0.24614193577027235,0.18910769597149402,0.4425770308123249
face_two_video_native,face,,two_video,background,hist_gradient_boosting,20260707,2048,inner_cv,3,0.5,714,217,497,0.5499958274995596,0.3376036793354714,0.5429025767508275,0.528525160627627,0.5023041474654378,0.5835010060362174,0.5588235294117647,0.24614193577027235,0.18910769597149402,0.4425770308123249
face_two_video_native,face,,two_video,background,hist_gradient_boosting,20260707,2048,fixed_0_5,4,0.5,713,216,497,0.6126061927118265,0.3763087755470693,0.5955082345927416,0.5531798278756077,0.6759259259259259,0.5150905432595574,0.5638148667601683,0.2421271314290404,0.19026483367587033,0.5427769985974754
face_two_video_native,face,,two_video,background,hist_gradient_boosting,20260707,2048,inner_cv,4,0.5,713,216,497,0.6126061927118265,0.3763087755470693,0.5955082345927416,0.5531798278756077,0.6759259259259259,0.5150905432595574,0.5638148667601683,0.2421271314290404,0.19026483367587033,0.5427769985974754
face_two_video_native,face,,two_video,face_qc,logistic_regression,20260707,2088,fixed_0_5,0,0.5,712,214,498,0.6428517809555981,0.4176255732126116,0.6052715535037345,0.5793885879491916,0.6121495327102804,0.5983935742971888,0.6025280898876404,0.23694996879396651,0.18624283015523876,0.4648876404494382
face_two_video_native,face,,two_video,face_qc,logistic_regression,20260707,2088,inner_cv,0,0.45,712,214,498,0.6428517809555981,0.4176255732126116,0.5804057350898923,0.5305867665418227,0.6869158878504673,0.4738955823293173,0.5379213483146067,0.23694996879396651,0.18624283015523876,0.574438202247191
face_two_video_native,face,,two_video,face_qc,logistic_regression,20260707,2088,fixed_0_5,1,0.5,713,214,499,0.6550952372033787,0.41049577297091205,0.6030050755717042,0.5785603141284711,0.602803738317757,0.6032064128256514,0.603085553997195,0.23177377858385537,0.1770086704484249,0.4586255259467041
face_two_video_native,face,,two_video,face_qc,logistic_regression,20260707,2088,inner_cv,1,0.5,713,214,499,0.6550952372033787,0.41049577297091205,0.6030050755717042,0.5785603141284711,0.602803738317757,0.6032064128256514,0.603085553997195,0.23177377858385537,0.1770086704484249,0.4586255259467041
face_two_video_native,face,,two_video,face_qc,logistic_regression,20260707,2088,fixed_0_5,2,0.5,715,221,494,0.6447597413303534,0.4248745718528645,0.5958561562276732,0.5668463765287536,0.6289592760180995,0.562753036437247,0.5832167832167832,0.23403201992683678,0.16986150052848945,0.4965034965034965
face_two_video_native,face,,two_video,face_qc,logistic_regression,20260707,2088,inner_cv,2,0.4,715,221,494,0.6447597413303534,0.4248745718528645,0.6003215051202667,0.5200957284224574,0.8099547511312217,0.39068825910931176,0.5202797202797202,0.23403201992683678,0.16986150052848945,0.6713286713286714
face_two_video_native,face,,two_video,face_qc,logistic_regression,20260707,2088,fixed_0_5,3,0.5,714,217,497,0.6249942048604995,0.40400384420555574,0.6007658856363991,0.5794912493212481,0.5898617511520737,0.6116700201207244,0.6050420168067226,0.23804164053536428,0.1730578788123843,0.4495798319327731
face_two_video_native,face,,two_video,face_qc,logistic_regression,20260707,2088,inner_cv,3,0.45,714,217,497,0.6249942048604995,0.40400384420555574,0.5933991043032387,0.5455105986866129,0.695852534562212,0.4909456740442656,0.5532212885154062,0.23804164053536428,0.1730578788123843,0.5658263305322129
face_two_video_native,face,,two_video,face_qc,logistic_regression,20260707,2088,fixed_0_5,4,0.5,713,216,497,0.6506725538415679,0.4428057530380488,0.6063603845293987,0.5815309690309691,0.6111111111111112,0.6016096579476862,0.6044880785413744,0.23421206320410068,0.18213553525016732,0.4628330995792426
face_two_video_native,face,,two_video,face_qc,logistic_regression,20260707,2088,inner_cv,4,0.4,713,216,497,0.6506725538415679,0.4428057530380488,0.5929186228482003,0.508899052237161,0.8055555555555556,0.38028169014084506,0.5091164095371669,0.23421206320410068,0.18213553525016732,0.6760168302945302
face_two_video_native,face,,two_video,face_qc,hist_gradient_boosting,20260707,2088,fixed_0_5,0,0.5,712,214,498,0.6330743534887213,0.4099224103769926,0.6115677663926735,0.5763157030762665,0.6588785046728972,0.5642570281124498,0.5926966292134831,0.24182282911725914,0.19564349035702816,0.5028089887640449
face_two_video_native,face,,two_video,face_qc,hist_gradient_boosting,20260707,2088,inner_cv,0,0.5,712,214,498,0.6330743534887213,0.4099224103769926,0.6115677663926735,0.5763157030762665,0.6588785046728972,0.5642570281124498,0.5926966292134831,0.24182282911725914,0.19564349035702816,0.5028089887640449
face_two_video_native,face,,two_video,face_qc,hist_gradient_boosting,20260707,2088,fixed_0_5,1,0.5,713,214,499,0.626112037158429,0.39250488496037406,0.6086565654673833,0.5667655065137079,0.6822429906542056,0.5350701402805611,0.5792426367461431,0.24097872359442446,0.19428736236668867,0.5301542776998598
face_two_video_native,face,,two_video,face_qc,hist_gradient_boosting,20260707,2088,inner_cv,1,0.5,713,214,499,0.626112037158429,0.39250488496037406,0.6086565654673833,0.5667655065137079,0.6822429906542056,0.5350701402805611,0.5792426367461431,0.24097872359442446,0.19428736236668867,0.5301542776998598
face_two_video_native,face,,two_video,face_qc,hist_gradient_boosting,20260707,2088,fixed_0_5,2,0.5,715,221,494,0.6336307179365049,0.39863693909562575,0.597880447725649,0.5692630824839624,0.6289592760180995,0.5668016194331984,0.586013986013986,0.23976961416312864,0.1825177981348233,0.4937062937062937
face_two_video_native,face,,two_video,face_qc,hist_gradient_boosting,20260707,2088,inner_cv,2,0.5,715,221,494,0.6336307179365049,0.39863693909562575,0.597880447725649,0.5692630824839624,0.6289592760180995,0.5668016194331984,0.586013986013986,0.23976961416312864,0.1825177981348233,0.4937062937062937
face_two_video_native,face,,two_video,face_qc,hist_gradient_boosting,20260707,2088,fixed_0_5,3,0.5,714,217,497,0.6338120891246095,0.4005158128136618,0.6025183358213799,0.5758695795657052,0.6175115207373272,0.5875251509054326,0.5966386554621849,0.2394758091348807,0.18787948846433378,0.47478991596638653
face_two_video_native,face,,two_video,face_qc,hist_gradient_boosting,20260707,2088,inner_cv,3,0.5,714,217,497,0.6338120891246095,0.4005158128136618,0.6025183358213799,0.5758695795657052,0.6175115207373272,0.5875251509054326,0.5966386554621849,0.2394758091348807,0.18787948846433378,0.47478991596638653
face_two_video_native,face,,two_video,face_qc,hist_gradient_boosting,20260707,2088,fixed_0_5,4,0.5,713,216,497,0.624073142559058,0.4018176180391747,0.5931841046277666,0.5628126070220842,0.625,0.5613682092555332,0.5806451612903226,0.24050582583949043,0.1883446328337166,0.4950911640953717
face_two_video_native,face,,two_video,face_qc,hist_gradient_boosting,20260707,2088,inner_cv,4,0.5,713,216,497,0.624073142559058,0.4018176180391747,0.5931841046277666,0.5628126070220842,0.625,0.5613682092555332,0.5806451612903226,0.24050582583949043,0.1883446328337166,0.4950911640953717
face_two_video_native,face,,two_video,face_demographics,logistic_regression,20260707,2052,fixed_0_5,0,0.5,712,214,498,0.6425796644522013,0.41735796693247695,0.5959069924558045,0.5692679975801573,0.6074766355140186,0.5843373493975904,0.5912921348314607,0.2372540597806819,0.18647707751134993,0.47331460674157305
face_two_video_native,face,,two_video,face_demographics,logistic_regression,20260707,2052,inner_cv,0,0.45,712,214,498,0.6425796644522013,0.41735796693247695,0.5824137672184063,0.533103518809296,0.6869158878504673,0.4779116465863454,0.5407303370786517,0.2372540597806819,0.18647707751134993,0.5716292134831461
face_two_video_native,face,,two_video,face_demographics,logistic_regression,20260707,2052,fixed_0_5,1,0.5,713,214,499,0.6591968984698369,0.4162055959164472,0.6066759687599499,0.5809448779511805,0.6121495327102804,0.6012024048096193,0.6044880785413744,0.23042498536371694,0.17631865428811827,0.4628330995792426
face_two_video_native,face,,two_video,face_demographics,logistic_regression,20260707,2052,inner_cv,1,0.45,713,214,499,0.6591968984698369,0.4162055959164472,0.6083100781001255,0.5560993968366454,0.719626168224299,0.4969939879759519,0.5638148667601683,0.23042498536371694,0.17631865428811827,0.5680224403927069
face_two_video_native,face,,two_video,face_demographics,logistic_regression,20260707,2052,fixed_0_5,2,0.5,715,221,494,0.6493304266583619,0.4287990479186764,0.6066920695403668,0.5767810831426392,0.6425339366515838,0.5708502024291497,0.593006993006993,0.2328869703144802,0.16944798397863803,0.4951048951048951
face_two_video_native,face,,two_video,face_demographics,logistic_regression,20260707,2052,inner_cv,2,0.45,715,221,494,0.6493304266583619,0.4287990479186764,0.5903191236008574,0.5431944444444444,0.6968325791855203,0.48380566801619435,0.5496503496503496,0.2328869703144802,0.16944798397863803,0.5720279720279721
face_two_video_native,face,,two_video,face_demographics,logistic_regression,20260707,2052,fixed_0_5,3,0.5,714,217,497,0.6241689769956142,0.40538702590387826,0.604660219380801,0.5813065610859728,0.6036866359447005,0.6056338028169014,0.6050420168067226,0.23845156711079885,0.17242010268844568,0.4579831932773109
face_two_video_native,face,,two_video,face_demographics,logistic_regression,20260707,2052,inner_cv,3,0.45,714,217,497,0.6241689769956142,0.40538702590387826,0.5954111767378465,0.5480209516924901,0.695852534562212,0.4949698189134809,0.5560224089635855,0.23845156711079885,0.17242010268844568,0.5630252100840336
face_two_video_native,face,,two_video,face_demographics,logistic_regression,20260707,2052,fixed_0_5,4,0.5,713,216,497,0.6562057530367389,0.44240420987173024,0.6149163499515613,0.5867419600569669,0.6342592592592593,0.5955734406438632,0.6072931276297335,0.23302393866686685,0.18210486412791052,0.4740532959326788
face_two_video_native,face,,two_video,face_demographics,logistic_regression,20260707,2052,inner_cv,4,0.4,713,216,497,0.6562057530367389,0.44240420987173024,0.6035844697816528,0.5199957480984552,0.8148148148148148,0.39235412474849096,0.520336605890603,0.23302393866686685,0.18210486412791052,0.6704067321178121
face_two_video_native,face,,two_video,face_demographics,hist_gradient_boosting,20260707,2052,fixed_0_5,0,0.5,712,214,498,0.6302124385392036,0.3969180799164035,0.594555793266524,0.5656157258523168,0.616822429906542,0.572289156626506,0.5856741573033708,0.24180542059694113,0.1955726102410243,0.4845505617977528
face_two_video_native,face,,two_video,face_demographics,hist_gradient_boosting,20260707,2052,inner_cv,0,0.5,712,214,498,0.6302124385392036,0.3969180799164035,0.594555793266524,0.5656157258523168,0.616822429906542,0.572289156626506,0.5856741573033708,0.24180542059694113,0.1955726102410243,0.4845505617977528
face_two_video_native,face,,two_video,face_demographics,hist_gradient_boosting,20260707,2052,fixed_0_5,1,0.5,713,214,499,0.6263133744123761,0.3973678390313971,0.5943054332964995,0.557520413291581,0.6495327102803738,0.5390781563126252,0.5722300140252454,0.24115954110205853,0.19400687108042503,0.517531556802244
face_two_video_native,face,,two_video,face_demographics,hist_gradient_boosting,20260707,2052,inner_cv,1,0.5,713,214,499,0.6263133744123761,0.3973678390313971,0.5943054332964995,0.557520413291581,0.6495327102803738,0.5390781563126252,0.5722300140252454,0.24115954110205853,0.19400687108042503,0.517531556802244
face_two_video_native,face,,two_video,face_demographics,hist_gradient_boosting,20260707,2052,fixed_0_5,2,0.5,715,221,494,0.6285516698114936,0.39699497275237644,0.5943081686115741,0.5629513585284497,0.6380090497737556,0.5506072874493927,0.5776223776223777,0.2402726381521555,0.18306028932483637,0.5076923076923077
face_two_video_native,face,,two_video,face_demographics,hist_gradient_boosting,20260707,2052,inner_cv,2,0.5,715,221,494,0.6285516698114936,0.39699497275237644,0.5943081686115741,0.5629513585284497,0.6380090497737556,0.5506072874493927,0.5776223776223777,0.2402726381521555,0.18306028932483637,0.5076923076923077
face_two_video_native,face,,two_video,face_demographics,hist_gradient_boosting,20260707,2052,fixed_0_5,3,0.5,714,217,497,0.6270758189691142,0.37977175735361074,0.6186473680794444,0.5880163040688302,0.6497695852534562,0.5875251509054326,0.6064425770308123,0.24014375510549596,0.18840761051049917,0.484593837535014
face_two_video_native,face,,two_video,face_demographics,hist_gradient_boosting,20260707,2052,inner_cv,3,0.5,714,217,497,0.6270758189691142,0.37977175735361074,0.6186473680794444,0.5880163040688302,0.6497695852534562,0.5875251509054326,0.6064425770308123,0.24014375510549596,0.18840761051049917,0.484593837535014
face_two_video_native,face,,two_video,face_demographics,hist_gradient_boosting,20260707,2052,fixed_0_5,4,0.5,713,216,497,0.623518891124525,0.4061715936090696,0.5896676354422834,0.5531031880777212,0.6481481481481481,0.5311871227364185,0.5666199158485273,0.2406931293652145,0.18924642666240507,0.5231416549789621
face_two_video_native,face,,two_video,face_demographics,hist_gradient_boosting,20260707,2052,inner_cv,4,0.5,713,216,497,0.623518891124525,0.4061715936090696,0.5896676354422834,0.5531031880777212,0.6481481481481481,0.5311871227364185,0.5666199158485273,0.2406931293652145,0.18924642666240507,0.5231416549789621
face_two_video_native,face,,two_video,face_qc_demographics,logistic_regression,20260707,2092,fixed_0_5,0,0.5,712,214,498,0.6440059302631085,0.4190560094472461,0.5969110085200615,0.5704597462034533,0.6074766355140186,0.5863453815261044,0.5926966292134831,0.23686289944473188,0.1859079731906739,0.47191011235955055
face_two_video_native,face,,two_video,face_qc_demographics,logistic_regression,20260707,2092,inner_cv,0,0.45,712,214,498,0.6440059302631085,0.4190560094472461,0.5867582479450513,0.537217140105922,0.6915887850467289,0.4819277108433735,0.5449438202247191,0.23686289944473188,0.1859079731906739,0.5702247191011236
face_two_video_native,face,,two_video,face_qc_demographics,logistic_regression,20260707,2092,fixed_0_5,1,0.5,713,214,499,0.6572771711647594,0.41226869604728156,0.6063435281778511,0.5815386864667857,0.6074766355140186,0.6052104208416834,0.605890603085554,0.23100810658941945,0.1762779548150217,0.4586255259467041
face_two_video_native,face,,two_video,face_qc_demographics,logistic_regression,20260707,2092,inner_cv,1,0.45,713,214,499,0.6572771711647594,0.41226869604728156,0.6096445226902403,0.556429721647113,0.7242990654205608,0.49498997995991983,0.5638148667601683,0.23100810658941945,0.1762779548150217,0.5708274894810659
face_two_video_native,face,,two_video,face_qc_demographics,logistic_regression,20260707,2092,fixed_0_5,2,0.5,715,221,494,0.6460787366955503,0.4258152287113362,0.595618004286735,0.5675588165217763,0.6244343891402715,0.5668016194331984,0.5846153846153846,0.2336250248798728,0.16935377836177057,0.49230769230769234
face_two_video_native,face,,two_video,face_qc_demographics,logistic_regression,20260707,2092,inner_cv,2,0.45,715,221,494,0.6460787366955503,0.4258152287113362,0.5882948321028816,0.5406633672789569,0.6968325791855203,0.4797570850202429,0.5468531468531469,0.2336250248798728,0.16935377836177057,0.5748251748251748
face_two_video_native,face,,two_video,face_qc_demographics,logistic_regression,20260707,2092,fixed_0_5,3,0.5,714,217,497,0.6277944162671883,0.4056964345990899,0.5997598494190952,0.5783092048558864,0.5898617511520737,0.6096579476861167,0.603641456582633,0.23743577672787627,0.17322300275480584,0.45098039215686275
face_two_video_native,face,,two_video,face_qc_demographics,logistic_regression,20260707,2092,inner_cv,3,0.45,714,217,497,0.6277944162671883,0.4056964345990899,0.591094956837801,0.5439156818907697,0.6912442396313364,0.4909456740442656,0.5518207282913166,0.23743577672787627,0.17322300275480584,0.5644257703081232
face_two_video_native,face,,two_video,face_qc_demographics,logistic_regression,20260707,2092,fixed_0_5,4,0.5,713,216,497,0.6522654445189657,0.4427380888806174,0.6086751993442134,0.5833036960315132,0.6157407407407407,0.6016096579476862,0.605890603085554,0.23392607279754365,0.1820415709158162,0.4642356241234222
face_two_video_native,face,,two_video,face_qc_demographics,logistic_regression,20260707,2092,inner_cv,4,0.5,713,216,497,0.6522654445189657,0.4427380888806174,0.6086751993442134,0.5833036960315132,0.6157407407407407,0.6016096579476862,0.605890603085554,0.23392607279754365,0.1820415709158162,0.4642356241234222
face_two_video_native,face,,two_video,face_qc_demographics,hist_gradient_boosting,20260707,2092,fixed_0_5,0,0.5,712,214,498,0.6403135908118455,0.40607147456493675,0.6192151784708929,0.5762447110824025,0.6962616822429907,0.5421686746987951,0.5884831460674157,0.24112547458372782,0.19564839542373952,0.5294943820224719
face_two_video_native,face,,two_video,face_qc_demographics,hist_gradient_boosting,20260707,2092,inner_cv,0,0.5,712,214,498,0.6403135908118455,0.40607147456493675,0.6192151784708929,0.5762447110824025,0.6962616822429907,0.5421686746987951,0.5884831460674157,0.24112547458372782,0.19564839542373952,0.5294943820224719
face_two_video_native,face,,two_video,face_qc_demographics,hist_gradient_boosting,20260707,2092,fixed_0_5,1,0.5,713,214,499,0.6293521622684622,0.4020653243410351,0.6089983705729216,0.5730669800235018,0.6588785046728972,0.5591182364729459,0.5890603085553997,0.2410423378570346,0.19461460091074742,0.5063113604488079
face_two_video_native,face,,two_video,face_qc_demographics,hist_gradient_boosting,20260707,2092,inner_cv,1,0.5,713,214,499,0.6293521622684622,0.4020653243410351,0.6089983705729216,0.5730669800235018,0.6588785046728972,0.5591182364729459,0.5890603085553997,0.2410423378570346,0.19461460091074742,0.5063113604488079
face_two_video_native,face,,two_video,face_qc_demographics,hist_gradient_boosting,20260707,2092,fixed_0_5,2,0.5,715,221,494,0.6292936047044169,0.3976781742740182,0.5930578709216481,0.5624837904428451,0.6334841628959276,0.5526315789473685,0.5776223776223777,0.24014558210657672,0.18303685179917784,0.5048951048951049
face_two_video_native,face,,two_video,face_qc_demographics,hist_gradient_boosting,20260707,2092,inner_cv,2,0.5,715,221,494,0.6292936047044169,0.3976781742740182,0.5930578709216481,0.5624837904428451,0.6334841628959276,0.5526315789473685,0.5776223776223777,0.24014558210657672,0.18303685179917784,0.5048951048951049
face_two_video_native,face,,two_video,face_qc_demographics,hist_gradient_boosting,20260707,2092,fixed_0_5,3,0.5,714,217,497,0.6444751458057099,0.4141929203003627,0.6147205815538392,0.593193072417867,0.6036866359447005,0.6257545271629779,0.6190476190476191,0.23922227729498446,0.1886416831882281,0.44397759103641454
face_two_video_native,face,,two_video,face_qc_demographics,hist_gradient_boosting,20260707,2092,inner_cv,3,0.5,714,217,497,0.6444751458057099,0.4141929203003627,0.6147205815538392,0.593193072417867,0.6036866359447005,0.6257545271629779,0.6190476190476191,0.23922227729498446,0.1886416831882281,0.44397759103641454
face_two_video_native,face,,two_video,face_qc_demographics,hist_gradient_boosting,20260707,2092,fixed_0_5,4,0.5,713,216,497,0.6315066323869141,0.4152392842498135,0.6002263581488934,0.5712320416501911,0.625,0.5754527162977867,0.5904628330995793,0.23963597703814324,0.18841943009741596,0.485273492286115
face_two_video_native,face,,two_video,face_qc_demographics,hist_gradient_boosting,20260707,2092,inner_cv,4,0.5,713,216,497,0.6315066323869141,0.4152392842498135,0.6002263581488934,0.5712320416501911,0.625,0.5754527162977867,0.5904628330995793,0.23963597703814324,0.18841943009741596,0.485273492286115
core3_same_cohort,eeg,,rest,demographics,logistic_regression,20260707,4,fixed_0_5,0,0.5,144,43,101,0.6275615933686391,0.379505140618046,0.6144370250978586,0.5753486279802069,0.6744186046511628,0.5544554455445545,0.5902777777777778,0.2408634299229906,0.20107040790955366,0.5138888888888888
core3_same_cohort,eeg,,rest,demographics,logistic_regression,20260707,4,inner_cv,0,0.5,144,43,101,0.6275615933686391,0.379505140618046,0.6144370250978586,0.5753486279802069,0.6744186046511628,0.5544554455445545,0.5902777777777778,0.2408634299229906,0.20107040790955366,0.5138888888888888
core3_same_cohort,eeg,,rest,demographics,logistic_regression,20260707,4,fixed_0_5,1,0.5,122,47,75,0.5907801418439717,0.4686450388375586,0.5699290780141844,0.5642857142857143,0.5531914893617021,0.5866666666666667,0.5737704918032787,0.24084075724982287,0.10381699351402941,0.4672131147540984
core3_same_cohort,eeg,,rest,demographics,logistic_regression,20260707,4,inner_cv,1,0.5,122,47,75,0.5907801418439717,0.4686450388375586,0.5699290780141844,0.5642857142857143,0.5531914893617021,0.5866666666666667,0.5737704918032787,0.24084075724982287,0.10381699351402941,0.4672131147540984
core3_same_cohort,eeg,,rest,demographics,logistic_regression,20260707,4,fixed_0_5,2,0.5,139,46,93,0.5702431042543245,0.3783452134948201,0.5404394576905096,0.5275934617251983,0.5217391304347826,0.5591397849462365,0.5467625899280576,0.2439526846759127,0.1648993943364733,0.4676258992805755
core3_same_cohort,eeg,,rest,demographics,logistic_regression,20260707,4,inner_cv,2,0.5,139,46,93,0.5702431042543245,0.3783452134948201,0.5404394576905096,0.5275934617251983,0.5217391304347826,0.5591397849462365,0.5467625899280576,0.2439526846759127,0.1648993943364733,0.4676258992805755
core3_same_cohort,eeg,,rest,demographics,logistic_regression,20260707,4,fixed_0_5,3,0.5,121,42,79,0.5189873417721519,0.37265711552962855,0.5150693188667872,0.5013620171823706,0.5238095238095238,0.5063291139240507,0.512396694214876,0.257848290276688,0.18002907757458453,0.5041322314049587
core3_same_cohort,eeg,,rest,demographics,logistic_regression,20260707,4,inner_cv,3,0.5,121,42,79,0.5189873417721519,0.37265711552962855,0.5150693188667872,0.5013620171823706,0.5238095238095238,0.5063291139240507,0.512396694214876,0.257848290276688,0.18002907757458453,0.5041322314049587
core3_same_cohort,eeg,,rest,demographics,logistic_regression,20260707,4,fixed_0_5,4,0.5,135,51,84,0.6109943977591036,0.4418082490375356,0.6011904761904762,0.5824127264692884,0.6666666666666666,0.5357142857142857,0.5851851851851851,0.24258127426170803,0.12241812003625446,0.5407407407407407
core3_same_cohort,eeg,,rest,demographics,logistic_regression,20260707,4,inner_cv,4,0.45,135,51,84,0.6109943977591036,0.4418082490375356,0.5742296918767507,0.4925666199158485,0.8627450980392157,0.2857142857142857,0.5037037037037037,0.24258127426170803,0.12241812003625446,0.7703703703703704
core3_same_cohort,eeg,,rest,demographics,random_forest,20260707,4,fixed_0_5,0,0.5,144,43,101,0.5762145982040064,0.3446686282968021,0.5599815795533042,0.5078125,0.6744186046511628,0.44554455445544555,0.5138888888888888,0.248243697601504,0.20198499393697497,0.5902777777777778
core3_same_cohort,eeg,,rest,demographics,random_forest,20260707,4,inner_cv,0,0.4,144,43,101,0.5762145982040064,0.3446686282968021,0.5656228413539028,0.4328779112169981,0.8837209302325582,0.24752475247524752,0.4375,0.248243697601504,0.20198499393697497,0.7916666666666666
core3_same_cohort,eeg,,rest,demographics,random_forest,20260707,4,fixed_0_5,1,0.5,122,47,75,0.5639716312056738,0.42776632346001403,0.539290780141844,0.5329505058791358,0.5319148936170213,0.5466666666666666,0.5409836065573771,0.24504950022186187,0.09738814394495376,0.48360655737704916
core3_same_cohort,eeg,,rest,demographics,random_forest,20260707,4,inner_cv,1,0.5,122,47,75,0.5639716312056738,0.42776632346001403,0.539290780141844,0.5329505058791358,0.5319148936170213,0.5466666666666666,0.5409836065573771,0.24504950022186187,0.09738814394495376,0.48360655737704916
core3_same_cohort,eeg,,rest,demographics,random_forest,20260707,4,fixed_0_5,2,0.5,139,46,93,0.5662692847124824,0.36230506349715347,0.5514258999532491,0.5328354227794078,0.5652173913043478,0.5376344086021505,0.5467625899280576,0.24226984686455483,0.1547532959954973,0.49640287769784175
core3_same_cohort,eeg,,rest,demographics,random_forest,20260707,4,inner_cv,2,0.4,139,46,93,0.5662692847124824,0.36230506349715347,0.5582047685834503,0.4642708333333333,0.8260869565217391,0.2903225806451613,0.4676258992805755,0.24226984686455483,0.1547532959954973,0.7482014388489209
core3_same_cohort,eeg,,rest,demographics,random_forest,20260707,4,fixed_0_5,3,0.5,121,42,79,0.5052742616033755,0.36642626946848844,0.5057263411693791,0.47016967706622886,0.6190476190476191,0.3924050632911392,0.47107438016528924,0.2795882543633833,0.20779193956449182,0.6115702479338843
core3_same_cohort,eeg,,rest,demographics,random_forest,20260707,4,inner_cv,3,0.3,121,42,79,0.5052742616033755,0.36642626946848844,0.4736286919831224,0.33283208020050126,0.8333333333333334,0.11392405063291139,0.36363636363636365,0.2795882543633833,0.20779193956449182,0.8677685950413223
core3_same_cohort,eeg,,rest,demographics,random_forest,20260707,4,fixed_0_5,4,0.5,135,51,84,0.6365546218487395,0.46242176782046807,0.5780812324929971,0.5727848101265822,0.5490196078431373,0.6071428571428571,0.5851851851851851,0.23155556542480746,0.09296797988755859,0.45185185185185184
core3_same_cohort,eeg,,rest,demographics,random_forest,20260707,4,inner_cv,4,0.3,135,51,84,0.6365546218487395,0.46242176782046807,0.5476190476190477,0.37347337567171474,1.0,0.09523809523809523,0.43703703703703706,0.23155556542480746,0.09296797988755859,0.9407407407407408
core3_same_cohort,eeg,,rest,demographics,hist_gradient_boosting,20260707,4,fixed_0_5,0,0.5,144,43,101,0.5561823624222887,0.3270232131706775,0.5881878885562974,0.5296182536200088,0.7209302325581395,0.45544554455445546,0.5347222222222222,0.24546146671522232,0.19762505354597026,0.5972222222222222
core3_same_cohort,eeg,,rest,demographics,hist_gradient_boosting,20260707,4,inner_cv,0,0.45,144,43,101,0.5561823624222887,0.3270232131706775,0.546051116739581,0.3594242015294647,0.9534883720930233,0.13861386138613863,0.3819444444444444,0.24546146671522232,0.19762505354597026,0.8888888888888888
core3_same_cohort,eeg,,rest,demographics,hist_gradient_boosting,20260707,4,fixed_0_5,1,0.5,122,47,75,0.5536170212765956,0.4143948178651127,0.5391489361702128,0.5161008403361345,0.6382978723404256,0.44,0.5163934426229508,0.2453625535756614,0.11053575261258261,0.5901639344262295
core3_same_cohort,eeg,,rest,demographics,hist_gradient_boosting,20260707,4,inner_cv,1,0.45,122,47,75,0.5536170212765956,0.4143948178651127,0.5693617021276596,0.4312354312354313,0.9787234042553191,0.16,0.47540983606557374,0.2453625535756614,0.11053575261258261,0.8934426229508197
core3_same_cohort,eeg,,rest,demographics,hist_gradient_boosting,20260707,4,fixed_0_5,2,0.5,139,46,93,0.5806451612903226,0.3685517176975879,0.5575035063113605,0.5095475300954753,0.6956521739130435,0.41935483870967744,0.5107913669064749,0.24329006862021352,0.1664435418136848,0.6187050359712231
core3_same_cohort,eeg,,rest,demographics,hist_gradient_boosting,20260707,4,inner_cv,2,0.45,139,46,93,0.5806451612903226,0.3685517176975879,0.5749181860682562,0.4378458918688804,0.9347826086956522,0.21505376344086022,0.45323741007194246,0.24329006862021352,0.1664435418136848,0.8345323741007195
core3_same_cohort,eeg,,rest,demographics,hist_gradient_boosting,20260707,4,fixed_0_5,3,0.5,121,42,79,0.5088908981314044,0.3552849934630755,0.5183845690174804,0.4858826754385965,0.6190476190476191,0.4177215189873418,0.48760330578512395,0.2554175665923925,0.16447247670588447,0.5950413223140496
core3_same_cohort,eeg,,rest,demographics,hist_gradient_boosting,20260707,4,inner_cv,3,0.4,121,42,79,0.5088908981314044,0.3552849934630755,0.4847799879445449,0.32195618950585836,0.8809523809523809,0.08860759493670886,0.36363636363636365,0.2554175665923925,0.16447247670588447,0.9008264462809917
core3_same_cohort,eeg,,rest,demographics,hist_gradient_boosting,20260707,4,fixed_0_5,4,0.5,135,51,84,0.6070261437908497,0.4462082208614026,0.6004901960784313,0.5549450549450549,0.7843137254901961,0.4166666666666667,0.5555555555555556,0.24199431780724465,0.11881956529298951,0.6592592592592592
core3_same_cohort,eeg,,rest,demographics,hist_gradient_boosting,20260707,4,inner_cv,4,0.45,135,51,84,0.6070261437908497,0.4462082208614026,0.5637254901960784,0.42823529411764705,0.9607843137254902,0.16666666666666666,0.4666666666666667,0.24199431780724465,0.11881956529298951,0.8814814814814815
core3_same_cohort,eeg,,rest,modality,logistic_regression,20260707,217,fixed_0_5,0,0.5,144,43,101,0.5565277457978356,0.3282954973398903,0.5711489753626525,0.5497924247860181,0.5581395348837209,0.5841584158415841,0.5763888888888888,0.24912668149806427,0.18183698106437232,0.4583333333333333
core3_same_cohort,eeg,,rest,modality,logistic_regression,20260707,217,inner_cv,0,0.35,144,43,101,0.5565277457978356,0.3282954973398903,0.48791158185586003,0.33162156824017386,0.8372093023255814,0.13861386138613863,0.3472222222222222,0.24912668149806427,0.18183698106437232,0.8541666666666666
core3_same_cohort,eeg,,rest,modality,logistic_regression,20260707,217,fixed_0_5,1,0.5,122,47,75,0.4970212765957447,0.40959811757927816,0.5340425531914894,0.5325670498084292,0.46808510638297873,0.6,0.5491803278688525,0.30083539672588805,0.23438877490136267,0.4262295081967213
core3_same_cohort,eeg,,rest,modality,logistic_regression,20260707,217,inner_cv,1,0.25,122,47,75,0.4970212765957447,0.40959811757927816,0.4829787234042553,0.4002631032334003,0.7659574468085106,0.2,0.4180327868852459,0.30083539672588805,0.23438877490136267,0.7868852459016393
core3_same_cohort,eeg,,rest,modality,logistic_regression,20260707,217,fixed_0_5,2,0.5,139,46,93,0.5434782608695653,0.3653041593277039,0.5239597942964002,0.5179190751445087,0.45652173913043476,0.5913978494623656,0.5467625899280576,0.26479552479006524,0.15730828746542877,0.4244604316546763
core3_same_cohort,eeg,,rest,modality,logistic_regression,20260707,217,inner_cv,2,0.55,139,46,93,0.5434782608695653,0.3653041593277039,0.5341280972417017,0.5344497607655502,0.34782608695652173,0.7204301075268817,0.5971223021582733,0.26479552479006524,0.15730828746542877,0.302158273381295
core3_same_cohort,eeg,,rest,modality,logistic_regression,20260707,217,fixed_0_5,3,0.5,121,42,79,0.5216998191681735,0.35903698895473046,0.5125075346594334,0.5112726738635529,0.40476190476190477,0.620253164556962,0.5454545454545454,0.2724297275148344,0.19991161330400462,0.3884297520661157
core3_same_cohort,eeg,,rest,modality,logistic_regression,20260707,217,inner_cv,3,0.35,121,42,79,0.5216998191681735,0.35903698895473046,0.5343580470162749,0.4791965566714491,0.7142857142857143,0.35443037974683544,0.4793388429752066,0.2724297275148344,0.19991161330400462,0.6694214876033058
core3_same_cohort,eeg,,rest,modality,logistic_regression,20260707,217,fixed_0_5,4,0.5,135,51,84,0.47012138188608776,0.370709881131838,0.5010504201680672,0.49472096530920057,0.49019607843137253,0.5119047619047619,0.5037037037037037,0.2859542871713826,0.19899962082176234,0.4888888888888889
core3_same_cohort,eeg,,rest,modality,logistic_regression,20260707,217,inner_cv,4,0.35,135,51,84,0.47012138188608776,0.370709881131838,0.49334733893557425,0.40495027124773963,0.7843137254901961,0.20238095238095238,0.4222222222222222,0.2859542871713826,0.19899962082176234,0.7925925925925926
core3_same_cohort,eeg,,rest,modality,random_forest,20260707,217,fixed_0_5,0,0.5,144,43,101,0.5836979046741884,0.37394866723545506,0.5355744876813263,0.5352532274081431,0.27906976744186046,0.7920792079207921,0.6388888888888888,0.22409650522828592,0.13323138901511558,0.22916666666666666
core3_same_cohort,eeg,,rest,modality,random_forest,20260707,217,inner_cv,0,0.3,144,43,101,0.5836979046741884,0.37394866723545506,0.5081740732212756,0.26850507982583455,0.9767441860465116,0.039603960396039604,0.3194444444444444,0.22409650522828592,0.13323138901511558,0.9652777777777778
core3_same_cohort,eeg,,rest,modality,random_forest,20260707,217,fixed_0_5,1,0.5,122,47,75,0.5097872340425531,0.4588447743484455,0.5436879432624113,0.5251345755693582,0.23404255319148937,0.8533333333333334,0.6147540983606558,0.24245541967058554,0.10292621377927476,0.18032786885245902
core3_same_cohort,eeg,,rest,modality,random_forest,20260707,217,inner_cv,1,0.35,122,47,75,0.5097872340425531,0.4588447743484455,0.5175886524822695,0.434051097417434,0.8085106382978723,0.22666666666666666,0.45081967213114754,0.24245541967058554,0.10292621377927476,0.7868852459016393
core3_same_cohort,eeg,,rest,modality,random_forest,20260707,217,fixed_0_5,2,0.5,139,46,93,0.4869097709209911,0.33987990715298094,0.49006545114539507,0.46987032799389783,0.15217391304347827,0.8279569892473119,0.60431654676259,0.23634000845147857,0.110806643131794,0.16546762589928057
core3_same_cohort,eeg,,rest,modality,random_forest,20260707,217,inner_cv,2,0.3,139,46,93,0.4869097709209911,0.33987990715298094,0.4776764843384759,0.3230519480519481,0.8478260869565217,0.10752688172043011,0.35251798561151076,0.23634000845147857,0.110806643131794,0.8776978417266187
core3_same_cohort,eeg,,rest,modality,random_forest,20260707,217,fixed_0_5,3,0.5,121,42,79,0.4379144062688366,0.3122524362941353,0.46458710066305003,0.4362007168458781,0.11904761904761904,0.810126582278481,0.5702479338842975,0.24725924696005583,0.15567220265716597,0.1652892561983471
core3_same_cohort,eeg,,rest,modality,random_forest,20260707,217,inner_cv,3,0.35,121,42,79,0.4379144062688366,0.3122524362941353,0.5034659433393611,0.4456752136752137,0.6904761904761905,0.31645569620253167,0.4462809917355372,0.24725924696005583,0.15567220265716597,0.6859504132231405
core3_same_cohort,eeg,,rest,modality,random_forest,20260707,217,fixed_0_5,4,0.5,135,51,84,0.5007002801120448,0.40558111669331415,0.5122549019607843,0.5051820020222447,0.27450980392156865,0.75,0.5703703703703704,0.24550917708009673,0.0858092227170675,0.25925925925925924
core3_same_cohort,eeg,,rest,modality,random_forest,20260707,217,inner_cv,4,0.25,135,51,84,0.5007002801120448,0.40558111669331415,0.5,0.27419354838709675,1.0,0.0,0.37777777777777777,0.24550917708009673,0.0858092227170675,1.0
core3_same_cohort,eeg,,rest,modality,hist_gradient_boosting,20260707,217,fixed_0_5,0,0.5,144,43,101,0.5105917568501036,0.30688752520049806,0.5130094404789316,0.5033444816053512,0.4418604651162791,0.5841584158415841,0.5416666666666666,0.24682978265879355,0.19009983471345124,0.4236111111111111
core3_same_cohort,eeg,,rest,modality,hist_gradient_boosting,20260707,217,inner_cv,0,0.6,144,43,101,0.5105917568501036,0.30688752520049806,0.5,0.4122448979591837,0.0,1.0,0.7013888888888888,0.24682978265879355,0.19009983471345124,0.0
core3_same_cohort,eeg,,rest,modality,hist_gradient_boosting,20260707,217,fixed_0_5,1,0.5,122,47,75,0.4716312056737588,0.36816721132862795,0.4994326241134752,0.49857192615813306,0.425531914893617,0.5733333333333334,0.5163934426229508,0.252769340960425,0.11118156770685074,0.4262295081967213
core3_same_cohort,eeg,,rest,modality,hist_gradient_boosting,20260707,217,inner_cv,1,0.45,122,47,75,0.4716312056737588,0.36816721132862795,0.4617021276595745,0.3867658197342147,0.723404255319149,0.2,0.4016393442622951,0.252769340960425,0.11118156770685074,0.7704918032786885
core3_same_cohort,eeg,,rest,modality,hist_gradient_boosting,20260707,217,fixed_0_5,2,0.5,139,46,93,0.47113136979897147,0.32844724495471844,0.4482234689107059,0.4454282122752363,0.3695652173913043,0.5268817204301075,0.4748201438848921,0.25191507852380096,0.16194455800680008,0.43884892086330934
core3_same_cohort,eeg,,rest,modality,hist_gradient_boosting,20260707,217,inner_cv,2,0.45,139,46,93,0.47113136979897147,0.32844724495471844,0.4825853202431043,0.38027799632835035,0.7608695652173914,0.20430107526881722,0.38848920863309355,0.25191507852380096,0.16194455800680008,0.7841726618705036
core3_same_cohort,eeg,,rest,modality,hist_gradient_boosting,20260707,217,fixed_0_5,3,0.5,121,42,79,0.4721217600964437,0.3307978643336006,0.4816154309825196,0.4804599374135798,0.38095238095238093,0.5822784810126582,0.512396694214876,0.2497950003193652,0.14085159295031197,0.4049586776859504
core3_same_cohort,eeg,,rest,modality,hist_gradient_boosting,20260707,217,inner_cv,3,0.55,121,42,79,0.4721217600964437,0.3307978643336006,0.4795057263411694,0.41617903705985015,0.047619047619047616,0.9113924050632911,0.6115702479338843,0.2497950003193652,0.14085159295031197,0.0743801652892562
core3_same_cohort,eeg,,rest,modality,hist_gradient_boosting,20260707,217,fixed_0_5,4,0.5,135,51,84,0.5598739495798319,0.43375725376371765,0.5913865546218487,0.574415131906421,0.6470588235294118,0.5357142857142857,0.5777777777777777,0.25047792310762546,0.14013993690744977,0.5333333333333333
core3_same_cohort,eeg,,rest,modality,hist_gradient_boosting,20260707,217,inner_cv,4,0.4,135,51,84,0.5598739495798319,0.43375725376371765,0.478641456582633,0.2955368653692676,0.9215686274509803,0.03571428571428571,0.37037037037037035,0.25047792310762546,0.14013993690744977,0.9481481481481482
core3_same_cohort,eeg,,rest,modality_demographics,logistic_regression,20260707,221,fixed_0_5,0,0.5,144,43,101,0.6025788625374164,0.3735382590849615,0.5743725535344232,0.5578454332552694,0.5348837209302325,0.6138613861386139,0.5902777777777778,0.2367006190528407,0.17363763302931365,0.4305555555555556
core3_same_cohort,eeg,,rest,modality_demographics,logistic_regression,20260707,221,inner_cv,0,0.25,144,43,101,0.6025788625374164,0.3735382590849615,0.5297029702970297,0.2936438271286208,1.0,0.0594059405940594,0.3402777777777778,0.2367006190528407,0.17363763302931365,0.9583333333333334
core3_same_cohort,eeg,,rest,modality_demographics,logistic_regression,20260707,221,fixed_0_5,1,0.5,122,47,75,0.5370212765957446,0.43795459081210963,0.540709219858156,0.5395582890690522,0.46808510638297873,0.6133333333333333,0.5573770491803278,0.29446376174393374,0.21370019097240622,0.4180327868852459
core3_same_cohort,eeg,,rest,modality_demographics,logistic_regression,20260707,221,inner_cv,1,0.35,122,47,75,0.5370212765957446,0.43795459081210963,0.515177304964539,0.4916666666666667,0.6170212765957447,0.41333333333333333,0.4918032786885246,0.29446376174393374,0.21370019097240622,0.5983606557377049
core3_same_cohort,eeg,,rest,modality_demographics,logistic_regression,20260707,221,fixed_0_5,2,0.5,139,46,93,0.5670874240299205,0.3980513937186316,0.562061711079944,0.5487012987012987,0.5434782608695652,0.5806451612903226,0.5683453237410072,0.2520873805583674,0.16212670502875348,0.460431654676259
core3_same_cohort,eeg,,rest,modality_demographics,logistic_regression,20260707,221,inner_cv,2,0.4,139,46,93,0.5670874240299205,0.3980513937186316,0.5578541374474053,0.489102862763369,0.7608695652173914,0.3548387096774194,0.4892086330935252,0.2520873805583674,0.16212670502875348,0.6834532374100719
core3_same_cohort,eeg,,rest,modality_demographics,logistic_regression,20260707,221,fixed_0_5,3,0.5,121,42,79,0.5075346594333936,0.33929102211648565,0.5110006027727547,0.5061224489795919,0.4523809523809524,0.569620253164557,0.5289256198347108,0.27629394458193435,0.1736744944174943,0.4380165289256198
core3_same_cohort,eeg,,rest,modality_demographics,logistic_regression,20260707,221,inner_cv,3,0.35,121,42,79,0.5075346594333936,0.33929102211648565,0.5257685352622061,0.4407808512105953,0.7857142857142857,0.26582278481012656,0.4462809917355372,0.27629394458193435,0.1736744944174943,0.7520661157024794
core3_same_cohort,eeg,,rest,modality_demographics,logistic_regression,20260707,221,fixed_0_5,4,0.5,135,51,84,0.557889822595705,0.41486854257702044,0.546218487394958,0.5349999999999999,0.5686274509803921,0.5238095238095238,0.5407407407407407,0.2621486956566449,0.14209513872852902,0.5111111111111111
core3_same_cohort,eeg,,rest,modality_demographics,logistic_regression,20260707,221,inner_cv,4,0.5,135,51,84,0.557889822595705,0.41486854257702044,0.546218487394958,0.5349999999999999,0.5686274509803921,0.5238095238095238,0.5407407407407407,0.2621486956566449,0.14209513872852902,0.5111111111111111
core3_same_cohort,eeg,,rest,modality_demographics,random_forest,20260707,221,fixed_0_5,0,0.5,144,43,101,0.5924476168547087,0.35660468842034126,0.507137923094635,0.49334253190755434,0.16279069767441862,0.8514851485148515,0.6458333333333334,0.22190951519192784,0.12731031554935046,0.1527777777777778
core3_same_cohort,eeg,,rest,modality_demographics,random_forest,20260707,221,inner_cv,0,0.35,144,43,101,0.5924476168547087,0.35660468842034126,0.550771356205388,0.409375,0.8837209302325582,0.21782178217821782,0.4166666666666667,0.22190951519192784,0.12731031554935046,0.8125
core3_same_cohort,eeg,,rest,modality_demographics,random_forest,20260707,221,fixed_0_5,1,0.5,122,47,75,0.4763120567375887,0.42367382381089896,0.5038297872340426,0.4594115561857497,0.1276595744680851,0.88,0.5901639344262295,0.24840756804248165,0.08795656725205309,0.12295081967213115
core3_same_cohort,eeg,,rest,modality_demographics,random_forest,20260707,221,inner_cv,1,0.3,122,47,75,0.4763120567375887,0.42367382381089896,0.45900709219858155,0.3730555555555556,0.7446808510638298,0.17333333333333334,0.39344262295081966,0.24840756804248165,0.08795656725205309,0.7950819672131147
core3_same_cohort,eeg,,rest,modality_demographics,random_forest,20260707,221,fixed_0_5,2,0.5,139,46,93,0.5035063113604488,0.3701156049386625,0.4742870500233754,0.46863445509807605,0.21739130434782608,0.7311827956989247,0.5611510791366906,0.23792128730356968,0.11051764476543159,0.2517985611510791
core3_same_cohort,eeg,,rest,modality_demographics,random_forest,20260707,221,inner_cv,2,0.3,139,46,93,0.5035063113604488,0.3701156049386625,0.4997662459093034,0.2862140962699622,0.9565217391304348,0.043010752688172046,0.34532374100719426,0.23792128730356968,0.11051764476543159,0.9568345323741008
core3_same_cohort,eeg,,rest,modality_demographics,random_forest,20260707,221,fixed_0_5,3,0.5,121,42,79,0.4704641350210971,0.32217607867306347,0.4534358047016275,0.4104197901049475,0.07142857142857142,0.8354430379746836,0.5702479338842975,0.24341513933165398,0.11094492995939942,0.1322314049586777
core3_same_cohort,eeg,,rest,modality_demographics,random_forest,20260707,221,inner_cv,3,0.4,121,42,79,0.4704641350210971,0.32217607867306347,0.4897528631705847,0.47227414330218065,0.5238095238095238,0.45569620253164556,0.4793388429752066,0.24341513933165398,0.11094492995939942,0.5371900826446281
core3_same_cohort,eeg,,rest,modality_demographics,random_forest,20260707,221,fixed_0_5,4,0.5,135,51,84,0.5480859010270774,0.4246741762488255,0.5126050420168067,0.4951923076923077,0.21568627450980393,0.8095238095238095,0.5851851851851851,0.23684256876069434,0.036079823940139984,0.2
core3_same_cohort,eeg,,rest,modality_demographics,random_forest,20260707,221,inner_cv,4,0.3,135,51,84,0.5480859010270774,0.4246741762488255,0.5262605042016807,0.38596491228070173,0.9215686274509803,0.13095238095238096,0.42962962962962964,0.23684256876069434,0.036079823940139984,0.8888888888888888
core3_same_cohort,eeg,,rest,modality_demographics,hist_gradient_boosting,20260707,221,fixed_0_5,0,0.5,144,43,101,0.5241768362882799,0.33121452438348503,0.4914805434031775,0.482903981264637,0.4186046511627907,0.5643564356435643,0.5208333333333334,0.24601334195922636,0.19069875693631297,0.4305555555555556
core3_same_cohort,eeg,,rest,modality_demographics,hist_gradient_boosting,20260707,221,inner_cv,0,0.4,144,43,101,0.5241768362882799,0.33121452438348503,0.504950495049505,0.24098671726755216,1.0,0.009900990099009901,0.3055555555555556,0.24601334195922636,0.19069875693631297,0.9930555555555556
core3_same_cohort,eeg,,rest,modality_demographics,hist_gradient_boosting,20260707,221,fixed_0_5,1,0.5,122,47,75,0.44042553191489364,0.35532423103233723,0.484822695035461,0.48479729729729726,0.3829787234042553,0.5866666666666667,0.5081967213114754,0.254175859580349,0.13965821196771563,0.4016393442622951
core3_same_cohort,eeg,,rest,modality_demographics,hist_gradient_boosting,20260707,221,inner_cv,1,0.2,122,47,75,0.44042553191489364,0.35532423103233723,0.5,0.2781065088757396,1.0,0.0,0.38524590163934425,0.254175859580349,0.13965821196771563,1.0
core3_same_cohort,eeg,,rest,modality_demographics,hist_gradient_boosting,20260707,221,fixed_0_5,2,0.5,139,46,93,0.46330060776063575,0.32189289021576684,0.4322113136979897,0.4259587020648967,0.391304347826087,0.4731182795698925,0.4460431654676259,0.25225395992986455,0.16393393971303905,0.48201438848920863
core3_same_cohort,eeg,,rest,modality_demographics,hist_gradient_boosting,20260707,221,inner_cv,2,0.55,139,46,93,0.46330060776063575,0.32189289021576684,0.4898316970546985,0.456109265411591,0.10869565217391304,0.8709677419354839,0.6187050359712231,0.25225395992986455,0.16393393971303905,0.1223021582733813
core3_same_cohort,eeg,,rest,modality_demographics,hist_gradient_boosting,20260707,221,fixed_0_5,3,0.5,121,42,79,0.5003013863773358,0.3623143836234949,0.5061784207353828,0.5046783625730994,0.40476190476190477,0.6075949367088608,0.5371900826446281,0.25024574090918167,0.15088536872518551,0.39669421487603307
core3_same_cohort,eeg,,rest,modality_demographics,hist_gradient_boosting,20260707,221,inner_cv,3,0.55,121,42,79,0.5003013863773358,0.3623143836234949,0.5207956600361664,0.4888632872503841,0.14285714285714285,0.8987341772151899,0.6363636363636364,0.25024574090918167,0.15088536872518551,0.11570247933884298
core3_same_cohort,eeg,,rest,modality_demographics,hist_gradient_boosting,20260707,221,fixed_0_5,4,0.5,135,51,84,0.5606909430438842,0.4257545236144033,0.5602240896358543,0.553155680224404,0.5490196078431373,0.5714285714285714,0.562962962962963,0.24896864678543323,0.12076965768091766,0.4740740740740741
core3_same_cohort,eeg,,rest,modality_demographics,hist_gradient_boosting,20260707,221,inner_cv,4,0.35,135,51,84,0.5606909430438842,0.4257545236144033,0.5,0.27419354838709675,1.0,0.0,0.37777777777777777,0.24896864678543323,0.12076965768091766,1.0
core3_same_cohort,fnirs,yiruid,vft,demographics,logistic_regression,20260707,4,fixed_0_5,0,0.5,144,43,101,0.6275615933686391,0.379505140618046,0.6144370250978586,0.5753486279802069,0.6744186046511628,0.5544554455445545,0.5902777777777778,0.2408634299229906,0.20107040790955366,0.5138888888888888
core3_same_cohort,fnirs,yiruid,vft,demographics,logistic_regression,20260707,4,inner_cv,0,0.5,144,43,101,0.6275615933686391,0.379505140618046,0.6144370250978586,0.5753486279802069,0.6744186046511628,0.5544554455445545,0.5902777777777778,0.2408634299229906,0.20107040790955366,0.5138888888888888
core3_same_cohort,fnirs,yiruid,vft,demographics,logistic_regression,20260707,4,fixed_0_5,1,0.5,122,47,75,0.5907801418439717,0.4686450388375586,0.5699290780141844,0.5642857142857143,0.5531914893617021,0.5866666666666667,0.5737704918032787,0.24084075724982287,0.10381699351402941,0.4672131147540984
core3_same_cohort,fnirs,yiruid,vft,demographics,logistic_regression,20260707,4,inner_cv,1,0.5,122,47,75,0.5907801418439717,0.4686450388375586,0.5699290780141844,0.5642857142857143,0.5531914893617021,0.5866666666666667,0.5737704918032787,0.24084075724982287,0.10381699351402941,0.4672131147540984
core3_same_cohort,fnirs,yiruid,vft,demographics,logistic_regression,20260707,4,fixed_0_5,2,0.5,139,46,93,0.5702431042543245,0.3783452134948201,0.5404394576905096,0.5275934617251983,0.5217391304347826,0.5591397849462365,0.5467625899280576,0.2439526846759127,0.1648993943364733,0.4676258992805755
core3_same_cohort,fnirs,yiruid,vft,demographics,logistic_regression,20260707,4,inner_cv,2,0.5,139,46,93,0.5702431042543245,0.3783452134948201,0.5404394576905096,0.5275934617251983,0.5217391304347826,0.5591397849462365,0.5467625899280576,0.2439526846759127,0.1648993943364733,0.4676258992805755
core3_same_cohort,fnirs,yiruid,vft,demographics,logistic_regression,20260707,4,fixed_0_5,3,0.5,121,42,79,0.5189873417721519,0.37265711552962855,0.5150693188667872,0.5013620171823706,0.5238095238095238,0.5063291139240507,0.512396694214876,0.257848290276688,0.18002907757458453,0.5041322314049587
core3_same_cohort,fnirs,yiruid,vft,demographics,logistic_regression,20260707,4,inner_cv,3,0.5,121,42,79,0.5189873417721519,0.37265711552962855,0.5150693188667872,0.5013620171823706,0.5238095238095238,0.5063291139240507,0.512396694214876,0.257848290276688,0.18002907757458453,0.5041322314049587
core3_same_cohort,fnirs,yiruid,vft,demographics,logistic_regression,20260707,4,fixed_0_5,4,0.5,135,51,84,0.6109943977591036,0.4418082490375356,0.6011904761904762,0.5824127264692884,0.6666666666666666,0.5357142857142857,0.5851851851851851,0.24258127426170803,0.12241812003625446,0.5407407407407407
core3_same_cohort,fnirs,yiruid,vft,demographics,logistic_regression,20260707,4,inner_cv,4,0.45,135,51,84,0.6109943977591036,0.4418082490375356,0.5742296918767507,0.4925666199158485,0.8627450980392157,0.2857142857142857,0.5037037037037037,0.24258127426170803,0.12241812003625446,0.7703703703703704
core3_same_cohort,fnirs,yiruid,vft,demographics,random_forest,20260707,4,fixed_0_5,0,0.5,144,43,101,0.5762145982040064,0.3446686282968021,0.5599815795533042,0.5078125,0.6744186046511628,0.44554455445544555,0.5138888888888888,0.248243697601504,0.20198499393697503,0.5902777777777778
core3_same_cohort,fnirs,yiruid,vft,demographics,random_forest,20260707,4,inner_cv,0,0.4,144,43,101,0.5762145982040064,0.3446686282968021,0.5656228413539028,0.4328779112169981,0.8837209302325582,0.24752475247524752,0.4375,0.248243697601504,0.20198499393697503,0.7916666666666666
core3_same_cohort,fnirs,yiruid,vft,demographics,random_forest,20260707,4,fixed_0_5,1,0.5,122,47,75,0.5639716312056738,0.42776632346001403,0.539290780141844,0.5329505058791358,0.5319148936170213,0.5466666666666666,0.5409836065573771,0.24504950022186187,0.09738814394495374,0.48360655737704916
core3_same_cohort,fnirs,yiruid,vft,demographics,random_forest,20260707,4,inner_cv,1,0.5,122,47,75,0.5639716312056738,0.42776632346001403,0.539290780141844,0.5329505058791358,0.5319148936170213,0.5466666666666666,0.5409836065573771,0.24504950022186187,0.09738814394495374,0.48360655737704916
core3_same_cohort,fnirs,yiruid,vft,demographics,random_forest,20260707,4,fixed_0_5,2,0.5,139,46,93,0.5662692847124824,0.36230506349715347,0.5514258999532491,0.5328354227794078,0.5652173913043478,0.5376344086021505,0.5467625899280576,0.24226984686455483,0.1547532959954973,0.49640287769784175
core3_same_cohort,fnirs,yiruid,vft,demographics,random_forest,20260707,4,inner_cv,2,0.4,139,46,93,0.5662692847124824,0.36230506349715347,0.5582047685834503,0.4642708333333333,0.8260869565217391,0.2903225806451613,0.4676258992805755,0.24226984686455483,0.1547532959954973,0.7482014388489209
core3_same_cohort,fnirs,yiruid,vft,demographics,random_forest,20260707,4,fixed_0_5,3,0.5,121,42,79,0.5052742616033755,0.36642626946848844,0.5057263411693791,0.47016967706622886,0.6190476190476191,0.3924050632911392,0.47107438016528924,0.2795882543633833,0.20779193956449177,0.6115702479338843
core3_same_cohort,fnirs,yiruid,vft,demographics,random_forest,20260707,4,inner_cv,3,0.3,121,42,79,0.5052742616033755,0.36642626946848844,0.4736286919831224,0.33283208020050126,0.8333333333333334,0.11392405063291139,0.36363636363636365,0.2795882543633833,0.20779193956449177,0.8677685950413223
core3_same_cohort,fnirs,yiruid,vft,demographics,random_forest,20260707,4,fixed_0_5,4,0.5,135,51,84,0.6365546218487395,0.46242176782046807,0.5780812324929971,0.5727848101265822,0.5490196078431373,0.6071428571428571,0.5851851851851851,0.23155556542480746,0.09296797988755855,0.45185185185185184
core3_same_cohort,fnirs,yiruid,vft,demographics,random_forest,20260707,4,inner_cv,4,0.3,135,51,84,0.6365546218487395,0.46242176782046807,0.5476190476190477,0.37347337567171474,1.0,0.09523809523809523,0.43703703703703706,0.23155556542480746,0.09296797988755855,0.9407407407407408
core3_same_cohort,fnirs,yiruid,vft,demographics,hist_gradient_boosting,20260707,4,fixed_0_5,0,0.5,144,43,101,0.5561823624222887,0.3270232131706775,0.5881878885562974,0.5296182536200088,0.7209302325581395,0.45544554455445546,0.5347222222222222,0.24546146671522232,0.19762505354597026,0.5972222222222222
core3_same_cohort,fnirs,yiruid,vft,demographics,hist_gradient_boosting,20260707,4,inner_cv,0,0.45,144,43,101,0.5561823624222887,0.3270232131706775,0.546051116739581,0.3594242015294647,0.9534883720930233,0.13861386138613863,0.3819444444444444,0.24546146671522232,0.19762505354597026,0.8888888888888888
core3_same_cohort,fnirs,yiruid,vft,demographics,hist_gradient_boosting,20260707,4,fixed_0_5,1,0.5,122,47,75,0.5536170212765956,0.4143948178651127,0.5391489361702128,0.5161008403361345,0.6382978723404256,0.44,0.5163934426229508,0.2453625535756614,0.11053575261258261,0.5901639344262295
core3_same_cohort,fnirs,yiruid,vft,demographics,hist_gradient_boosting,20260707,4,inner_cv,1,0.45,122,47,75,0.5536170212765956,0.4143948178651127,0.5693617021276596,0.4312354312354313,0.9787234042553191,0.16,0.47540983606557374,0.2453625535756614,0.11053575261258261,0.8934426229508197
core3_same_cohort,fnirs,yiruid,vft,demographics,hist_gradient_boosting,20260707,4,fixed_0_5,2,0.5,139,46,93,0.5806451612903226,0.3685517176975879,0.5575035063113605,0.5095475300954753,0.6956521739130435,0.41935483870967744,0.5107913669064749,0.24329006862021352,0.1664435418136848,0.6187050359712231
core3_same_cohort,fnirs,yiruid,vft,demographics,hist_gradient_boosting,20260707,4,inner_cv,2,0.45,139,46,93,0.5806451612903226,0.3685517176975879,0.5749181860682562,0.4378458918688804,0.9347826086956522,0.21505376344086022,0.45323741007194246,0.24329006862021352,0.1664435418136848,0.8345323741007195
core3_same_cohort,fnirs,yiruid,vft,demographics,hist_gradient_boosting,20260707,4,fixed_0_5,3,0.5,121,42,79,0.5088908981314044,0.3552849934630755,0.5183845690174804,0.4858826754385965,0.6190476190476191,0.4177215189873418,0.48760330578512395,0.2554175665923925,0.16447247670588447,0.5950413223140496
core3_same_cohort,fnirs,yiruid,vft,demographics,hist_gradient_boosting,20260707,4,inner_cv,3,0.4,121,42,79,0.5088908981314044,0.3552849934630755,0.4847799879445449,0.32195618950585836,0.8809523809523809,0.08860759493670886,0.36363636363636365,0.2554175665923925,0.16447247670588447,0.9008264462809917
core3_same_cohort,fnirs,yiruid,vft,demographics,hist_gradient_boosting,20260707,4,fixed_0_5,4,0.5,135,51,84,0.6070261437908497,0.4462082208614026,0.6004901960784313,0.5549450549450549,0.7843137254901961,0.4166666666666667,0.5555555555555556,0.24199431780724465,0.11881956529298951,0.6592592592592592
core3_same_cohort,fnirs,yiruid,vft,demographics,hist_gradient_boosting,20260707,4,inner_cv,4,0.45,135,51,84,0.6070261437908497,0.4462082208614026,0.5637254901960784,0.42823529411764705,0.9607843137254902,0.16666666666666666,0.4666666666666667,0.24199431780724465,0.11881956529298951,0.8814814814814815
core3_same_cohort,fnirs,yiruid,vft,modality,logistic_regression,20260707,289,fixed_0_5,0,0.5,144,43,101,0.5236011973290352,0.3258930553983891,0.5644715634354133,0.5464449837352197,0.5348837209302325,0.594059405940594,0.5763888888888888,0.3277964651978606,0.28610733295684043,0.4444444444444444
core3_same_cohort,fnirs,yiruid,vft,modality,logistic_regression,20260707,289,inner_cv,0,0.35,144,43,101,0.5236011973290352,0.3258930553983891,0.5184204466958324,0.482039911308204,0.5813953488372093,0.45544554455445546,0.4930555555555556,0.3277964651978606,0.28610733295684043,0.5555555555555556
core3_same_cohort,fnirs,yiruid,vft,modality,logistic_regression,20260707,289,fixed_0_5,1,0.5,122,47,75,0.4748936170212765,0.3814599850928055,0.48340425531914893,0.48049450549450545,0.44680851063829785,0.52,0.4918032786885246,0.3135029164145908,0.24641642309073092,0.4672131147540984
core3_same_cohort,fnirs,yiruid,vft,modality,logistic_regression,20260707,289,inner_cv,1,0.4,122,47,75,0.4748936170212765,0.3814599850928055,0.46453900709219853,0.4340840336134454,0.5957446808510638,0.3333333333333333,0.4344262295081967,0.3135029164145908,0.24641642309073092,0.639344262295082
core3_same_cohort,fnirs,yiruid,vft,modality,logistic_regression,20260707,289,fixed_0_5,2,0.5,139,46,93,0.6098644226273959,0.4745651270947203,0.5944366526414212,0.5821719407553151,0.5652173913043478,0.6236559139784946,0.60431654676259,0.27800135954402416,0.2438144548554634,0.43884892086330934
core3_same_cohort,fnirs,yiruid,vft,modality,logistic_regression,20260707,289,inner_cv,2,0.2,139,46,93,0.6098644226273959,0.4745651270947203,0.5257129499766247,0.4353125,0.782608695652174,0.26881720430107525,0.43884892086330934,0.27800135954402416,0.2438144548554634,0.7482014388489209
core3_same_cohort,fnirs,yiruid,vft,modality,logistic_regression,20260707,289,fixed_0_5,3,0.5,121,42,79,0.459915611814346,0.3698631176303767,0.47754671488848704,0.47738122300522845,0.30952380952380953,0.6455696202531646,0.5289256198347108,0.32775435108035716,0.28227243951343106,0.33884297520661155
core3_same_cohort,fnirs,yiruid,vft,modality,logistic_regression,20260707,289,inner_cv,3,0.3,121,42,79,0.459915611814346,0.3698631176303767,0.4897528631705847,0.47227414330218065,0.5238095238095238,0.45569620253164556,0.4793388429752066,0.32775435108035716,0.28227243951343106,0.5371900826446281
core3_same_cohort,fnirs,yiruid,vft,modality,logistic_regression,20260707,289,fixed_0_5,4,0.5,135,51,84,0.5450513538748833,0.42475565796283704,0.5385154061624651,0.5314599193909539,0.5294117647058824,0.5476190476190477,0.5407407407407407,0.2839404383406019,0.20168228645894404,0.48148148148148145
core3_same_cohort,fnirs,yiruid,vft,modality,logistic_regression,20260707,289,inner_cv,4,0.5,135,51,84,0.5450513538748833,0.42475565796283704,0.5385154061624651,0.5314599193909539,0.5294117647058824,0.5476190476190477,0.5407407407407407,0.2839404383406019,0.20168228645894404,0.48148148148148145
core3_same_cohort,fnirs,yiruid,vft,modality,random_forest,20260707,289,fixed_0_5,0,0.5,144,43,101,0.594289661524292,0.39365547498955594,0.5736817867833295,0.576338028169014,0.32558139534883723,0.8217821782178217,0.6736111111111112,0.22314309927341203,0.13231053412100893,0.2222222222222222
core3_same_cohort,fnirs,yiruid,vft,modality,random_forest,20260707,289,inner_cv,0,0.4,144,43,101,0.594289661524292,0.39365547498955594,0.5550310845037992,0.5015357612988153,0.6744186046511628,0.43564356435643564,0.5069444444444444,0.22314309927341203,0.13231053412100893,0.5972222222222222
core3_same_cohort,fnirs,yiruid,vft,modality,random_forest,20260707,289,fixed_0_5,1,0.5,122,47,75,0.5418439716312057,0.44034395555872213,0.5251063829787234,0.4916666666666667,0.1702127659574468,0.88,0.6065573770491803,0.24309471715231876,0.10425514539736712,0.13934426229508196
core3_same_cohort,fnirs,yiruid,vft,modality,random_forest,20260707,289,inner_cv,1,0.4,122,47,75,0.5418439716312057,0.44034395555872213,0.5619858156028368,0.5594444444444444,0.5106382978723404,0.6133333333333333,0.5737704918032787,0.24309471715231876,0.10425514539736712,0.4344262295081967
core3_same_cohort,fnirs,yiruid,vft,modality,random_forest,20260707,289,fixed_0_5,2,0.5,139,46,93,0.6496026180458159,0.5057749220484384,0.5709443665264142,0.5536697247706421,0.1956521739130435,0.946236559139785,0.697841726618705,0.21193503743561506,0.08474810324323995,0.10071942446043165
core3_same_cohort,fnirs,yiruid,vft,modality,random_forest,20260707,289,inner_cv,2,0.45,139,46,93,0.6496026180458159,0.5057749220484384,0.6206171107994389,0.624693176239568,0.43478260869565216,0.8064516129032258,0.6834532374100719,0.21193503743561506,0.08474810324323995,0.2733812949640288
core3_same_cohort,fnirs,yiruid,vft,modality,random_forest,20260707,289,fixed_0_5,3,0.5,121,42,79,0.5051235684147076,0.4289697392665014,0.5534960819770947,0.5515196441808747,0.30952380952380953,0.7974683544303798,0.628099173553719,0.24006442104004913,0.13202729604654542,0.2396694214876033
core3_same_cohort,fnirs,yiruid,vft,modality,random_forest,20260707,289,inner_cv,3,0.45,121,42,79,0.5051235684147076,0.4289697392665014,0.5426461723930078,0.5400584795321638,0.4523809523809524,0.6329113924050633,0.5702479338842975,0.24006442104004913,0.13202729604654542,0.39669421487603307
core3_same_cohort,fnirs,yiruid,vft,modality,random_forest,20260707,289,fixed_0_5,4,0.5,135,51,84,0.6617647058823529,0.5183093630845814,0.5798319327731092,0.5643939393939393,0.2549019607843137,0.9047619047619048,0.6592592592592592,0.2204804296637441,0.08316958291287783,0.15555555555555556
core3_same_cohort,fnirs,yiruid,vft,modality,random_forest,20260707,289,inner_cv,4,0.45,135,51,84,0.6617647058823529,0.5183093630845814,0.6302521008403361,0.6333333333333333,0.45098039215686275,0.8095238095238095,0.674074074074074,0.2204804296637441,0.08316958291287783,0.28888888888888886
core3_same_cohort,fnirs,yiruid,vft,modality,hist_gradient_boosting,20260707,289,fixed_0_5,0,0.5,144,43,101,0.507368178678333,0.31062005662996006,0.5379921713101543,0.5202706165752652,0.5116279069767442,0.5643564356435643,0.5486111111111112,0.24828043977570718,0.19831619534172978,0.4583333333333333
core3_same_cohort,fnirs,yiruid,vft,modality,hist_gradient_boosting,20260707,289,inner_cv,0,0.5,144,43,101,0.507368178678333,0.31062005662996006,0.5379921713101543,0.5202706165752652,0.5116279069767442,0.5643564356435643,0.5486111111111112,0.24828043977570718,0.19831619534172978,0.4583333333333333
core3_same_cohort,fnirs,yiruid,vft,modality,hist_gradient_boosting,20260707,289,fixed_0_5,1,0.5,122,47,75,0.512482269503546,0.47994378614824834,0.5113475177304965,0.5068174032202809,0.48936170212765956,0.5333333333333333,0.5163934426229508,0.24992938632737194,0.127233622206056,0.47540983606557374
core3_same_cohort,fnirs,yiruid,vft,modality,hist_gradient_boosting,20260707,289,inner_cv,1,0.45,122,47,75,0.512482269503546,0.47994378614824834,0.4831205673758865,0.44021592442645074,0.6595744680851063,0.30666666666666664,0.4426229508196721,0.24992938632737194,0.127233622206056,0.680327868852459
core3_same_cohort,fnirs,yiruid,vft,modality,hist_gradient_boosting,20260707,289,fixed_0_5,2,0.5,139,46,93,0.5766713417484806,0.3892312650208373,0.5618279569892473,0.5544871794871795,0.5,0.6236559139784946,0.5827338129496403,0.2423130750933587,0.15667179707508622,0.4172661870503597
core3_same_cohort,fnirs,yiruid,vft,modality,hist_gradient_boosting,20260707,289,inner_cv,2,0.5,139,46,93,0.5766713417484806,0.3892312650208373,0.5618279569892473,0.5544871794871795,0.5,0.6236559139784946,0.5827338129496403,0.2423130750933587,0.15667179707508622,0.4172661870503597
core3_same_cohort,fnirs,yiruid,vft,modality,hist_gradient_boosting,20260707,289,fixed_0_5,3,0.5,121,42,79,0.5638939119951778,0.4797698200277646,0.5522905364677517,0.5398591549295775,0.5476190476190477,0.5569620253164557,0.5537190082644629,0.2439738331266467,0.15884233778531867,0.4793388429752066
core3_same_cohort,fnirs,yiruid,vft,modality,hist_gradient_boosting,20260707,289,inner_cv,3,0.5,121,42,79,0.5638939119951778,0.4797698200277646,0.5522905364677517,0.5398591549295775,0.5476190476190477,0.5569620253164557,0.5537190082644629,0.2439738331266467,0.15884233778531867,0.4793388429752066
core3_same_cohort,fnirs,yiruid,vft,modality,hist_gradient_boosting,20260707,289,fixed_0_5,4,0.5,135,51,84,0.6395891690009337,0.4901508721279302,0.5945378151260504,0.5959051724137931,0.45098039215686275,0.7380952380952381,0.6296296296296297,0.23911558377276462,0.1121865009156053,0.3333333333333333
core3_same_cohort,fnirs,yiruid,vft,modality,hist_gradient_boosting,20260707,289,inner_cv,4,0.55,135,51,84,0.6395891690009337,0.4901508721279302,0.530812324929972,0.49378722152782883,0.1568627450980392,0.9047619047619048,0.6222222222222222,0.23911558377276462,0.1121865009156053,0.11851851851851852
core3_same_cohort,fnirs,yiruid,vft,modality_demographics,logistic_regression,20260707,293,fixed_0_5,0,0.5,144,43,101,0.5323509095095555,0.32507946774239727,0.567925397190882,0.5412389380530974,0.5813953488372093,0.5544554455445545,0.5625,0.32901020243940093,0.2924496792253767,0.4861111111111111
core3_same_cohort,fnirs,yiruid,vft,modality_demographics,logistic_regression,20260707,293,inner_cv,0,0.6,144,43,101,0.5323509095095555,0.32507946774239727,0.5610177296799448,0.5501667813840208,0.4883720930232558,0.6336633663366337,0.5902777777777778,0.32901020243940093,0.2924496792253767,0.4027777777777778
core3_same_cohort,fnirs,yiruid,vft,modality_demographics,logistic_regression,20260707,293,fixed_0_5,1,0.5,122,47,75,0.48737588652482267,0.397329995059041,0.4900709219858156,0.48757143840804246,0.44680851063829785,0.5333333333333333,0.5,0.30981266848846284,0.27277367266703567,0.45901639344262296
core3_same_cohort,fnirs,yiruid,vft,modality_demographics,logistic_regression,20260707,293,inner_cv,1,0.4,122,47,75,0.48737588652482267,0.397329995059041,0.4459574468085106,0.42607526881720426,0.5319148936170213,0.36,0.4262295081967213,0.30981266848846284,0.27277367266703567,0.5983606557377049
core3_same_cohort,fnirs,yiruid,vft,modality_demographics,logistic_regression,20260707,293,fixed_0_5,2,0.5,139,46,93,0.6096306685366993,0.4745273307397988,0.5673211781206171,0.5578104431768319,0.5217391304347826,0.6129032258064516,0.5827338129496403,0.2872117932044469,0.2225935168432963,0.4316546762589928
core3_same_cohort,fnirs,yiruid,vft,modality_demographics,logistic_regression,20260707,293,inner_cv,2,0.75,139,46,93,0.6096306685366993,0.4745273307397988,0.5553997194950911,0.5544871794871795,0.30434782608695654,0.8064516129032258,0.6402877697841727,0.2872117932044469,0.2225935168432963,0.2302158273381295
core3_same_cohort,fnirs,yiruid,vft,modality_demographics,logistic_regression,20260707,293,fixed_0_5,3,0.5,121,42,79,0.46925858951175403,0.3688575482141543,0.4593128390596745,0.4590437220580435,0.2857142857142857,0.6329113924050633,0.512396694214876,0.32614411496428686,0.2876415201398621,0.33884297520661155
core3_same_cohort,fnirs,yiruid,vft,modality_demographics,logistic_regression,20260707,293,inner_cv,3,0.3,121,42,79,0.46925858951175403,0.3688575482141543,0.4834237492465341,0.4648977335544499,0.5238095238095238,0.4430379746835443,0.47107438016528924,0.32614411496428686,0.2876415201398621,0.5454545454545454
core3_same_cohort,fnirs,yiruid,vft,modality_demographics,logistic_regression,20260707,293,fixed_0_5,4,0.5,135,51,84,0.542250233426704,0.42853847234161735,0.5525210084033614,0.5486996430392657,0.5098039215686274,0.5952380952380952,0.562962962962963,0.285779565397094,0.18621325289731847,0.4444444444444444
core3_same_cohort,fnirs,yiruid,vft,modality_demographics,logistic_regression,20260707,293,inner_cv,4,0.4,135,51,84,0.542250233426704,0.42853847234161735,0.5458683473389356,0.5246478873239436,0.6274509803921569,0.4642857142857143,0.5259259259259259,0.285779565397094,0.18621325289731847,0.5703703703703704
core3_same_cohort,fnirs,yiruid,vft,modality_demographics,random_forest,20260707,293,fixed_0_5,0,0.5,144,43,101,0.6122495970527284,0.3954065909640035,0.613516002763067,0.6188834861820643,0.3953488372093023,0.8316831683168316,0.7013888888888888,0.22087324869212988,0.13071843854273835,0.2361111111111111
core3_same_cohort,fnirs,yiruid,vft,modality_demographics,random_forest,20260707,293,inner_cv,0,0.4,144,43,101,0.6122495970527284,0.3954065909640035,0.5698825696523141,0.5202821869488536,0.6744186046511628,0.46534653465346537,0.5277777777777778,0.22087324869212988,0.13071843854273835,0.5763888888888888
core3_same_cohort,fnirs,yiruid,vft,modality_demographics,random_forest,20260707,293,fixed_0_5,1,0.5,122,47,75,0.5066666666666667,0.4074435595897416,0.49049645390070923,0.44930555555555557,0.1276595744680851,0.8533333333333334,0.5737704918032787,0.24552950639652946,0.06961705721389418,0.13934426229508196
core3_same_cohort,fnirs,yiruid,vft,modality_demographics,random_forest,20260707,293,inner_cv,1,0.4,122,47,75,0.5066666666666667,0.4074435595897416,0.5419858156028369,0.5379742477449563,0.5106382978723404,0.5733333333333334,0.5491803278688525,0.24552950639652946,0.06961705721389418,0.45901639344262296
core3_same_cohort,fnirs,yiruid,vft,modality_demographics,random_forest,20260707,293,fixed_0_5,2,0.5,139,46,93,0.6439925198690977,0.5143401895450248,0.5876577840112203,0.58764832793959,0.30434782608695654,0.8709677419354839,0.6834532374100719,0.21622944089903448,0.08827294808317149,0.18705035971223022
core3_same_cohort,fnirs,yiruid,vft,modality_demographics,random_forest,20260707,293,inner_cv,2,0.45,139,46,93,0.6439925198690977,0.5143401895450248,0.6104488078541375,0.6034569558650781,0.5434782608695652,0.6774193548387096,0.6330935251798561,0.21622944089903448,0.08827294808317149,0.39568345323741005
core3_same_cohort,fnirs,yiruid,vft,modality_demographics,random_forest,20260707,293,fixed_0_5,3,0.5,121,42,79,0.5147679324894515,0.4340029225629659,0.5494273658830621,0.5386184268865833,0.23809523809523808,0.8607594936708861,0.6446280991735537,0.23768198970334456,0.1161073089038548,0.17355371900826447
core3_same_cohort,fnirs,yiruid,vft,modality_demographics,random_forest,20260707,293,inner_cv,3,0.45,121,42,79,0.5147679324894515,0.4340029225629659,0.5512356841470765,0.5518518518518518,0.38095238095238093,0.7215189873417721,0.6033057851239669,0.23768198970334456,0.1161073089038548,0.3140495867768595
core3_same_cohort,fnirs,yiruid,vft,modality_demographics,random_forest,20260707,293,fixed_0_5,4,0.5,135,51,84,0.6528944911297853,0.5196506912928105,0.5738795518207283,0.5587928516792992,0.2549019607843137,0.8928571428571429,0.6518518518518519,0.2219493592649949,0.05197410144116576,0.16296296296296298
core3_same_cohort,fnirs,yiruid,vft,modality_demographics,random_forest,20260707,293,inner_cv,4,0.5,135,51,84,0.6528944911297853,0.5196506912928105,0.5738795518207283,0.5587928516792992,0.2549019607843137,0.8928571428571429,0.6518518518518519,0.2219493592649949,0.05197410144116576,0.16296296296296298
core3_same_cohort,fnirs,yiruid,vft,modality_demographics,hist_gradient_boosting,20260707,293,fixed_0_5,0,0.5,144,43,101,0.507368178678333,0.31062005662996006,0.5379921713101543,0.5202706165752652,0.5116279069767442,0.5643564356435643,0.5486111111111112,0.24828043977570718,0.19831619534172978,0.4583333333333333
core3_same_cohort,fnirs,yiruid,vft,modality_demographics,hist_gradient_boosting,20260707,293,inner_cv,0,0.5,144,43,101,0.507368178678333,0.31062005662996006,0.5379921713101543,0.5202706165752652,0.5116279069767442,0.5643564356435643,0.5486111111111112,0.24828043977570718,0.19831619534172978,0.4583333333333333
core3_same_cohort,fnirs,yiruid,vft,modality_demographics,hist_gradient_boosting,20260707,293,fixed_0_5,1,0.5,122,47,75,0.512482269503546,0.47994378614824834,0.5113475177304965,0.5068174032202809,0.48936170212765956,0.5333333333333333,0.5163934426229508,0.24992938632737194,0.127233622206056,0.47540983606557374
core3_same_cohort,fnirs,yiruid,vft,modality_demographics,hist_gradient_boosting,20260707,293,inner_cv,1,0.45,122,47,75,0.512482269503546,0.47994378614824834,0.4831205673758865,0.44021592442645074,0.6595744680851063,0.30666666666666664,0.4426229508196721,0.24992938632737194,0.127233622206056,0.680327868852459
core3_same_cohort,fnirs,yiruid,vft,modality_demographics,hist_gradient_boosting,20260707,293,fixed_0_5,2,0.5,139,46,93,0.5766713417484806,0.3892312650208373,0.5618279569892473,0.5544871794871795,0.5,0.6236559139784946,0.5827338129496403,0.2423130750933587,0.15667179707508622,0.4172661870503597
core3_same_cohort,fnirs,yiruid,vft,modality_demographics,hist_gradient_boosting,20260707,293,inner_cv,2,0.5,139,46,93,0.5766713417484806,0.3892312650208373,0.5618279569892473,0.5544871794871795,0.5,0.6236559139784946,0.5827338129496403,0.2423130750933587,0.15667179707508622,0.4172661870503597
core3_same_cohort,fnirs,yiruid,vft,modality_demographics,hist_gradient_boosting,20260707,293,fixed_0_5,3,0.5,121,42,79,0.5638939119951778,0.4797698200277646,0.5522905364677517,0.5398591549295775,0.5476190476190477,0.5569620253164557,0.5537190082644629,0.2439738331266467,0.15884233778531867,0.4793388429752066
core3_same_cohort,fnirs,yiruid,vft,modality_demographics,hist_gradient_boosting,20260707,293,inner_cv,3,0.5,121,42,79,0.5638939119951778,0.4797698200277646,0.5522905364677517,0.5398591549295775,0.5476190476190477,0.5569620253164557,0.5537190082644629,0.2439738331266467,0.15884233778531867,0.4793388429752066
core3_same_cohort,fnirs,yiruid,vft,modality_demographics,hist_gradient_boosting,20260707,293,fixed_0_5,4,0.5,135,51,84,0.6395891690009337,0.4901508721279302,0.5945378151260504,0.5959051724137931,0.45098039215686275,0.7380952380952381,0.6296296296296297,0.23911558377276462,0.1121865009156053,0.3333333333333333
core3_same_cohort,fnirs,yiruid,vft,modality_demographics,hist_gradient_boosting,20260707,293,inner_cv,4,0.55,135,51,84,0.6395891690009337,0.4901508721279302,0.530812324929972,0.49378722152782883,0.1568627450980392,0.9047619047619048,0.6222222222222222,0.23911558377276462,0.1121865009156053,0.11851851851851852
core3_same_cohort,face,,self_intro,demographics,logistic_regression,20260707,4,fixed_0_5,0,0.5,144,43,101,0.6275615933686391,0.379505140618046,0.6144370250978586,0.5753486279802069,0.6744186046511628,0.5544554455445545,0.5902777777777778,0.2408634299229906,0.20107040790955366,0.5138888888888888
core3_same_cohort,face,,self_intro,demographics,logistic_regression,20260707,4,inner_cv,0,0.5,144,43,101,0.6275615933686391,0.379505140618046,0.6144370250978586,0.5753486279802069,0.6744186046511628,0.5544554455445545,0.5902777777777778,0.2408634299229906,0.20107040790955366,0.5138888888888888
core3_same_cohort,face,,self_intro,demographics,logistic_regression,20260707,4,fixed_0_5,1,0.5,122,47,75,0.5907801418439717,0.4686450388375586,0.5699290780141844,0.5642857142857143,0.5531914893617021,0.5866666666666667,0.5737704918032787,0.24084075724982287,0.10381699351402941,0.4672131147540984
core3_same_cohort,face,,self_intro,demographics,logistic_regression,20260707,4,inner_cv,1,0.5,122,47,75,0.5907801418439717,0.4686450388375586,0.5699290780141844,0.5642857142857143,0.5531914893617021,0.5866666666666667,0.5737704918032787,0.24084075724982287,0.10381699351402941,0.4672131147540984
core3_same_cohort,face,,self_intro,demographics,logistic_regression,20260707,4,fixed_0_5,2,0.5,139,46,93,0.5702431042543245,0.3783452134948201,0.5404394576905096,0.5275934617251983,0.5217391304347826,0.5591397849462365,0.5467625899280576,0.2439526846759127,0.1648993943364733,0.4676258992805755
core3_same_cohort,face,,self_intro,demographics,logistic_regression,20260707,4,inner_cv,2,0.5,139,46,93,0.5702431042543245,0.3783452134948201,0.5404394576905096,0.5275934617251983,0.5217391304347826,0.5591397849462365,0.5467625899280576,0.2439526846759127,0.1648993943364733,0.4676258992805755
core3_same_cohort,face,,self_intro,demographics,logistic_regression,20260707,4,fixed_0_5,3,0.5,121,42,79,0.5189873417721519,0.37265711552962855,0.5150693188667872,0.5013620171823706,0.5238095238095238,0.5063291139240507,0.512396694214876,0.257848290276688,0.18002907757458453,0.5041322314049587
core3_same_cohort,face,,self_intro,demographics,logistic_regression,20260707,4,inner_cv,3,0.5,121,42,79,0.5189873417721519,0.37265711552962855,0.5150693188667872,0.5013620171823706,0.5238095238095238,0.5063291139240507,0.512396694214876,0.257848290276688,0.18002907757458453,0.5041322314049587
core3_same_cohort,face,,self_intro,demographics,logistic_regression,20260707,4,fixed_0_5,4,0.5,135,51,84,0.6109943977591036,0.4418082490375356,0.6011904761904762,0.5824127264692884,0.6666666666666666,0.5357142857142857,0.5851851851851851,0.24258127426170803,0.12241812003625446,0.5407407407407407
core3_same_cohort,face,,self_intro,demographics,logistic_regression,20260707,4,inner_cv,4,0.45,135,51,84,0.6109943977591036,0.4418082490375356,0.5742296918767507,0.4925666199158485,0.8627450980392157,0.2857142857142857,0.5037037037037037,0.24258127426170803,0.12241812003625446,0.7703703703703704
core3_same_cohort,face,,self_intro,demographics,hist_gradient_boosting,20260707,4,fixed_0_5,0,0.5,144,43,101,0.5561823624222887,0.3270232131706775,0.5881878885562974,0.5296182536200088,0.7209302325581395,0.45544554455445546,0.5347222222222222,0.24546146671522232,0.19762505354597026,0.5972222222222222
core3_same_cohort,face,,self_intro,demographics,hist_gradient_boosting,20260707,4,inner_cv,0,0.45,144,43,101,0.5561823624222887,0.3270232131706775,0.546051116739581,0.3594242015294647,0.9534883720930233,0.13861386138613863,0.3819444444444444,0.24546146671522232,0.19762505354597026,0.8888888888888888
core3_same_cohort,face,,self_intro,demographics,hist_gradient_boosting,20260707,4,fixed_0_5,1,0.5,122,47,75,0.5536170212765956,0.4143948178651127,0.5391489361702128,0.5161008403361345,0.6382978723404256,0.44,0.5163934426229508,0.2453625535756614,0.11053575261258261,0.5901639344262295
core3_same_cohort,face,,self_intro,demographics,hist_gradient_boosting,20260707,4,inner_cv,1,0.45,122,47,75,0.5536170212765956,0.4143948178651127,0.5693617021276596,0.4312354312354313,0.9787234042553191,0.16,0.47540983606557374,0.2453625535756614,0.11053575261258261,0.8934426229508197
core3_same_cohort,face,,self_intro,demographics,hist_gradient_boosting,20260707,4,fixed_0_5,2,0.5,139,46,93,0.5806451612903226,0.3685517176975879,0.5575035063113605,0.5095475300954753,0.6956521739130435,0.41935483870967744,0.5107913669064749,0.24329006862021352,0.1664435418136848,0.6187050359712231
core3_same_cohort,face,,self_intro,demographics,hist_gradient_boosting,20260707,4,inner_cv,2,0.45,139,46,93,0.5806451612903226,0.3685517176975879,0.5749181860682562,0.4378458918688804,0.9347826086956522,0.21505376344086022,0.45323741007194246,0.24329006862021352,0.1664435418136848,0.8345323741007195
core3_same_cohort,face,,self_intro,demographics,hist_gradient_boosting,20260707,4,fixed_0_5,3,0.5,121,42,79,0.5088908981314044,0.3552849934630755,0.5183845690174804,0.4858826754385965,0.6190476190476191,0.4177215189873418,0.48760330578512395,0.2554175665923925,0.16447247670588447,0.5950413223140496
core3_same_cohort,face,,self_intro,demographics,hist_gradient_boosting,20260707,4,inner_cv,3,0.4,121,42,79,0.5088908981314044,0.3552849934630755,0.4847799879445449,0.32195618950585836,0.8809523809523809,0.08860759493670886,0.36363636363636365,0.2554175665923925,0.16447247670588447,0.9008264462809917
core3_same_cohort,face,,self_intro,demographics,hist_gradient_boosting,20260707,4,fixed_0_5,4,0.5,135,51,84,0.6070261437908497,0.4462082208614026,0.6004901960784313,0.5549450549450549,0.7843137254901961,0.4166666666666667,0.5555555555555556,0.24199431780724465,0.11881956529298951,0.6592592592592592
core3_same_cohort,face,,self_intro,demographics,hist_gradient_boosting,20260707,4,inner_cv,4,0.45,135,51,84,0.6070261437908497,0.4462082208614026,0.5637254901960784,0.42823529411764705,0.9607843137254902,0.16666666666666666,0.4666666666666667,0.24199431780724465,0.11881956529298951,0.8814814814814815
core3_same_cohort,face,,self_intro,modality,logistic_regression,20260707,1024,fixed_0_5,0,0.5,144,43,101,0.5084043288049735,0.31522229432665927,0.49320746028091184,0.4814814814814815,0.4418604651162791,0.5445544554455446,0.5138888888888888,0.2795792238644739,0.2186396925601363,0.4513888888888889
core3_same_cohort,face,,self_intro,modality,logistic_regression,20260707,1024,inner_cv,0,0.35,144,43,101,0.5084043288049735,0.31522229432665927,0.4938982270320056,0.4295652173913044,0.6511627906976745,0.33663366336633666,0.4305555555555556,0.2795792238644739,0.2186396925601363,0.6597222222222222
core3_same_cohort,face,,self_intro,modality,logistic_regression,20260707,1024,fixed_0_5,1,0.5,122,47,75,0.5852482269503546,0.5421082105935601,0.5685106382978724,0.5543831168831168,0.6170212765957447,0.52,0.5573770491803278,0.2552522356468179,0.1910568912065868,0.5327868852459017
core3_same_cohort,face,,self_intro,modality,logistic_regression,20260707,1024,inner_cv,1,0.45,122,47,75,0.5852482269503546,0.5421082105935601,0.5231205673758865,0.4916666666666667,0.6595744680851063,0.38666666666666666,0.4918032786885246,0.2552522356468179,0.1910568912065868,0.6311475409836066
core3_same_cohort,face,,self_intro,modality,logistic_regression,20260707,1024,fixed_0_5,2,0.5,139,46,93,0.6318373071528751,0.4780011095394856,0.6105656848994857,0.600574712643678,0.5652173913043478,0.6559139784946236,0.6258992805755396,0.23240204593387961,0.13906920364147948,0.4172661870503597
core3_same_cohort,face,,self_intro,modality,logistic_regression,20260707,1024,inner_cv,2,0.45,139,46,93,0.6318373071528751,0.4780011095394856,0.6055399719495091,0.5836542575952075,0.6304347826086957,0.5806451612903226,0.5971223021582733,0.23240204593387961,0.13906920364147948,0.4892086330935252
core3_same_cohort,face,,self_intro,modality,logistic_regression,20260707,1024,fixed_0_5,3,0.5,121,42,79,0.5039180229053647,0.3817509624735719,0.48387582881253766,0.48353658536585364,0.30952380952380953,0.6582278481012658,0.5371900826446281,0.2617477707132362,0.14145902518226633,0.3305785123966942
core3_same_cohort,face,,self_intro,modality,logistic_regression,20260707,1024,inner_cv,3,0.5,121,42,79,0.5039180229053647,0.3817509624735719,0.48387582881253766,0.48353658536585364,0.30952380952380953,0.6582278481012658,0.5371900826446281,0.2617477707132362,0.14145902518226633,0.3305785123966942
core3_same_cohort,face,,self_intro,modality,logistic_regression,20260707,1024,fixed_0_5,4,0.5,135,51,84,0.5978057889822596,0.47490126968158086,0.5626750700280112,0.56209453197405,0.47058823529411764,0.6547619047619048,0.5851851851851851,0.24794886276047468,0.16248912383340453,0.3925925925925926
core3_same_cohort,face,,self_intro,modality,logistic_regression,20260707,1024,inner_cv,4,0.5,135,51,84,0.5978057889822596,0.47490126968158086,0.5626750700280112,0.56209453197405,0.47058823529411764,0.6547619047619048,0.5851851851851851,0.24794886276047468,0.16248912383340453,0.3925925925925926
core3_same_cohort,face,,self_intro,modality,hist_gradient_boosting,20260707,1024,fixed_0_5,0,0.5,144,43,101,0.5764448537877044,0.37320410235465895,0.53626525443242,0.522289031722994,0.4883720930232558,0.5841584158415841,0.5555555555555556,0.24471911607593158,0.1974588492890452,0.4375
core3_same_cohort,face,,self_intro,modality,hist_gradient_boosting,20260707,1024,inner_cv,0,0.5,144,43,101,0.5764448537877044,0.37320410235465895,0.53626525443242,0.522289031722994,0.4883720930232558,0.5841584158415841,0.5555555555555556,0.24471911607593158,0.1974588492890452,0.4375
core3_same_cohort,face,,self_intro,modality,hist_gradient_boosting,20260707,1024,fixed_0_5,1,0.5,122,47,75,0.5527659574468085,0.5015868400259281,0.5232624113475177,0.5124297229560387,0.5531914893617021,0.49333333333333335,0.5163934426229508,0.2459492291480249,0.11257997974587208,0.5245901639344263
core3_same_cohort,face,,self_intro,modality,hist_gradient_boosting,20260707,1024,inner_cv,1,0.5,122,47,75,0.5527659574468085,0.5015868400259281,0.5232624113475177,0.5124297229560387,0.5531914893617021,0.49333333333333335,0.5163934426229508,0.2459492291480249,0.11257997974587208,0.5245901639344263
core3_same_cohort,face,,self_intro,modality,hist_gradient_boosting,20260707,1024,fixed_0_5,2,0.5,139,46,93,0.6168770453482935,0.49562161448817144,0.5833333333333333,0.578314606741573,0.5,0.6666666666666666,0.6115107913669064,0.23939859456392729,0.16370135884314166,0.38848920863309355
core3_same_cohort,face,,self_intro,modality,hist_gradient_boosting,20260707,1024,inner_cv,2,0.5,139,46,93,0.6168770453482935,0.49562161448817144,0.5833333333333333,0.578314606741573,0.5,0.6666666666666666,0.6115107913669064,0.23939859456392729,0.16370135884314166,0.38848920863309355
core3_same_cohort,face,,self_intro,modality,hist_gradient_boosting,20260707,1024,fixed_0_5,3,0.5,121,42,79,0.445750452079566,0.3319465980310252,0.4570524412296564,0.4563768115942029,0.35714285714285715,0.5569620253164557,0.48760330578512395,0.2536585993069472,0.15733323156964146,0.4132231404958678
core3_same_cohort,face,,self_intro,modality,hist_gradient_boosting,20260707,1024,inner_cv,3,0.45,121,42,79,0.445750452079566,0.3319465980310252,0.47588908981314043,0.3761148272017837,0.7619047619047619,0.189873417721519,0.3884297520661157,0.2536585993069472,0.15733323156964146,0.7933884297520661
core3_same_cohort,face,,self_intro,modality,hist_gradient_boosting,20260707,1024,fixed_0_5,4,0.5,135,51,84,0.5743464052287582,0.481865220713799,0.5563725490196079,0.5510399639253706,0.5294117647058824,0.5833333333333334,0.562962962962963,0.24426120723507194,0.11450089033087249,0.45925925925925926
core3_same_cohort,face,,self_intro,modality,hist_gradient_boosting,20260707,1024,inner_cv,4,0.45,135,51,84,0.5743464052287582,0.481865220713799,0.5052521008403361,0.42307692307692313,0.7843137254901961,0.2261904761904762,0.43703703703703706,0.24426120723507194,0.11450089033087249,0.7777777777777778
core3_same_cohort,face,,self_intro,modality_demographics,logistic_regression,20260707,1028,fixed_0_5,0,0.5,144,43,101,0.5148514851485149,0.3258618052949866,0.4833064701819019,0.47048008171603684,0.4418604651162791,0.5247524752475248,0.5,0.27467919444168915,0.21581798807146013,0.4652777777777778
core3_same_cohort,face,,self_intro,modality_demographics,logistic_regression,20260707,1028,inner_cv,0,0.4,144,43,101,0.5148514851485149,0.3258618052949866,0.49217131015427124,0.43529411764705883,0.627906976744186,0.3564356435643564,0.4375,0.27467919444168915,0.21581798807146013,0.6388888888888888
core3_same_cohort,face,,self_intro,modality_demographics,logistic_regression,20260707,1028,fixed_0_5,1,0.5,122,47,75,0.5914893617021276,0.5500464825970081,0.5618439716312057,0.5467135040194555,0.6170212765957447,0.5066666666666667,0.5491803278688525,0.25431192183824686,0.1889580984562843,0.5409836065573771
core3_same_cohort,face,,self_intro,modality_demographics,logistic_regression,20260707,1028,inner_cv,1,0.5,122,47,75,0.5914893617021276,0.5500464825970081,0.5618439716312057,0.5467135040194555,0.6170212765957447,0.5066666666666667,0.5491803278688525,0.25431192183824686,0.1889580984562843,0.5409836065573771
core3_same_cohort,face,,self_intro,modality_demographics,logistic_regression,20260707,1028,fixed_0_5,2,0.5,139,46,93,0.636512388966807,0.4776058449010049,0.6051893408134642,0.5944398568676026,0.5652173913043478,0.6451612903225806,0.6187050359712231,0.2311075520356401,0.13843818451159334,0.4244604316546763
core3_same_cohort,face,,self_intro,modality_demographics,logistic_regression,20260707,1028,inner_cv,2,0.4,139,46,93,0.636512388966807,0.4776058449010049,0.5737494156147732,0.5239726027397261,0.717391304347826,0.43010752688172044,0.5251798561151079,0.2311075520356401,0.13843818451159334,0.6187050359712231
core3_same_cohort,face,,self_intro,modality_demographics,logistic_regression,20260707,1028,fixed_0_5,3,0.5,121,42,79,0.5042194092827004,0.3845526940768871,0.48387582881253766,0.48353658536585364,0.30952380952380953,0.6582278481012658,0.5371900826446281,0.26191087164824106,0.14548240340842677,0.3305785123966942
core3_same_cohort,face,,self_intro,modality_demographics,logistic_regression,20260707,1028,inner_cv,3,0.45,121,42,79,0.5042194092827004,0.3845526940768871,0.5054249547920434,0.5022732193115393,0.42857142857142855,0.5822784810126582,0.5289256198347108,0.26191087164824106,0.14548240340842677,0.4214876033057851
core3_same_cohort,face,,self_intro,modality_demographics,logistic_regression,20260707,1028,fixed_0_5,4,0.5,135,51,84,0.5966386554621849,0.47225656662522597,0.5448179271708684,0.5433174703285362,0.47058823529411764,0.6190476190476191,0.562962962962963,0.24880071167913556,0.1557238281709407,0.4148148148148148
core3_same_cohort,face,,self_intro,modality_demographics,logistic_regression,20260707,1028,inner_cv,4,0.6,135,51,84,0.5966386554621849,0.47225656662522597,0.5574229691876751,0.5558383512322305,0.35294117647058826,0.7619047619047619,0.6074074074074074,0.24880071167913556,0.1557238281709407,0.2814814814814815
core3_same_cohort,face,,self_intro,modality_demographics,hist_gradient_boosting,20260707,1028,fixed_0_5,0,0.5,144,43,101,0.5638959244761687,0.35241120619479127,0.5595210683859083,0.5407407407407407,0.5348837209302325,0.5841584158415841,0.5694444444444444,0.24688722885702286,0.19873993111376795,0.4513888888888889
core3_same_cohort,face,,self_intro,modality_demographics,hist_gradient_boosting,20260707,1028,inner_cv,0,0.5,144,43,101,0.5638959244761687,0.35241120619479127,0.5595210683859083,0.5407407407407407,0.5348837209302325,0.5841584158415841,0.5694444444444444,0.24688722885702286,0.19873993111376795,0.4513888888888889
core3_same_cohort,face,,self_intro,modality_demographics,hist_gradient_boosting,20260707,1028,fixed_0_5,1,0.5,122,47,75,0.6184397163120566,0.5860698454724812,0.5712056737588652,0.5605844376486577,0.5957446808510638,0.5466666666666666,0.5655737704918032,0.23945820850187777,0.10267064744482256,0.5081967213114754
core3_same_cohort,face,,self_intro,modality_demographics,hist_gradient_boosting,20260707,1028,inner_cv,1,0.5,122,47,75,0.6184397163120566,0.5860698454724812,0.5712056737588652,0.5605844376486577,0.5957446808510638,0.5466666666666666,0.5655737704918032,0.23945820850187777,0.10267064744482256,0.5081967213114754
core3_same_cohort,face,,self_intro,modality_demographics,hist_gradient_boosting,20260707,1028,fixed_0_5,2,0.5,139,46,93,0.49883122954651704,0.40987281858785984,0.4915848527349228,0.48518518518518516,0.43478260869565216,0.5483870967741935,0.5107913669064749,0.24852676638383778,0.16002855539022004,0.4460431654676259
core3_same_cohort,face,,self_intro,modality_demographics,hist_gradient_boosting,20260707,1028,inner_cv,2,0.55,139,46,93,0.49883122954651704,0.40987281858785984,0.5111033193080879,0.45215932914046114,0.06521739130434782,0.956989247311828,0.6618705035971223,0.24852676638383778,0.16002855539022004,0.050359712230215826
core3_same_cohort,face,,self_intro,modality_demographics,hist_gradient_boosting,20260707,1028,fixed_0_5,3,0.5,121,42,79,0.5174804098854732,0.3687306963939745,0.5229053646775166,0.5165525114155252,0.47619047619047616,0.569620253164557,0.5371900826446281,0.24752378726135832,0.13988629207275344,0.4462809917355372
core3_same_cohort,face,,self_intro,modality_demographics,hist_gradient_boosting,20260707,1028,inner_cv,3,0.5,121,42,79,0.5174804098854732,0.3687306963939745,0.5229053646775166,0.5165525114155252,0.47619047619047616,0.569620253164557,0.5371900826446281,0.24752378726135832,0.13988629207275344,0.4462809917355372
core3_same_cohort,face,,self_intro,modality_demographics,hist_gradient_boosting,20260707,1028,fixed_0_5,4,0.5,135,51,84,0.544000933706816,0.451089545767651,0.5133053221288515,0.5123559428931828,0.43137254901960786,0.5952380952380952,0.5333333333333333,0.24557159762272923,0.11586921100718564,0.4148148148148148
core3_same_cohort,face,,self_intro,modality_demographics,hist_gradient_boosting,20260707,1028,inner_cv,4,0.55,135,51,84,0.544000933706816,0.451089545767651,0.5581232492997199,0.5400180794103331,0.23529411764705882,0.8809523809523809,0.6370370370370371,0.24557159762272923,0.11586921100718564,0.16296296296296298
shortcut_a_prefix_group_cv,shortcut,,a_prefix_group,group_device,logistic_regression,20260707,5,fixed_0_5,0,0.5,720,218,502,0.6725574765159544,0.4532654963203189,0.6342702584158778,0.5997550836260515,0.6788990825688074,0.5896414342629482,0.6166666666666667,0.22940989118536126,0.1850404593128604,0.49166666666666664
shortcut_a_prefix_group_cv,shortcut,,a_prefix_group,group_device,logistic_regression,20260707,5,inner_cv,0,0.5,720,218,502,0.6725574765159544,0.4532654963203189,0.6342702584158778,0.5997550836260515,0.6788990825688074,0.5896414342629482,0.6166666666666667,0.22940989118536126,0.1850404593128604,0.49166666666666664
shortcut_a_prefix_group_cv,shortcut,,a_prefix_group,group_device,logistic_regression,20260707,5,fixed_0_5,1,0.5,720,218,502,0.6680662670419242,0.4331631546710416,0.606601118461932,0.594017094017094,0.5458715596330275,0.6673306772908366,0.6305555555555555,0.22443168663131796,0.166617467052726,0.3972222222222222
shortcut_a_prefix_group_cv,shortcut,,a_prefix_group,group_device,logistic_regression,20260707,5,inner_cv,1,0.55,720,218,502,0.6680662670419242,0.4331631546710416,0.6083829818341313,0.5990013740783031,0.5275229357798165,0.6892430278884463,0.6402777777777777,0.22443168663131796,0.166617467052726,0.3763888888888889
shortcut_a_prefix_group_cv,shortcut,,a_prefix_group,group_device,logistic_regression,20260707,5,fixed_0_5,2,0.5,719,223,496,0.7070419861131202,0.5128567251594844,0.6577055909156662,0.6133679918248292,0.7488789237668162,0.5665322580645161,0.6230876216968011,0.21831583515009745,0.16991739578275025,0.5312934631432545
shortcut_a_prefix_group_cv,shortcut,,a_prefix_group,group_device,logistic_regression,20260707,5,inner_cv,2,0.45,719,223,496,0.7070419861131202,0.5128567251594844,0.6606258136843628,0.6121921583735885,0.7668161434977578,0.5544354838709677,0.6203059805285118,0.21831583515009745,0.16991739578275025,0.545201668984701
shortcut_a_prefix_group_cv,shortcut,,a_prefix_group,group_device,logistic_regression,20260707,5,fixed_0_5,3,0.5,719,221,498,0.6718412109978376,0.4765629958909579,0.6302358756292137,0.6091720972145578,0.6199095022624435,0.6405622489959839,0.6342141863699583,0.22513618961354875,0.17290376837500684,0.43949930458970793
shortcut_a_prefix_group_cv,shortcut,,a_prefix_group,group_device,logistic_regression,20260707,5,inner_cv,3,0.55,719,221,498,0.6718412109978376,0.4765629958909579,0.613594650093587,0.6067900484383411,0.5203619909502263,0.7068273092369478,0.6495132127955494,0.22513618961354875,0.17290376837500684,0.36300417246175243
shortcut_a_prefix_group_cv,shortcut,,a_prefix_group,group_device,logistic_regression,20260707,5,fixed_0_5,4,0.5,719,218,501,0.6819663425442692,0.45440947449851804,0.6310589829515282,0.5914445778311326,0.6972477064220184,0.564870259481038,0.6050069541029207,0.22455955203234118,0.17228459031693,0.5146036161335188
shortcut_a_prefix_group_cv,shortcut,,a_prefix_group,group_device,logistic_regression,20260707,5,inner_cv,4,0.5,719,218,501,0.6819663425442692,0.45440947449851804,0.6310589829515282,0.5914445778311326,0.6972477064220184,0.564870259481038,0.6050069541029207,0.22455955203234118,0.17228459031693,0.5146036161335188
shortcut_a_prefix_group_cv,shortcut,,a_prefix_group,group_device,random_forest,20260707,5,fixed_0_5,0,0.5,720,218,502,0.6773867831426588,0.4518758396145276,0.6533133520962023,0.615162037037037,0.7110091743119266,0.5956175298804781,0.6305555555555555,0.22889091652896465,0.18396427660291167,0.49722222222222223
shortcut_a_prefix_group_cv,shortcut,,a_prefix_group,group_device,random_forest,20260707,5,inner_cv,0,0.45,720,218,502,0.6773867831426588,0.4518758396145276,0.6308253225629592,0.5773644171779141,0.7477064220183486,0.5139442231075697,0.5847222222222223,0.22889091652896465,0.18396427660291167,0.5652777777777778
shortcut_a_prefix_group_cv,shortcut,,a_prefix_group,group_device,random_forest,20260707,5,fixed_0_5,1,0.5,720,218,502,0.666055959647648,0.438932668063721,0.6183979677619795,0.5940751371021475,0.6192660550458715,0.6175298804780877,0.6180555555555556,0.2247996652113399,0.16385771367568233,0.45416666666666666
shortcut_a_prefix_group_cv,shortcut,,a_prefix_group,group_device,random_forest,20260707,5,inner_cv,1,0.5,720,218,502,0.666055959647648,0.438932668063721,0.6183979677619795,0.5940751371021475,0.6192660550458715,0.6175298804780877,0.6180555555555556,0.2247996652113399,0.16385771367568233,0.45416666666666666
shortcut_a_prefix_group_cv,shortcut,,a_prefix_group,group_device,random_forest,20260707,5,fixed_0_5,2,0.5,719,223,496,0.697851873282222,0.48728533025271703,0.6467027701432084,0.6143574977416439,0.6905829596412556,0.6028225806451613,0.6300417246175244,0.22112018373835743,0.17118073673887305,0.48817802503477054
shortcut_a_prefix_group_cv,shortcut,,a_prefix_group,group_device,random_forest,20260707,5,inner_cv,2,0.5,719,223,496,0.697851873282222,0.48728533025271703,0.6467027701432084,0.6143574977416439,0.6905829596412556,0.6028225806451613,0.6300417246175244,0.22112018373835743,0.17118073673887305,0.48817802503477054
shortcut_a_prefix_group_cv,shortcut,,a_prefix_group,group_device,random_forest,20260707,5,fixed_0_5,3,0.5,719,221,498,0.6656626506024097,0.46299693664585384,0.6282959893874139,0.5860728635634539,0.7104072398190046,0.5461847389558233,0.5966620305980529,0.22802675004217363,0.1792219908798985,0.5326842837273992
shortcut_a_prefix_group_cv,shortcut,,a_prefix_group,group_device,random_forest,20260707,5,inner_cv,3,0.55,719,221,498,0.6656626506024097,0.46299693664585384,0.5979710697995602,0.598334097195145,0.43891402714932126,0.7570281124497992,0.6592489568845619,0.22802675004217363,0.1792219908798985,0.3031988873435327
shortcut_a_prefix_group_cv,shortcut,,a_prefix_group,group_device,random_forest,20260707,5,fixed_0_5,4,0.5,719,218,501,0.675703638594371,0.4431198063930822,0.6259819809921441,0.5930956423316356,0.6651376146788991,0.5868263473053892,0.6105702364394993,0.2264894842863952,0.17582762552597572,0.48956884561891517
shortcut_a_prefix_group_cv,shortcut,,a_prefix_group,group_device,random_forest,20260707,5,inner_cv,4,0.5,719,218,501,0.675703638594371,0.4431198063930822,0.6259819809921441,0.5930956423316356,0.6651376146788991,0.5868263473053892,0.6105702364394993,0.2264894842863952,0.17582762552597572,0.48956884561891517
shortcut_a_prefix_group_cv,shortcut,,a_prefix_group,group_device,hist_gradient_boosting,20260707,5,fixed_0_5,0,0.5,720,218,502,0.648159654958149,0.4034806201324541,0.6239445886180051,0.572638149670988,0.7339449541284404,0.5139442231075697,0.5805555555555556,0.23756849709466768,0.19609379750988148,0.5611111111111111
shortcut_a_prefix_group_cv,shortcut,,a_prefix_group,group_device,hist_gradient_boosting,20260707,5,inner_cv,0,0.5,720,218,502,0.648159654958149,0.4034806201324541,0.6239445886180051,0.572638149670988,0.7339449541284404,0.5139442231075697,0.5805555555555556,0.23756849709466768,0.19609379750988148,0.5611111111111111
shortcut_a_prefix_group_cv,shortcut,,a_prefix_group,group_device,hist_gradient_boosting,20260707,5,fixed_0_5,1,0.5,720,218,502,0.6391224094447897,0.3910466756185036,0.6242187214444972,0.5840770015298318,0.6926605504587156,0.5557768924302788,0.5972222222222222,0.23741590292523795,0.19106185551159252,0.5194444444444445
shortcut_a_prefix_group_cv,shortcut,,a_prefix_group,group_device,hist_gradient_boosting,20260707,5,inner_cv,1,0.5,720,218,502,0.6391224094447897,0.3910466756185036,0.6242187214444972,0.5840770015298318,0.6926605504587156,0.5557768924302788,0.5972222222222222,0.23741590292523795,0.19106185551159252,0.5194444444444445
shortcut_a_prefix_group_cv,shortcut,,a_prefix_group,group_device,hist_gradient_boosting,20260707,5,fixed_0_5,2,0.5,719,223,496,0.6628408433386372,0.43388113704947223,0.6414545060031824,0.5991011280545275,0.726457399103139,0.5564516129032258,0.6091794158553546,0.23481307641419918,0.18867104413864272,0.5312934631432545
shortcut_a_prefix_group_cv,shortcut,,a_prefix_group,group_device,hist_gradient_boosting,20260707,5,inner_cv,2,0.5,719,223,496,0.6628408433386372,0.43388113704947223,0.6414545060031824,0.5991011280545275,0.726457399103139,0.5564516129032258,0.6091794158553546,0.23481307641419918,0.18867104413864272,0.5312934631432545
shortcut_a_prefix_group_cv,shortcut,,a_prefix_group,group_device,hist_gradient_boosting,20260707,5,fixed_0_5,3,0.5,719,221,498,0.6483081647858402,0.40666067335359607,0.6328345054425848,0.5844512694270367,0.7375565610859729,0.5281124497991968,0.5924895688456189,0.23804669249999152,0.18716753719709034,0.5535465924895688
shortcut_a_prefix_group_cv,shortcut,,a_prefix_group,group_device,hist_gradient_boosting,20260707,5,inner_cv,3,0.5,719,221,498,0.6483081647858402,0.40666067335359607,0.6328345054425848,0.5844512694270367,0.7375565610859729,0.5281124497991968,0.5924895688456189,0.23804669249999152,0.18716753719709034,0.5535465924895688
shortcut_a_prefix_group_cv,shortcut,,a_prefix_group,group_device,hist_gradient_boosting,20260707,5,fixed_0_5,4,0.5,719,218,501,0.6420965408632276,0.39040566429282186,0.6269616729843066,0.5828339347311196,0.7110091743119266,0.5429141716566867,0.5938803894297635,0.23770677412005792,0.18977915434351578,0.5340751043115438
shortcut_a_prefix_group_cv,shortcut,,a_prefix_group,group_device,hist_gradient_boosting,20260707,5,inner_cv,4,0.5,719,218,501,0.6420965408632276,0.39040566429282186,0.6269616729843066,0.5828339347311196,0.7110091743119266,0.5429141716566867,0.5938803894297635,0.23770677412005792,0.18977915434351578,0.5340751043115438
