L_id,y_true,y_score_mean,y_score_median,n_windows,task,model,fold,threshold
L100,0,0.47900779951702466,0.47931112349033356,22,oddball,eegnet,1,0.4490158091420713
L102,1,0.42740962902704877,0.42932771146297455,24,oddball,eegnet,1,0.4490158091420713
L114,0,0.44107616782188414,0.4418935179710388,25,oddball,eegnet,1,0.4490158091420713
L117,0,0.5582530200481415,0.5686299204826355,25,oddball,eegnet,1,0.4490158091420713
L118,1,0.5819455063343049,0.5699577927589417,25,oddball,eegnet,1,0.4490158091420713
L121,0,0.40176771935962496,0.38971826434135437,21,oddball,eegnet,1,0.4490158091420713
L125,1,0.46751192569732664,0.46999111771583557,25,oddball,eegnet,1,0.4490158091420713
L126,0,0.48501974940299986,0.4959547817707062,25,oddball,eegnet,1,0.4490158091420713
L129,0,0.47801381738289545,0.4553908407688141,23,oddball,eegnet,1,0.4490158091420713
L130,0,0.49681879207491875,0.506513774394989,24,oddball,eegnet,1,0.4490158091420713
L135,0,0.39747470228568366,0.3890593349933624,23,oddball,eegnet,1,0.4490158091420713
L136,0,0.5349735202996627,0.5318089723587036,23,oddball,eegnet,1,0.4490158091420713
L1368,0,0.40956933379173277,0.39903613924980164,25,oddball,eegnet,1,0.4490158091420713
L1381,1,0.4607247355438414,0.4408509135246277,21,oddball,eegnet,1,0.4490158091420713
L1384,0,0.3601076479839242,0.3761049509048462,23,oddball,eegnet,1,0.4490158091420713
L139,0,0.5371242845058442,0.5362184643745422,25,oddball,eegnet,1,0.4490158091420713
L1392,0,0.4822504644592603,0.48226696252822876,24,oddball,eegnet,1,0.4490158091420713
L1418,1,0.5671620459660239,0.6014713644981384,23,oddball,eegnet,1,0.4490158091420713
L142,1,0.5219761249811753,0.5314216613769531,23,oddball,eegnet,1,0.4490158091420713
L1430,1,0.5626980202893416,0.5514497756958008,24,oddball,eegnet,1,0.4490158091420713
L1431,0,0.41391158401966094,0.41161417961120605,25,oddball,eegnet,1,0.4490158091420713
L1433,0,0.5724028393626213,0.5595583915710449,20,oddball,eegnet,1,0.4490158091420713
L1441,1,0.41133019983768465,0.40987101197242737,25,oddball,eegnet,1,0.4490158091420713
L1443,0,0.5078258860111237,0.5145060420036316,25,oddball,eegnet,1,0.4490158091420713
L1450,1,0.5592028486728668,0.565040111541748,25,oddball,eegnet,1,0.4490158091420713
L1457,1,0.4614325525859992,0.43048420548439026,24,oddball,eegnet,1,0.4490158091420713
L1462,1,0.5138815126635812,0.5261681377887726,22,oddball,eegnet,1,0.4490158091420713
L1468,1,0.4888381917368282,0.4930092841386795,22,oddball,eegnet,1,0.4490158091420713
L147,0,0.5612720226248106,0.5544478595256805,24,oddball,eegnet,1,0.4490158091420713
L1473,1,0.5456955588382223,0.5234259963035583,23,oddball,eegnet,1,0.4490158091420713
L1478,1,0.5345453296018683,0.5396798849105835,23,oddball,eegnet,1,0.4490158091420713
L1488,1,0.48889833262988497,0.4786747694015503,21,oddball,eegnet,1,0.4490158091420713
L1493,0,0.349433159455657,0.3288125991821289,24,oddball,eegnet,1,0.4490158091420713
L1496,0,0.5117541456222534,0.5094360709190369,25,oddball,eegnet,1,0.4490158091420713
L1519,0,0.502171126278964,0.5045507848262787,22,oddball,eegnet,1,0.4490158091420713
L1520,0,0.3485390770435333,0.36517268419265747,25,oddball,eegnet,1,0.4490158091420713
L1522,1,0.5382925674319268,0.5324101448059082,20,oddball,eegnet,1,0.4490158091420713
L153,0,0.5550028259555498,0.5431710779666901,24,oddball,eegnet,1,0.4490158091420713
L1539,0,0.463317655854755,0.4806949943304062,18,oddball,eegnet,1,0.4490158091420713
L1542,0,0.4402978765964508,0.45580559968948364,25,oddball,eegnet,1,0.4490158091420713
L155,0,0.4763711057603359,0.4847051352262497,24,oddball,eegnet,1,0.4490158091420713
L1550,1,0.39362380623817445,0.3906400799751282,25,oddball,eegnet,1,0.4490158091420713
L1560,0,0.4194288452466329,0.4152696281671524,24,oddball,eegnet,1,0.4490158091420713
L1566,1,0.3571597230434418,0.34602516889572144,25,oddball,eegnet,1,0.4490158091420713
L1570,1,0.40571246668696404,0.39323654770851135,24,oddball,eegnet,1,0.4490158091420713
L1572,0,0.44479476239370264,0.46120044589042664,23,oddball,eegnet,1,0.4490158091420713
L1578,1,0.35999433159828187,0.3521956205368042,25,oddball,eegnet,1,0.4490158091420713
L1585,0,0.5351023691542008,0.521355152130127,17,oddball,eegnet,1,0.4490158091420713
L1592,1,0.577318245714361,0.5813805460929871,22,oddball,eegnet,1,0.4490158091420713
L1593,0,0.4243787407875061,0.43045300245285034,25,oddball,eegnet,1,0.4490158091420713
L1602,0,0.6218895610599291,0.7165727615356445,21,oddball,eegnet,1,0.4490158091420713
L161,1,0.5321294354355853,0.5198925733566284,23,oddball,eegnet,1,0.4490158091420713
L1610,0,0.40145970168321027,0.38709238171577454,23,oddball,eegnet,1,0.4490158091420713
L1612,0,0.4233767092227936,0.4193945974111557,24,oddball,eegnet,1,0.4490158091420713
L1613,1,0.36032092819611233,0.36152856051921844,18,oddball,eegnet,1,0.4490158091420713
L1616,0,0.3139857858419418,0.284131795167923,25,oddball,eegnet,1,0.4490158091420713
L1618,0,0.4283755046129227,0.43236252665519714,25,oddball,eegnet,1,0.4490158091420713
L162,0,0.6134752559661866,0.6046677231788635,25,oddball,eegnet,1,0.4490158091420713
L1631,0,0.3858215177059174,0.38949593901634216,25,oddball,eegnet,1,0.4490158091420713
L1639,1,0.3029100509441417,0.2994324564933777,23,oddball,eegnet,1,0.4490158091420713
L164,1,0.48050131152073544,0.48041923344135284,24,oddball,eegnet,1,0.4490158091420713
L1643,0,0.4566328397818974,0.44733813405036926,21,oddball,eegnet,1,0.4490158091420713
L1654,0,0.50295699210394,0.4991781413555145,21,oddball,eegnet,1,0.4490158091420713
L1656,0,0.5721210141976675,0.5818502306938171,24,oddball,eegnet,1,0.4490158091420713
L1658,0,0.4812307357788086,0.47129276394844055,25,oddball,eegnet,1,0.4490158091420713
L1659,0,0.44985001906752586,0.44684751331806183,24,oddball,eegnet,1,0.4490158091420713
L1663,1,0.4667999178171158,0.4400864839553833,25,oddball,eegnet,1,0.4490158091420713
L1671,0,0.40701050877571104,0.4081715941429138,25,oddball,eegnet,1,0.4490158091420713
L1674,0,0.42409266057339584,0.43960604071617126,22,oddball,eegnet,1,0.4490158091420713
L1678,0,0.4349808519085248,0.44543731212615967,24,oddball,eegnet,1,0.4490158091420713
L1679,1,0.41556787804553386,0.43840089440345764,19,oddball,eegnet,1,0.4490158091420713
L1684,0,0.584248960018158,0.5856712460517883,23,oddball,eegnet,1,0.4490158091420713
L1685,1,0.5984069295227528,0.6331612169742584,24,oddball,eegnet,1,0.4490158091420713
L169,0,0.716053937610827,0.7210619449615479,19,oddball,eegnet,1,0.4490158091420713
L170,0,0.4898994402451949,0.48561906814575195,22,oddball,eegnet,1,0.4490158091420713
L1703,1,0.4420597826441129,0.4276430606842041,24,oddball,eegnet,1,0.4490158091420713
L1710,0,0.39712968543171884,0.3993927389383316,20,oddball,eegnet,1,0.4490158091420713
L1716,1,0.5243491530418396,0.5332765579223633,25,oddball,eegnet,1,0.4490158091420713
L1723,0,0.30195071920752525,0.30390211939811707,24,oddball,eegnet,1,0.4490158091420713
L1729,0,0.37850613084932166,0.38660335540771484,24,oddball,eegnet,1,0.4490158091420713
L1733,0,0.4653245687484741,0.45894932746887207,25,oddball,eegnet,1,0.4490158091420713
L1736,0,0.5235387782255808,0.5221337378025055,24,oddball,eegnet,1,0.4490158091420713
L1763,1,0.42525359749794006,0.4322156310081482,25,oddball,eegnet,1,0.4490158091420713
L1765,0,0.4293843686580658,0.44428545236587524,25,oddball,eegnet,1,0.4490158091420713
L1768,0,0.29693073630332945,0.2902219295501709,25,oddball,eegnet,1,0.4490158091420713
L1776,1,0.4489757052876733,0.4334556609392166,22,oddball,eegnet,1,0.4490158091420713
L1789,1,0.3947543203830719,0.3900929093360901,23,oddball,eegnet,1,0.4490158091420713
L1791,0,0.39764204621315,0.3972851037979126,22,oddball,eegnet,1,0.4490158091420713
L181,0,0.5050509795546532,0.5049668103456497,24,oddball,eegnet,1,0.4490158091420713
L1817,1,0.41089986588643945,0.4244897961616516,23,oddball,eegnet,1,0.4490158091420713
L1823,0,0.37309192440339495,0.3525847792625427,14,oddball,eegnet,1,0.4490158091420713
L1832,0,0.45451848344369367,0.4429081678390503,22,oddball,eegnet,1,0.4490158091420713
L1834,1,0.35499850690364837,0.32370367646217346,25,oddball,eegnet,1,0.4490158091420713
L1840,0,0.4619261062145233,0.4514996111392975,25,oddball,eegnet,1,0.4490158091420713
L1853,1,0.45158215761184695,0.460786908864975,25,oddball,eegnet,1,0.4490158091420713
L1854,0,0.3359223139636657,0.31710922718048096,17,oddball,eegnet,1,0.4490158091420713
L1863,1,0.6312785357236862,0.6166365146636963,20,oddball,eegnet,1,0.4490158091420713
L1864,0,0.5140596926212311,0.5179001092910767,24,oddball,eegnet,1,0.4490158091420713
L1868,0,0.49598958253860476,0.46723997592926025,25,oddball,eegnet,1,0.4490158091420713
L1896,0,0.36932421326637266,0.323371097445488,20,oddball,eegnet,1,0.4490158091420713
L1897,0,0.25529002274076146,0.25033583492040634,24,oddball,eegnet,1,0.4490158091420713
L196,1,0.4319621272709059,0.42899948358535767,23,oddball,eegnet,1,0.4490158091420713
L205,1,0.5491827838122845,0.5432306528091431,24,oddball,eegnet,1,0.4490158091420713
L207,1,0.4621347725391388,0.463611364364624,25,oddball,eegnet,1,0.4490158091420713
L213,0,0.4929092058113643,0.4970676302909851,7,oddball,eegnet,1,0.4490158091420713
L216,0,0.5532690066358318,0.5359730124473572,23,oddball,eegnet,1,0.4490158091420713
L217,1,0.6253856134911379,0.6290397942066193,24,oddball,eegnet,1,0.4490158091420713
L219,0,0.48776368737220765,0.49024686217308044,25,oddball,eegnet,1,0.4490158091420713
L225,0,0.38718106936324725,0.3900705724954605,22,oddball,eegnet,1,0.4490158091420713
L24,0,0.5772231078147888,0.6060359477996826,25,oddball,eegnet,1,0.4490158091420713
L2506,1,0.4849949950973193,0.48867830634117126,24,oddball,eegnet,1,0.4490158091420713
L2517,0,0.41926441114881763,0.42809197306632996,23,oddball,eegnet,1,0.4490158091420713
L2525,0,0.5825536871949831,0.5915006697177887,24,oddball,eegnet,1,0.4490158091420713
L2553,1,0.5004253439281298,0.48658913373947144,23,oddball,eegnet,1,0.4490158091420713
L2558,0,0.4052286433676879,0.39116819202899933,24,oddball,eegnet,1,0.4490158091420713
L2565,0,0.42712634801864624,0.421490341424942,24,oddball,eegnet,1,0.4490158091420713
L2569,0,0.34490623292715655,0.3537210524082184,23,oddball,eegnet,1,0.4490158091420713
L2573,0,0.37161561536292237,0.37248818576335907,24,oddball,eegnet,1,0.4490158091420713
L2576,0,0.4124696183204651,0.4079321026802063,25,oddball,eegnet,1,0.4490158091420713
L2588,0,0.3763034672786792,0.3729844242334366,24,oddball,eegnet,1,0.4490158091420713
L2597,0,0.48291887071999634,0.4687889814376831,22,oddball,eegnet,1,0.4490158091420713
L2600,1,0.36389676755980443,0.3548639714717865,19,oddball,eegnet,1,0.4490158091420713
L2613,0,0.20999078795313836,0.1982693076133728,25,oddball,eegnet,1,0.4490158091420713
L2614,0,0.39756360721020473,0.3946549892425537,21,oddball,eegnet,1,0.4490158091420713
L2619,0,0.5433777400425502,0.549275815486908,21,oddball,eegnet,1,0.4490158091420713
L2628,0,0.4281264580786228,0.41897042095661163,24,oddball,eegnet,1,0.4490158091420713
L2630,1,0.5195449019471804,0.5210050940513611,24,oddball,eegnet,1,0.4490158091420713
L2633,1,0.33485535842676956,0.33424435555934906,24,oddball,eegnet,1,0.4490158091420713
L2644,0,0.280488618016243,0.28414565324783325,25,oddball,eegnet,1,0.4490158091420713
L2646,1,0.5647854793071747,0.5694299936294556,25,oddball,eegnet,1,0.4490158091420713
L2660,1,0.2665113974362612,0.25906704366207123,24,oddball,eegnet,1,0.4490158091420713
L2662,0,0.44789553256261916,0.4616207778453827,21,oddball,eegnet,1,0.4490158091420713
L2664,0,0.48979031667113304,0.4944504052400589,24,oddball,eegnet,1,0.4490158091420713
L2671,0,0.5592543904980024,0.5567836165428162,24,oddball,eegnet,1,0.4490158091420713
L2673,1,0.4431237506866455,0.45729267597198486,25,oddball,eegnet,1,0.4490158091420713
L2677,1,0.469440838098526,0.45500797033309937,25,oddball,eegnet,1,0.4490158091420713
L2679,0,0.40045776188373566,0.4128722846508026,25,oddball,eegnet,1,0.4490158091420713
L2683,0,0.45166401743888857,0.42578715085983276,25,oddball,eegnet,1,0.4490158091420713
L2684,1,0.5676480142966561,0.5908854007720947,23,oddball,eegnet,1,0.4490158091420713
L2690,0,0.4158596222599347,0.4149092584848404,24,oddball,eegnet,1,0.4490158091420713
L2693,0,0.6554153483846913,0.6702233552932739,23,oddball,eegnet,1,0.4490158091420713
L2710,1,0.4686038533846537,0.4672758877277374,15,oddball,eegnet,1,0.4490158091420713
L2718,0,0.3042473973085483,0.2948767989873886,24,oddball,eegnet,1,0.4490158091420713
L2719,0,0.5401159139970938,0.5444149374961853,24,oddball,eegnet,1,0.4490158091420713
L2724,0,0.3695169985294342,0.3584877997636795,20,oddball,eegnet,1,0.4490158091420713
L2725,0,0.45320735424757,0.47124963998794556,20,oddball,eegnet,1,0.4490158091420713
L2727,0,0.44469175425668556,0.4589511454105377,24,oddball,eegnet,1,0.4490158091420713
L2728,1,0.3981077867746353,0.3790580928325653,25,oddball,eegnet,1,0.4490158091420713
L2733,0,0.4037652164697647,0.4411576837301254,22,oddball,eegnet,1,0.4490158091420713
L2739,1,0.48574747269352275,0.48907309770584106,24,oddball,eegnet,1,0.4490158091420713
L274,1,0.5843142035106818,0.5779891312122345,24,oddball,eegnet,1,0.4490158091420713
L2742,0,0.42492989344256266,0.4432131350040436,21,oddball,eegnet,1,0.4490158091420713
L2746,0,0.5300248847121284,0.5176365971565247,21,oddball,eegnet,1,0.4490158091420713
L2748,0,0.4299100983142853,0.427208811044693,25,oddball,eegnet,1,0.4490158091420713
L275,1,0.46572848612611945,0.4570385068655014,22,oddball,eegnet,1,0.4490158091420713
L2753,0,0.4422308548043172,0.4440777450799942,24,oddball,eegnet,1,0.4490158091420713
L2757,0,0.4082763850688934,0.39680951833724976,25,oddball,eegnet,1,0.4490158091420713
L2767,1,0.43844885800195776,0.45171573758125305,23,oddball,eegnet,1,0.4490158091420713
L2775,0,0.45802934050559996,0.45016640424728394,25,oddball,eegnet,1,0.4490158091420713
L2777,0,0.46864645928144455,0.47419729828834534,24,oddball,eegnet,1,0.4490158091420713
L2790,1,0.4696779224005612,0.4547980725765228,22,oddball,eegnet,1,0.4490158091420713
L2793,0,0.5512379765510559,0.5687755346298218,25,oddball,eegnet,1,0.4490158091420713
L28,0,0.5016969082256159,0.5129402577877045,24,oddball,eegnet,1,0.4490158091420713
L280,0,0.47662724825468933,0.47697873413562775,22,oddball,eegnet,1,0.4490158091420713
L2802,1,0.44827214658260345,0.42885851860046387,25,oddball,eegnet,1,0.4490158091420713
L2811,0,0.5908943808078766,0.5820658802986145,25,oddball,eegnet,1,0.4490158091420713
L2817,0,0.5449075802512791,0.5303926467895508,23,oddball,eegnet,1,0.4490158091420713
L2824,0,0.5778763139247894,0.5730695128440857,25,oddball,eegnet,1,0.4490158091420713
L2832,0,0.40939984560012815,0.41483092308044434,25,oddball,eegnet,1,0.4490158091420713
L2837,1,0.5936605882644653,0.6228184103965759,25,oddball,eegnet,1,0.4490158091420713
L2850,0,0.5022688102722168,0.5045558214187622,25,oddball,eegnet,1,0.4490158091420713
L2852,0,0.41578004136681557,0.432524636387825,24,oddball,eegnet,1,0.4490158091420713
L2862,0,0.6218659377098084,0.6317896246910095,25,oddball,eegnet,1,0.4490158091420713
L2870,1,0.551661724394018,0.5660033524036407,22,oddball,eegnet,1,0.4490158091420713
L2872,0,0.5292505199710528,0.517662525177002,24,oddball,eegnet,1,0.4490158091420713
L2877,0,0.43063931941986083,0.4354214370250702,25,oddball,eegnet,1,0.4490158091420713
L2878,0,0.5856446688589843,0.6020733714103699,23,oddball,eegnet,1,0.4490158091420713
L2881,0,0.5496110829214255,0.5352374017238617,24,oddball,eegnet,1,0.4490158091420713
L289,1,0.34590421554942924,0.3420791029930115,24,oddball,eegnet,1,0.4490158091420713
L2893,0,0.5704210913181305,0.5762845873832703,25,oddball,eegnet,1,0.4490158091420713
L2913,0,0.5636102592243868,0.5775389671325684,17,oddball,eegnet,1,0.4490158091420713
L2914,0,0.2977464770277341,0.29768896102905273,24,oddball,eegnet,1,0.4490158091420713
L2919,0,0.44513119459152223,0.4499518871307373,25,oddball,eegnet,1,0.4490158091420713
L2925,0,0.295891602402148,0.2782760560512543,23,oddball,eegnet,1,0.4490158091420713
L2930,0,0.44048990376970987,0.46109648048877716,22,oddball,eegnet,1,0.4490158091420713
L2935,0,0.33228515347708826,0.33636611700057983,23,oddball,eegnet,1,0.4490158091420713
L2948,0,0.40572962661584216,0.40105657279491425,24,oddball,eegnet,1,0.4490158091420713
L2949,0,0.21372602969408036,0.19697874784469604,25,oddball,eegnet,1,0.4490158091420713
L2950,1,0.5271608596262725,0.5199115872383118,23,oddball,eegnet,1,0.4490158091420713
L2956,0,0.38060263706290204,0.3703567385673523,23,oddball,eegnet,1,0.4490158091420713
L2969,0,0.2642021127369093,0.26047483086586,23,oddball,eegnet,1,0.4490158091420713
L2970,0,0.3376715040455262,0.3640236258506775,24,oddball,eegnet,1,0.4490158091420713
L2971,0,0.4972400876382987,0.48966893553733826,24,oddball,eegnet,1,0.4490158091420713
L298,1,0.39329486588637036,0.3600214570760727,24,oddball,eegnet,1,0.4490158091420713
L2980,0,0.4918321396993554,0.4960341453552246,23,oddball,eegnet,1,0.4490158091420713
L2986,0,0.3390615371366342,0.3264712691307068,24,oddball,eegnet,1,0.4490158091420713
L2988,1,0.5784258296092352,0.5873608589172363,24,oddball,eegnet,1,0.4490158091420713
L299,0,0.4301329255104065,0.41169071197509766,25,oddball,eegnet,1,0.4490158091420713
L30,1,0.551023519039154,0.5593161582946777,25,oddball,eegnet,1,0.4490158091420713
L300,1,0.41670372247695925,0.4358977973461151,25,oddball,eegnet,1,0.4490158091420713
L3002,0,0.41419632111986476,0.4343240410089493,24,oddball,eegnet,1,0.4490158091420713
L3019,0,0.5907326531410217,0.6032829284667969,25,oddball,eegnet,1,0.4490158091420713
L3022,0,0.4603486294331758,0.4619882106781006,23,oddball,eegnet,1,0.4490158091420713
L3029,0,0.3931987461718646,0.4018979072570801,22,oddball,eegnet,1,0.4490158091420713
L3055,0,0.2954998942820922,0.295482873916626,23,oddball,eegnet,1,0.4490158091420713
L3072,0,0.46690858006477354,0.47445690631866455,25,oddball,eegnet,1,0.4490158091420713
L3074,1,0.4960540756583214,0.4913746565580368,20,oddball,eegnet,1,0.4490158091420713
L3080,1,0.3083567136526108,0.31359291076660156,25,oddball,eegnet,1,0.4490158091420713
L3083,0,0.465950070457025,0.47093282639980316,22,oddball,eegnet,1,0.4490158091420713
L3090,0,0.4503982484340668,0.45901980996131897,25,oddball,eegnet,1,0.4490158091420713
L3091,0,0.4781465793357176,0.4746260941028595,17,oddball,eegnet,1,0.4490158091420713
L3092,0,0.4973718424638112,0.47147056460380554,24,oddball,eegnet,1,0.4490158091420713
L31,0,0.501182189832131,0.5138637721538544,24,oddball,eegnet,1,0.4490158091420713
L3108,0,0.38057855889201164,0.38586489856243134,24,oddball,eegnet,1,0.4490158091420713
L3114,1,0.4444218873977661,0.4392330199480057,18,oddball,eegnet,1,0.4490158091420713
L3119,0,0.3310453826189041,0.32985395193099976,25,oddball,eegnet,1,0.4490158091420713
L3127,0,0.23006790280342101,0.22137805819511414,25,oddball,eegnet,1,0.4490158091420713
L3136,0,0.341763876080513,0.349861204624176,25,oddball,eegnet,1,0.4490158091420713
L316,0,0.3126924574375153,0.3056257963180542,25,oddball,eegnet,1,0.4490158091420713
L3163,0,0.3250810031009757,0.29254451394081116,23,oddball,eegnet,1,0.4490158091420713
L317,0,0.35549968977769214,0.34882475435733795,24,oddball,eegnet,1,0.4490158091420713
L3176,0,0.49733348770274055,0.479769691824913,18,oddball,eegnet,1,0.4490158091420713
L318,0,0.4484845088875812,0.4343400299549103,23,oddball,eegnet,1,0.4490158091420713
L3185,0,0.3705448216199875,0.37102940678596497,25,oddball,eegnet,1,0.4490158091420713
L319,1,0.5245982445776463,0.5339703857898712,24,oddball,eegnet,1,0.4490158091420713
L3208,0,0.4003576897084713,0.37886668741703033,24,oddball,eegnet,1,0.4490158091420713
L3209,0,0.4409884940023008,0.44564732909202576,23,oddball,eegnet,1,0.4490158091420713
L3211,0,0.5057711589336396,0.49683678150177,25,oddball,eegnet,1,0.4490158091420713
L323,0,0.4701037419339021,0.45732706785202026,24,oddball,eegnet,1,0.4490158091420713
L3238,0,0.5292722214670742,0.5294767618179321,17,oddball,eegnet,1,0.4490158091420713
L338,1,0.6097045695781708,0.6333783864974976,25,oddball,eegnet,1,0.4490158091420713
L3403,1,0.5183672346174717,0.5263542234897614,24,oddball,eegnet,1,0.4490158091420713
L3407,0,0.47594043094178906,0.48812565207481384,23,oddball,eegnet,1,0.4490158091420713
L3411,1,0.46941476821899414,0.4530559778213501,25,oddball,eegnet,1,0.4490158091420713
L3426,1,0.5366787339250246,0.5313632488250732,24,oddball,eegnet,1,0.4490158091420713
L3439,0,0.5184049780170122,0.5202714502811432,24,oddball,eegnet,1,0.4490158091420713
L3441,1,0.45686449607213336,0.4431205093860626,21,oddball,eegnet,1,0.4490158091420713
L3443,0,0.537921952009201,0.5519119501113892,25,oddball,eegnet,1,0.4490158091420713
L3444,0,0.4637850950593534,0.4522421956062317,23,oddball,eegnet,1,0.4490158091420713
L3445,0,0.5603598058223724,0.5652974843978882,25,oddball,eegnet,1,0.4490158091420713
L348,0,0.49724507467313245,0.5122694075107574,22,oddball,eegnet,1,0.4490158091420713
L3486,1,0.461382782459259,0.46191081404685974,25,oddball,eegnet,1,0.4490158091420713
L3488,0,0.6442324096957842,0.6266767680644989,24,oddball,eegnet,1,0.4490158091420713
L349,0,0.5438410739103953,0.5522911846637726,24,oddball,eegnet,1,0.4490158091420713
L3498,0,0.4580929493904114,0.4546167254447937,25,oddball,eegnet,1,0.4490158091420713
L3499,0,0.48786253872371854,0.48182687163352966,21,oddball,eegnet,1,0.4490158091420713
L3505,1,0.6622998373849052,0.6558964848518372,21,oddball,eegnet,1,0.4490158091420713
L3507,0,0.4945900484919548,0.49937137961387634,20,oddball,eegnet,1,0.4490158091420713
L3514,1,0.4870410025119781,0.4623594582080841,25,oddball,eegnet,1,0.4490158091420713
L3518,0,0.5275419044494629,0.5366004705429077,25,oddball,eegnet,1,0.4490158091420713
L3535,0,0.44782435273130733,0.44729070365428925,24,oddball,eegnet,1,0.4490158091420713
L354,0,0.5435228005051613,0.5637986958026886,20,oddball,eegnet,1,0.4490158091420713
L3540,0,0.5597518789768219,0.5596738457679749,25,oddball,eegnet,1,0.4490158091420713
L3544,0,0.45282070636749266,0.4620499908924103,25,oddball,eegnet,1,0.4490158091420713
L3554,0,0.46727724994222325,0.43508167564868927,24,oddball,eegnet,1,0.4490158091420713
L3568,0,0.4703329598903656,0.45862463116645813,25,oddball,eegnet,1,0.4490158091420713
L357,1,0.5943399226665497,0.5920113325119019,25,oddball,eegnet,1,0.4490158091420713
L3571,1,0.5622522458434105,0.557599812746048,24,oddball,eegnet,1,0.4490158091420713
L3574,0,0.3943642485141754,0.37619465589523315,25,oddball,eegnet,1,0.4490158091420713
L3577,1,0.5898809432983398,0.5934700965881348,25,oddball,eegnet,1,0.4490158091420713
L3578,0,0.3780653727054596,0.3925281763076782,25,oddball,eegnet,1,0.4490158091420713
L3579,0,0.5349517667293548,0.5142998695373535,25,oddball,eegnet,1,0.4490158091420713
L3585,0,0.5744755136966705,0.5649276375770569,25,oddball,eegnet,1,0.4490158091420713
L3589,0,0.5896677678823471,0.6003679633140564,25,oddball,eegnet,1,0.4490158091420713
L3598,1,0.48860400294264156,0.4681190401315689,24,oddball,eegnet,1,0.4490158091420713
L3608,1,0.5026616925994555,0.4974437355995178,24,oddball,eegnet,1,0.4490158091420713
L3609,0,0.49188273367674457,0.5024023652076721,23,oddball,eegnet,1,0.4490158091420713
L3617,0,0.7284676718711853,0.7307406067848206,25,oddball,eegnet,1,0.4490158091420713
L3620,1,0.5929051470756531,0.5824419856071472,25,oddball,eegnet,1,0.4490158091420713
L3622,0,0.3750467702098515,0.38162344694137573,23,oddball,eegnet,1,0.4490158091420713
L3635,1,0.49382026866078377,0.514453262090683,24,oddball,eegnet,1,0.4490158091420713
L3637,0,0.3706387403336438,0.346874937415123,22,oddball,eegnet,1,0.4490158091420713
L3646,0,0.49573463201522827,0.48152098059654236,25,oddball,eegnet,1,0.4490158091420713
L3663,0,0.541255419254303,0.5506284832954407,25,oddball,eegnet,1,0.4490158091420713
L3664,1,0.5585360552953638,0.5701431035995483,23,oddball,eegnet,1,0.4490158091420713
L3667,1,0.6441061782836914,0.6385354995727539,25,oddball,eegnet,1,0.4490158091420713
L3668,0,0.6254027533531189,0.6307492256164551,25,oddball,eegnet,1,0.4490158091420713
L3675,1,0.675562641620636,0.6777632236480713,25,oddball,eegnet,1,0.4490158091420713
L3677,0,0.5430976557731628,0.5480088591575623,25,oddball,eegnet,1,0.4490158091420713
L3694,0,0.5721343581875166,0.5612626373767853,24,oddball,eegnet,1,0.4490158091420713
L3696,0,0.5472366011142731,0.5491153001785278,25,oddball,eegnet,1,0.4490158091420713
L3698,1,0.49703684945901233,0.4842211604118347,24,oddball,eegnet,1,0.4490158091420713
L3700,0,0.5352842137217522,0.513461709022522,24,oddball,eegnet,1,0.4490158091420713
L3702,0,0.3965891823172569,0.3944733887910843,20,oddball,eegnet,1,0.4490158091420713
L3707,0,0.512551477421885,0.48963460326194763,23,oddball,eegnet,1,0.4490158091420713
L3708,0,0.6457477704338406,0.6561503410339355,23,oddball,eegnet,1,0.4490158091420713
L3710,0,0.5306295032302538,0.5356398820877075,24,oddball,eegnet,1,0.4490158091420713
L3711,0,0.5273171663284302,0.5241260826587677,24,oddball,eegnet,1,0.4490158091420713
L3712,1,0.4251804161071777,0.4183635711669922,25,oddball,eegnet,1,0.4490158091420713
L3715,1,0.39475075465937454,0.3992301970720291,24,oddball,eegnet,1,0.4490158091420713
L3721,0,0.434263891643948,0.4399905502796173,18,oddball,eegnet,1,0.4490158091420713
L3725,1,0.6224070818800675,0.6077081561088562,19,oddball,eegnet,1,0.4490158091420713
L3740,1,0.5851340079307557,0.57524573802948,25,oddball,eegnet,1,0.4490158091420713
L3749,0,0.5817614807323976,0.5867285132408142,22,oddball,eegnet,1,0.4490158091420713
L3752,0,0.5296992555908535,0.5260077714920044,23,oddball,eegnet,1,0.4490158091420713
L3932,0,0.3434630679813298,0.33845365047454834,22,oddball,eegnet,1,0.4490158091420713
L3966,0,0.5288233536741008,0.5191506743431091,23,oddball,eegnet,1,0.4490158091420713
L3968,1,0.44974655866622926,0.4530468285083771,25,oddball,eegnet,1,0.4490158091420713
L3976,1,0.5647424798120152,0.5546946227550507,22,oddball,eegnet,1,0.4490158091420713
L4000,0,0.5065063834190369,0.5421168804168701,17,oddball,eegnet,1,0.4490158091420713
L4001,1,0.5565235777334734,0.5549109876155853,22,oddball,eegnet,1,0.4490158091420713
L4012,0,0.5602803212754867,0.560433566570282,17,oddball,eegnet,1,0.4490158091420713
L4023,0,0.5848352935003198,0.595787763595581,23,oddball,eegnet,1,0.4490158091420713
L4026,1,0.39004738092422486,0.40005257725715637,25,oddball,eegnet,1,0.4490158091420713
L4030,0,0.6165539506408904,0.6334183216094971,18,oddball,eegnet,1,0.4490158091420713
L4039,0,0.7679976769115614,0.7663640379905701,23,oddball,eegnet,1,0.4490158091420713
L4050,0,0.5867109298706055,0.6035522222518921,19,oddball,eegnet,1,0.4490158091420713
L4057,1,0.502426763898448,0.504195511341095,19,oddball,eegnet,1,0.4490158091420713
L4058,1,0.5640296978609902,0.5881624221801758,28,oddball,eegnet,1,0.4490158091420713
L4059,0,0.5877577701340551,0.577537477016449,23,oddball,eegnet,1,0.4490158091420713
L4061,1,0.41058281004428865,0.41718968749046326,25,oddball,eegnet,1,0.4490158091420713
L4065,1,0.3878415028254191,0.3532252907752991,6,oddball,eegnet,1,0.4490158091420713
L4068,0,0.5587627034295689,0.5613513886928558,22,oddball,eegnet,1,0.4490158091420713
L4073,0,0.5039806372740052,0.5376496315002441,22,oddball,eegnet,1,0.4490158091420713
L4075,0,0.5389558461805185,0.5319105982780457,24,oddball,eegnet,1,0.4490158091420713
L4077,1,0.43874666613081226,0.43455976247787476,23,oddball,eegnet,1,0.4490158091420713
L4087,0,0.48953780661458557,0.4511837065219879,23,oddball,eegnet,1,0.4490158091420713
L4094,1,0.5093327808380127,0.5289859771728516,25,oddball,eegnet,1,0.4490158091420713
L4095,1,0.45025402928392094,0.4325379878282547,24,oddball,eegnet,1,0.4490158091420713
L4104,0,0.5434207399686177,0.5599644780158997,15,oddball,eegnet,1,0.4490158091420713
L4109,0,0.5803701639175415,0.5690048038959503,20,oddball,eegnet,1,0.4490158091420713
L4110,0,0.5484229404675333,0.5470059514045715,19,oddball,eegnet,1,0.4490158091420713
L4113,0,0.4721340653689011,0.48904359340667725,23,oddball,eegnet,1,0.4490158091420713
L4114,1,0.5484293925762177,0.5527310371398926,25,oddball,eegnet,1,0.4490158091420713
L4118,0,0.7222009563446045,0.7275962233543396,25,oddball,eegnet,1,0.4490158091420713
L414,0,0.4816078424453735,0.4935307800769806,25,oddball,eegnet,1,0.4490158091420713
L418,0,0.40953055262565613,0.40559688210487366,25,oddball,eegnet,1,0.4490158091420713
L4201,0,0.3957509230822325,0.3890605866909027,24,oddball,eegnet,1,0.4490158091420713
L4210,1,0.5835343599319458,0.572553813457489,22,oddball,eegnet,1,0.4490158091420713
L4214,0,0.45498392392288556,0.4526977837085724,22,oddball,eegnet,1,0.4490158091420713
L4222,0,0.348596290463493,0.32948991656303406,21,oddball,eegnet,1,0.4490158091420713
L4227,1,0.5255324497818947,0.5191313326358795,20,oddball,eegnet,1,0.4490158091420713
L4246,1,0.44130707245606643,0.447492390871048,13,oddball,eegnet,1,0.4490158091420713
L4288,0,0.49196456567100855,0.4782543480396271,23,oddball,eegnet,1,0.4490158091420713
L4294,0,0.4824538740019004,0.4988188147544861,24,oddball,eegnet,1,0.4490158091420713
L4298,0,0.4994210186211959,0.5020211338996887,23,oddball,eegnet,1,0.4490158091420713
L4305,0,0.4193928837776184,0.41797658801078796,20,oddball,eegnet,1,0.4490158091420713
L4312,0,0.4050627931168205,0.4112268388271332,19,oddball,eegnet,1,0.4490158091420713
L4321,0,0.44178034489353496,0.46334725618362427,24,oddball,eegnet,1,0.4490158091420713
L4329,1,0.580905030965805,0.579554557800293,25,oddball,eegnet,1,0.4490158091420713
L4332,1,0.4969971199830373,0.49293550848960876,15,oddball,eegnet,1,0.4490158091420713
L4334,1,0.4195562020728463,0.4118942618370056,19,oddball,eegnet,1,0.4490158091420713
L4335,1,0.48732143498602365,0.48298031091690063,21,oddball,eegnet,1,0.4490158091420713
L4340,0,0.45397446260732766,0.44503599405288696,17,oddball,eegnet,1,0.4490158091420713
L4347,1,0.5153841165204843,0.5124199688434601,24,oddball,eegnet,1,0.4490158091420713
L4348,0,0.4436428439617157,0.4392607808113098,25,oddball,eegnet,1,0.4490158091420713
L4351,1,0.4608546992142995,0.4374217391014099,21,oddball,eegnet,1,0.4490158091420713
L437,0,0.38010022282600403,0.3618357479572296,25,oddball,eegnet,1,0.4490158091420713
L4370,0,0.31013628964622814,0.28334803879261017,24,oddball,eegnet,1,0.4490158091420713
L4373,1,0.39679900705814364,0.4032299220561981,20,oddball,eegnet,1,0.4490158091420713
L4375,1,0.45936680652878503,0.44533684849739075,22,oddball,eegnet,1,0.4490158091420713
L438,0,0.2977524070690076,0.2922349125146866,24,oddball,eegnet,1,0.4490158091420713
L4387,0,0.524071091413498,0.5178444981575012,25,oddball,eegnet,1,0.4490158091420713
L4389,0,0.4928440627726642,0.5110106468200684,22,oddball,eegnet,1,0.4490158091420713
L4390,1,0.3925362719843785,0.39110320806503296,24,oddball,eegnet,1,0.4490158091420713
L4395,1,0.36871841000883204,0.3778834640979767,19,oddball,eegnet,1,0.4490158091420713
L4396,1,0.5074634590874547,0.5180009007453918,23,oddball,eegnet,1,0.4490158091420713
L4402,0,0.49917775511741636,0.5071403980255127,25,oddball,eegnet,1,0.4490158091420713
L4404,0,0.44035343391199905,0.4341965913772583,24,oddball,eegnet,1,0.4490158091420713
L4418,0,0.4618439603419531,0.4668559730052948,21,oddball,eegnet,1,0.4490158091420713
L4424,1,0.3841104507446289,0.37651243805885315,19,oddball,eegnet,1,0.4490158091420713
L4425,0,0.5371178601469312,0.5317173004150391,21,oddball,eegnet,1,0.4490158091420713
L4430,0,0.5112557709217072,0.5107284188270569,19,oddball,eegnet,1,0.4490158091420713
L4432,1,0.45427742211715033,0.46920666098594666,23,oddball,eegnet,1,0.4490158091420713
L4444,0,0.446864994764328,0.42526280879974365,25,oddball,eegnet,1,0.4490158091420713
L4446,0,0.6254834079224131,0.6326858401298523,23,oddball,eegnet,1,0.4490158091420713
L4451,1,0.38046337325464596,0.36269451677799225,22,oddball,eegnet,1,0.4490158091420713
L4452,1,0.6478040706027638,0.6721014976501465,22,oddball,eegnet,1,0.4490158091420713
L4457,1,0.38699418492615223,0.39886990189552307,24,oddball,eegnet,1,0.4490158091420713
L4458,0,0.47647875905036924,0.4722549617290497,25,oddball,eegnet,1,0.4490158091420713
L4460,0,0.3581095641851425,0.3740018904209137,25,oddball,eegnet,1,0.4490158091420713
L4466,1,0.4849977242946625,0.4875844120979309,25,oddball,eegnet,1,0.4490158091420713
L447,0,0.4229476600885391,0.42159637808799744,24,oddball,eegnet,1,0.4490158091420713
L4478,0,0.4234103119891623,0.4064166843891144,23,oddball,eegnet,1,0.4490158091420713
L4482,0,0.4464090049266815,0.44332486391067505,25,oddball,eegnet,1,0.4490158091420713
L4505,1,0.6289658776738427,0.6139876842498779,22,oddball,eegnet,1,0.4490158091420713
L4512,1,0.5053239973882834,0.5179452002048492,24,oddball,eegnet,1,0.4490158091420713
L4517,1,0.4029604210094972,0.40012097358703613,22,oddball,eegnet,1,0.4490158091420713
L4518,1,0.6300787112929604,0.6506437957286835,22,oddball,eegnet,1,0.4490158091420713
L4531,1,0.582578874769665,0.557400643825531,21,oddball,eegnet,1,0.4490158091420713
L4532,0,0.31327580571174624,0.3243691325187683,25,oddball,eegnet,1,0.4490158091420713
L4541,1,0.5236848843097687,0.5197095274925232,25,oddball,eegnet,1,0.4490158091420713
L4545,1,0.40096242142760236,0.3927730619907379,23,oddball,eegnet,1,0.4490158091420713
L4549,0,0.46781455849607784,0.50136598944664,24,oddball,eegnet,1,0.4490158091420713
L4566,0,0.3309141045266932,0.30634190142154694,22,oddball,eegnet,1,0.4490158091420713
L4578,0,0.40056446318825084,0.3843056857585907,24,oddball,eegnet,1,0.4490158091420713
L4580,1,0.36569669246673586,0.35855311155319214,25,oddball,eegnet,1,0.4490158091420713
L4581,0,0.6274297595024109,0.6295191049575806,25,oddball,eegnet,1,0.4490158091420713
L4583,0,0.414915781468153,0.41447097063064575,24,oddball,eegnet,1,0.4490158091420713
L466,1,0.293435121178627,0.2721828818321228,25,oddball,eegnet,1,0.4490158091420713
L467,1,0.5299768483638764,0.5386031270027161,25,oddball,eegnet,1,0.4490158091420713
L481,0,0.389998696744442,0.38707874715328217,24,oddball,eegnet,1,0.4490158091420713
L482,0,0.3806974124908447,0.3902883529663086,25,oddball,eegnet,1,0.4490158091420713
L492,0,0.391545098452341,0.3920186460018158,21,oddball,eegnet,1,0.4490158091420713
L496,1,0.24749532341957092,0.2595265805721283,12,oddball,eegnet,1,0.4490158091420713
L503,0,0.5725138783454895,0.5848274230957031,24,oddball,eegnet,1,0.4490158091420713
L505,1,0.4503914415836334,0.4562584459781647,25,oddball,eegnet,1,0.4490158091420713
L506,0,0.3356319975852966,0.3358284533023834,25,oddball,eegnet,1,0.4490158091420713
L507,0,0.43228111416101456,0.4364903122186661,24,oddball,eegnet,1,0.4490158091420713
L511,0,0.46888393044471743,0.4524187743663788,25,oddball,eegnet,1,0.4490158091420713
L527,0,0.42515305015775895,0.4171997755765915,18,oddball,eegnet,1,0.4490158091420713
L535,1,0.49336033007677865,0.512411892414093,17,oddball,eegnet,1,0.4490158091420713
L538,0,0.49207116961479186,0.47955620288848877,25,oddball,eegnet,1,0.4490158091420713
L549,0,0.4920963225039569,0.46968796849250793,22,oddball,eegnet,1,0.4490158091420713
L55,1,0.5125281715393066,0.502229630947113,25,oddball,eegnet,1,0.4490158091420713
L555,0,0.44225593566894533,0.4285462498664856,25,oddball,eegnet,1,0.4490158091420713
L557,0,0.47071631625294685,0.4766392111778259,24,oddball,eegnet,1,0.4490158091420713
L560,1,0.5135257189924066,0.5231671035289764,22,oddball,eegnet,1,0.4490158091420713
L564,0,0.3675732379374297,0.36660534143447876,23,oddball,eegnet,1,0.4490158091420713
L57,0,0.4062074174483617,0.4030122756958008,24,oddball,eegnet,1,0.4490158091420713
L575,0,0.3636048957705498,0.36574774980545044,22,oddball,eegnet,1,0.4490158091420713
L583,1,0.5595154634543827,0.5699847936630249,21,oddball,eegnet,1,0.4490158091420713
L584,1,0.4558765050910768,0.426451712846756,21,oddball,eegnet,1,0.4490158091420713
L587,0,0.43386906210113974,0.42537131905555725,17,oddball,eegnet,1,0.4490158091420713
L597,0,0.5335904514789581,0.5300230383872986,25,oddball,eegnet,1,0.4490158091420713
L599,0,0.3603174561262131,0.34477126598358154,25,oddball,eegnet,1,0.4490158091420713
L603,0,0.48773087366767554,0.47785401344299316,23,oddball,eegnet,1,0.4490158091420713
L61,1,0.34560607762440393,0.32586076855659485,23,oddball,eegnet,1,0.4490158091420713
L613,0,0.6711577061149809,0.6601881086826324,18,oddball,eegnet,1,0.4490158091420713
L624,1,0.5122058745473623,0.5028504282236099,16,oddball,eegnet,1,0.4490158091420713
L629,0,0.21894217520952225,0.20721347630023956,25,oddball,eegnet,1,0.4490158091420713
L63,0,0.480117305403664,0.48736050724983215,21,oddball,eegnet,1,0.4490158091420713
L637,1,0.46876880764961243,0.4712275564670563,25,oddball,eegnet,1,0.4490158091420713
L638,0,0.5145454359054565,0.5251994729042053,25,oddball,eegnet,1,0.4490158091420713
L644,1,0.40629531145095826,0.3951987624168396,25,oddball,eegnet,1,0.4490158091420713
L646,1,0.5321714520454407,0.5265256762504578,25,oddball,eegnet,1,0.4490158091420713
L677,1,0.3676840240756671,0.3800567090511322,18,oddball,eegnet,1,0.4490158091420713
L690,0,0.45390443628033,0.45276302099227905,24,oddball,eegnet,1,0.4490158091420713
L699,0,0.48362052829369256,0.4996427595615387,23,oddball,eegnet,1,0.4490158091420713
L702,0,0.5961775961849425,0.6181885898113251,18,oddball,eegnet,1,0.4490158091420713
L704,0,0.39206570599760326,0.3856521248817444,21,oddball,eegnet,1,0.4490158091420713
L708,1,0.4444302978614966,0.4317990243434906,24,oddball,eegnet,1,0.4490158091420713
L711,0,0.3597742549397729,0.3603474050760269,22,oddball,eegnet,1,0.4490158091420713
L72,1,0.3177983961675478,0.2808540165424347,23,oddball,eegnet,1,0.4490158091420713
L720,0,0.3638547311226527,0.3789352476596832,24,oddball,eegnet,1,0.4490158091420713
L727,0,0.5191204168579795,0.5224016010761261,22,oddball,eegnet,1,0.4490158091420713
L729,0,0.46772379338741304,0.4576806128025055,25,oddball,eegnet,1,0.4490158091420713
L730,0,0.44408605620265007,0.43420344591140747,24,oddball,eegnet,1,0.4490158091420713
L746,0,0.5752670311927796,0.5608790516853333,25,oddball,eegnet,1,0.4490158091420713
L749,0,0.43393565341830254,0.4430040419101715,20,oddball,eegnet,1,0.4490158091420713
L760,1,0.5293320345878602,0.5308217406272888,25,oddball,eegnet,1,0.4490158091420713
L766,0,0.5256162881851196,0.5371559262275696,23,oddball,eegnet,1,0.4490158091420713
L785,0,0.6992217898368835,0.686750590801239,23,oddball,eegnet,1,0.4490158091420713
L787,0,0.3926989044994116,0.3913612812757492,24,oddball,eegnet,1,0.4490158091420713
L788,0,0.49400438492496807,0.4769634008407593,24,oddball,eegnet,1,0.4490158091420713
L792,0,0.5260132718086242,0.5221676826477051,25,oddball,eegnet,1,0.4490158091420713
L793,0,0.333930167555809,0.32491567730903625,25,oddball,eegnet,1,0.4490158091420713
L817,0,0.5715004575252532,0.5834705233573914,25,oddball,eegnet,1,0.4490158091420713
L818,0,0.4814214527606964,0.4809773564338684,15,oddball,eegnet,1,0.4490158091420713
L823,0,0.296096524466639,0.2806475758552551,23,oddball,eegnet,1,0.4490158091420713
L835,0,0.49967235845068225,0.4819764792919159,23,oddball,eegnet,1,0.4490158091420713
L838,1,0.41813738346099855,0.4124971777200699,20,oddball,eegnet,1,0.4490158091420713
L84,0,0.40451997907265375,0.41434961557388306,23,oddball,eegnet,1,0.4490158091420713
L848,0,0.6169033408164978,0.6360899209976196,25,oddball,eegnet,1,0.4490158091420713
L85,0,0.5584466338157654,0.5694536566734314,25,oddball,eegnet,1,0.4490158091420713
L863,0,0.8010822882254919,0.8477646708488464,24,oddball,eegnet,1,0.4490158091420713
L867,0,0.42024322152137755,0.4074137210845947,25,oddball,eegnet,1,0.4490158091420713
L10,0,0.641620934009552,0.6407431960105896,22,oddball,eegnet,2,0.5250587984919548
L107,0,0.5080336537212133,0.5076087415218353,16,oddball,eegnet,2,0.5250587984919548
L115,1,0.5313225771699633,0.5275260806083679,14,oddball,eegnet,2,0.5250587984919548
L119,0,0.383409169587222,0.3465069383382797,22,oddball,eegnet,2,0.5250587984919548
L127,0,0.6518330822388331,0.6457524299621582,24,oddball,eegnet,2,0.5250587984919548
L131,1,0.6297305488586425,0.6296594142913818,25,oddball,eegnet,2,0.5250587984919548
L132,0,0.5750455498695374,0.56201171875,25,oddball,eegnet,2,0.5250587984919548
L134,1,0.5096051514148712,0.5129685401916504,5,oddball,eegnet,2,0.5250587984919548
L1354,0,0.5513778924942017,0.5466450452804565,23,oddball,eegnet,2,0.5250587984919548
L1367,0,0.6418237090110779,0.6579334735870361,25,oddball,eegnet,2,0.5250587984919548
L1375,0,0.5499999873016191,0.5240448713302612,23,oddball,eegnet,2,0.5250587984919548
L1377,1,0.5006117937357529,0.497250497341156,23,oddball,eegnet,2,0.5250587984919548
L1378,0,0.5536640301346779,0.5418547093868256,20,oddball,eegnet,2,0.5250587984919548
L1383,0,0.5765362344682217,0.5747402310371399,24,oddball,eegnet,2,0.5250587984919548
L1389,0,0.5360462937666022,0.556422233581543,23,oddball,eegnet,2,0.5250587984919548
L1391,0,0.5942767679691314,0.5947932600975037,25,oddball,eegnet,2,0.5250587984919548
L1393,0,0.5836236663162708,0.5883922874927521,16,oddball,eegnet,2,0.5250587984919548
L1403,0,0.5511457945989526,0.5669651627540588,23,oddball,eegnet,2,0.5250587984919548
L1434,0,0.7097300713260969,0.7251173555850983,24,oddball,eegnet,2,0.5250587984919548
L1439,0,0.6286898362636566,0.612199068069458,25,oddball,eegnet,2,0.5250587984919548
L1446,0,0.5073892435301905,0.5104379057884216,23,oddball,eegnet,2,0.5250587984919548
L1447,0,0.48524702001701703,0.5056054294109344,22,oddball,eegnet,2,0.5250587984919548
L1448,0,0.6328147815333472,0.6646429002285004,18,oddball,eegnet,2,0.5250587984919548
L1449,0,0.5001714279254278,0.4901560842990875,24,oddball,eegnet,2,0.5250587984919548
L145,0,0.5305815987727222,0.5372817516326904,17,oddball,eegnet,2,0.5250587984919548
L1460,0,0.4879507601261139,0.5034877955913544,20,oddball,eegnet,2,0.5250587984919548
L1466,1,0.6000608387200729,0.5883780121803284,23,oddball,eegnet,2,0.5250587984919548
L1469,0,0.5681069958209991,0.583013653755188,25,oddball,eegnet,2,0.5250587984919548
L1472,0,0.5898084964441217,0.5777714848518372,23,oddball,eegnet,2,0.5250587984919548
L1475,0,0.414501333520526,0.4065861701965332,21,oddball,eegnet,2,0.5250587984919548
L1480,1,0.561128800823575,0.5597632527351379,21,oddball,eegnet,2,0.5250587984919548
L15,0,0.5295217866482942,0.5378331542015076,23,oddball,eegnet,2,0.5250587984919548
L1502,1,0.5012548656567283,0.5163499116897583,23,oddball,eegnet,2,0.5250587984919548
L151,0,0.44961901203445764,0.4469509720802307,23,oddball,eegnet,2,0.5250587984919548
L1511,0,0.5923411684731642,0.6024502515792847,24,oddball,eegnet,2,0.5250587984919548
L1513,0,0.5472329457600912,0.5652238130569458,24,oddball,eegnet,2,0.5250587984919548
L1515,1,0.5122897232120688,0.5250003039836884,22,oddball,eegnet,2,0.5250587984919548
L1517,0,0.5420408725738526,0.549919605255127,25,oddball,eegnet,2,0.5250587984919548
L152,0,0.6141675334227713,0.5981969237327576,19,oddball,eegnet,2,0.5250587984919548
L1523,0,0.5466120040416718,0.5659744739532471,25,oddball,eegnet,2,0.5250587984919548
L154,1,0.6781020712852478,0.6628516912460327,25,oddball,eegnet,2,0.5250587984919548
L1549,0,0.48271099784794974,0.48879364132881165,17,oddball,eegnet,2,0.5250587984919548
L1556,0,0.5419190426667532,0.5399010181427002,21,oddball,eegnet,2,0.5250587984919548
L1562,1,0.4689413321018219,0.4713168740272522,25,oddball,eegnet,2,0.5250587984919548
L1565,1,0.7392162551050601,0.7547305226325989,23,oddball,eegnet,2,0.5250587984919548
L1571,0,0.49855647642504086,0.523589015007019,22,oddball,eegnet,2,0.5250587984919548
L1574,0,0.5411380962892012,0.5370098948478699,22,oddball,eegnet,2,0.5250587984919548
L1577,1,0.4788172960281372,0.4655616581439972,25,oddball,eegnet,2,0.5250587984919548
L1584,1,0.5131929057339827,0.5023225843906403,24,oddball,eegnet,2,0.5250587984919548
L1594,0,0.6761936140060425,0.6577998995780945,25,oddball,eegnet,2,0.5250587984919548
L160,0,0.5399803593754768,0.5319362282752991,24,oddball,eegnet,2,0.5250587984919548
L1603,0,0.4623553454875946,0.4499116837978363,25,oddball,eegnet,2,0.5250587984919548
L1609,0,0.5689133608883078,0.5836614370346069,22,oddball,eegnet,2,0.5250587984919548
L1619,0,0.5347822805245718,0.5227059125900269,24,oddball,eegnet,2,0.5250587984919548
L1620,0,0.6165375852584839,0.5944309234619141,25,oddball,eegnet,2,0.5250587984919548
L1622,1,0.5376873433589935,0.5156868696212769,25,oddball,eegnet,2,0.5250587984919548
L1627,0,0.48092228422562283,0.48306913673877716,24,oddball,eegnet,2,0.5250587984919548
L1632,0,0.5707171491601251,0.5676767528057098,22,oddball,eegnet,2,0.5250587984919548
L1633,0,0.5657151951031252,0.5538079142570496,22,oddball,eegnet,2,0.5250587984919548
L1637,0,0.5476578104496003,0.5364587306976318,25,oddball,eegnet,2,0.5250587984919548
L1660,0,0.5919684740630063,0.5816041529178619,22,oddball,eegnet,2,0.5250587984919548
L1664,1,0.6158536618406122,0.6165306866168976,22,oddball,eegnet,2,0.5250587984919548
L167,0,0.6235357964038849,0.6150208711624146,25,oddball,eegnet,2,0.5250587984919548
L1675,0,0.6714171793149866,0.680828869342804,23,oddball,eegnet,2,0.5250587984919548
L1683,0,0.519586581736803,0.5041045248508453,24,oddball,eegnet,2,0.5250587984919548
L1698,0,0.4852025698531758,0.4611710160970688,22,oddball,eegnet,2,0.5250587984919548
L1699,0,0.41835172130511356,0.4351794719696045,13,oddball,eegnet,2,0.5250587984919548
L1706,0,0.5588431107997894,0.5619674921035767,25,oddball,eegnet,2,0.5250587984919548
L1715,0,0.4506218954920769,0.4281396269798279,24,oddball,eegnet,2,0.5250587984919548
L1719,0,0.5651119165122509,0.5660360157489777,24,oddball,eegnet,2,0.5250587984919548
L173,0,0.3876702096313238,0.3620159178972244,24,oddball,eegnet,2,0.5250587984919548
L1731,1,0.49641510585080023,0.5055022239685059,23,oddball,eegnet,2,0.5250587984919548
L1738,0,0.44516401529312133,0.4411267936229706,25,oddball,eegnet,2,0.5250587984919548
L1741,1,0.5690510843111121,0.5883077383041382,23,oddball,eegnet,2,0.5250587984919548
L1748,0,0.5930690777798494,0.6255317330360413,24,oddball,eegnet,2,0.5250587984919548
L1755,0,0.5338864665139805,0.528523862361908,22,oddball,eegnet,2,0.5250587984919548
L1757,1,0.5651554207910191,0.57929927110672,22,oddball,eegnet,2,0.5250587984919548
L1759,1,0.37795227641860646,0.3787238746881485,24,oddball,eegnet,2,0.5250587984919548
L1760,1,0.5510978257656097,0.5497432947158813,25,oddball,eegnet,2,0.5250587984919548
L1764,0,0.6205046423103499,0.6317762732505798,23,oddball,eegnet,2,0.5250587984919548
L1766,1,0.3470816876400601,0.33012761175632477,22,oddball,eegnet,2,0.5250587984919548
L1769,1,0.5566154610026967,0.5507584810256958,22,oddball,eegnet,2,0.5250587984919548
L1770,1,0.4477165327830748,0.4538344293832779,22,oddball,eegnet,2,0.5250587984919548
L1774,0,0.5404215070108572,0.5310361683368683,24,oddball,eegnet,2,0.5250587984919548
L1777,1,0.49959003180265427,0.49850159883499146,24,oddball,eegnet,2,0.5250587984919548
L1778,0,0.32249607599299884,0.3141089081764221,23,oddball,eegnet,2,0.5250587984919548
L178,0,0.5036490398148695,0.489740252494812,24,oddball,eegnet,2,0.5250587984919548
L18,0,0.4064848866934578,0.44287948310375214,24,oddball,eegnet,2,0.5250587984919548
L1806,0,0.370625223343571,0.35114043951034546,24,oddball,eegnet,2,0.5250587984919548
L1808,0,0.5222691893577576,0.5187241733074188,24,oddball,eegnet,2,0.5250587984919548
L1809,0,0.6244331101576487,0.630537211894989,24,oddball,eegnet,2,0.5250587984919548
L1813,0,0.5630370404409326,0.5613421201705933,23,oddball,eegnet,2,0.5250587984919548
L1824,1,0.5504640012979507,0.5496027171611786,20,oddball,eegnet,2,0.5250587984919548
L1826,0,0.5888194428837817,0.5929675698280334,23,oddball,eegnet,2,0.5250587984919548
L1835,0,0.5868073749542236,0.5980769395828247,25,oddball,eegnet,2,0.5250587984919548
L1849,1,0.4990794891896455,0.4674335718154907,23,oddball,eegnet,2,0.5250587984919548
L1850,0,0.6025706851482391,0.5877801775932312,25,oddball,eegnet,2,0.5250587984919548
L1857,0,0.6738587641716003,0.6842233538627625,25,oddball,eegnet,2,0.5250587984919548
L1866,0,0.4791487571985825,0.4984660744667053,23,oddball,eegnet,2,0.5250587984919548
L1872,0,0.5701329028606414,0.5826581120491028,25,oddball,eegnet,2,0.5250587984919548
L1875,0,0.4291858400987542,0.4183383584022522,23,oddball,eegnet,2,0.5250587984919548
L1877,0,0.5661732947284525,0.5764508843421936,22,oddball,eegnet,2,0.5250587984919548
L1878,1,0.79606090421262,0.8330431580543518,23,oddball,eegnet,2,0.5250587984919548
L1882,1,0.4805757737159729,0.5124990940093994,25,oddball,eegnet,2,0.5250587984919548
L1884,1,0.47537594959139823,0.4912630468606949,20,oddball,eegnet,2,0.5250587984919548
L1901,1,0.496237576007843,0.49599602818489075,25,oddball,eegnet,2,0.5250587984919548
L1905,1,0.5134580861777067,0.5288852155208588,24,oddball,eegnet,2,0.5250587984919548
L1906,0,0.47955837710337207,0.5007537007331848,22,oddball,eegnet,2,0.5250587984919548
L1908,0,0.522205088449561,0.5347347855567932,23,oddball,eegnet,2,0.5250587984919548
L202,0,0.515102435713229,0.5264649987220764,23,oddball,eegnet,2,0.5250587984919548
L210,1,0.479314507295688,0.49333152174949646,24,oddball,eegnet,2,0.5250587984919548
L211,0,0.41169736348092556,0.4312485605478287,24,oddball,eegnet,2,0.5250587984919548
L214,0,0.5598418521881103,0.5564968585968018,25,oddball,eegnet,2,0.5250587984919548
L220,1,0.48077529668807983,0.48649337887763977,25,oddball,eegnet,2,0.5250587984919548
L221,0,0.5398356878757476,0.5135509371757507,25,oddball,eegnet,2,0.5250587984919548
L227,0,0.4423564088841279,0.44255007803440094,24,oddball,eegnet,2,0.5250587984919548
L250,1,0.5683660559032274,0.5676788687705994,23,oddball,eegnet,2,0.5250587984919548
L2510,1,0.48011070230732794,0.4413304626941681,23,oddball,eegnet,2,0.5250587984919548
L2518,1,0.5670588480101691,0.5812289714813232,18,oddball,eegnet,2,0.5250587984919548
L2532,0,0.48242709661523503,0.49507130682468414,24,oddball,eegnet,2,0.5250587984919548
L2535,0,0.6549217700958252,0.6495400667190552,22,oddball,eegnet,2,0.5250587984919548
L2539,0,0.5992765879631042,0.6186361908912659,25,oddball,eegnet,2,0.5250587984919548
L2541,0,0.4876074266433716,0.49193790555000305,25,oddball,eegnet,2,0.5250587984919548
L2542,1,0.524783058166504,0.5232945680618286,25,oddball,eegnet,2,0.5250587984919548
L2547,0,0.5500059463083744,0.5471611320972443,24,oddball,eegnet,2,0.5250587984919548
L2549,1,0.4599684787293275,0.4608588367700577,24,oddball,eegnet,2,0.5250587984919548
L255,0,0.49655212597413495,0.47957180440425873,22,oddball,eegnet,2,0.5250587984919548
L2551,0,0.4515849387645721,0.4685376286506653,25,oddball,eegnet,2,0.5250587984919548
L2552,1,0.6271962881088257,0.6203723549842834,25,oddball,eegnet,2,0.5250587984919548
L2554,1,0.578664633360776,0.5947539210319519,22,oddball,eegnet,2,0.5250587984919548
L2555,0,0.5844125462075075,0.583871603012085,24,oddball,eegnet,2,0.5250587984919548
L256,0,0.5664911373801853,0.5692343711853027,23,oddball,eegnet,2,0.5250587984919548
L2560,1,0.5365707216163477,0.5332483649253845,24,oddball,eegnet,2,0.5250587984919548
L2564,0,0.5115157092610995,0.5012915432453156,24,oddball,eegnet,2,0.5250587984919548
L2566,1,0.3043828552419489,0.3128580302000046,22,oddball,eegnet,2,0.5250587984919548
L2568,0,0.5483825244009495,0.5724644362926483,24,oddball,eegnet,2,0.5250587984919548
L2579,0,0.4626856880883376,0.4683641642332077,24,oddball,eegnet,2,0.5250587984919548
L2585,0,0.5892351071039835,0.6162085235118866,24,oddball,eegnet,2,0.5250587984919548
L2587,1,0.3987805080413818,0.38673824071884155,25,oddball,eegnet,2,0.5250587984919548
L2590,0,0.4947760875026385,0.49438920617103577,24,oddball,eegnet,2,0.5250587984919548
L2591,0,0.5558692216873169,0.554750382900238,21,oddball,eegnet,2,0.5250587984919548
L2593,0,0.549144179870685,0.5334089398384094,24,oddball,eegnet,2,0.5250587984919548
L2596,0,0.39521470189094543,0.3812054991722107,25,oddball,eegnet,2,0.5250587984919548
L260,0,0.5432778573953189,0.5747290253639221,13,oddball,eegnet,2,0.5250587984919548
L2601,0,0.3896164409816265,0.38363490998744965,24,oddball,eegnet,2,0.5250587984919548
L2603,1,0.4391955098380213,0.428999125957489,23,oddball,eegnet,2,0.5250587984919548
L261,0,0.32951680123806,0.32235461473464966,25,oddball,eegnet,2,0.5250587984919548
L2616,0,0.6074782221213632,0.6324552893638611,23,oddball,eegnet,2,0.5250587984919548
L2627,1,0.5287992889466493,0.539352297782898,23,oddball,eegnet,2,0.5250587984919548
L2634,0,0.4448027118392613,0.447677880525589,23,oddball,eegnet,2,0.5250587984919548
L2640,0,0.484438410271769,0.503061830997467,23,oddball,eegnet,2,0.5250587984919548
L2654,1,0.5865783574788467,0.6199976801872253,23,oddball,eegnet,2,0.5250587984919548
L2655,1,0.3718144541978836,0.37531283497810364,25,oddball,eegnet,2,0.5250587984919548
L2659,0,0.5324155200611461,0.5429743826389313,22,oddball,eegnet,2,0.5250587984919548
L2666,0,0.31016032255831216,0.30389276146888733,21,oddball,eegnet,2,0.5250587984919548
L2681,1,0.5854901683330536,0.5943880081176758,25,oddball,eegnet,2,0.5250587984919548
L2685,0,0.5817626055918241,0.6011844277381897,19,oddball,eegnet,2,0.5250587984919548
L2694,0,0.4224844134372214,0.42323634028434753,23,oddball,eegnet,2,0.5250587984919548
L2706,0,0.5648198872804642,0.5764228999614716,20,oddball,eegnet,2,0.5250587984919548
L2712,0,0.4906455874443054,0.4755197763442993,21,oddball,eegnet,2,0.5250587984919548
L2716,0,0.5484003901481629,0.5353219509124756,25,oddball,eegnet,2,0.5250587984919548
L2723,0,0.36279152722462366,0.34319183230400085,23,oddball,eegnet,2,0.5250587984919548
L2729,0,0.7342867358871128,0.7338674068450928,23,oddball,eegnet,2,0.5250587984919548
L2731,0,0.47761660317579907,0.4500190317630768,24,oddball,eegnet,2,0.5250587984919548
L2735,1,0.3805157666405042,0.37861011922359467,24,oddball,eegnet,2,0.5250587984919548
L2737,1,0.6432560443878174,0.6430580019950867,20,oddball,eegnet,2,0.5250587984919548
L2745,1,0.5578314988386064,0.556958019733429,21,oddball,eegnet,2,0.5250587984919548
L2749,0,0.48422159119085834,0.4828244000673294,22,oddball,eegnet,2,0.5250587984919548
L2751,0,0.47327385663986205,0.47497934103012085,25,oddball,eegnet,2,0.5250587984919548
L2766,0,0.407924007003506,0.4243191331624985,24,oddball,eegnet,2,0.5250587984919548
L277,0,0.42383646344145137,0.4244546890258789,24,oddball,eegnet,2,0.5250587984919548
L2771,0,0.5825218319892883,0.5879295468330383,25,oddball,eegnet,2,0.5250587984919548
L2772,0,0.46498866785656323,0.4683336168527603,22,oddball,eegnet,2,0.5250587984919548
L2779,0,0.5348662757873535,0.5292059183120728,25,oddball,eegnet,2,0.5250587984919548
L2780,0,0.49157631024718285,0.5096528232097626,24,oddball,eegnet,2,0.5250587984919548
L2783,0,0.546662376685576,0.546684205532074,22,oddball,eegnet,2,0.5250587984919548
L2791,0,0.6137095913290977,0.6178444027900696,24,oddball,eegnet,2,0.5250587984919548
L2792,0,0.5886636209487915,0.6348457336425781,25,oddball,eegnet,2,0.5250587984919548
L2804,0,0.48519506429632503,0.5192761719226837,24,oddball,eegnet,2,0.5250587984919548
L2807,0,0.49401738405227663,0.5007131099700928,25,oddball,eegnet,2,0.5250587984919548
L281,1,0.3825555145740509,0.3673036992549896,23,oddball,eegnet,2,0.5250587984919548
L2813,0,0.694009393453598,0.6939429640769958,23,oddball,eegnet,2,0.5250587984919548
L2819,0,0.510935640335083,0.5250710248947144,25,oddball,eegnet,2,0.5250587984919548
L2825,0,0.6615654516220093,0.6437028646469116,25,oddball,eegnet,2,0.5250587984919548
L2827,0,0.6392792725563049,0.6533719301223755,25,oddball,eegnet,2,0.5250587984919548
L2840,0,0.5489386987686157,0.5391625761985779,25,oddball,eegnet,2,0.5250587984919548
L2843,0,0.5297468924522399,0.5467274785041809,25,oddball,eegnet,2,0.5250587984919548
L2854,0,0.5072126314043999,0.4937537610530853,24,oddball,eegnet,2,0.5250587984919548
L2874,0,0.5417797636418116,0.5547325015068054,21,oddball,eegnet,2,0.5250587984919548
L2875,0,0.549675954580307,0.5509439706802368,25,oddball,eegnet,2,0.5250587984919548
L2880,0,0.5510668692489465,0.5411365330219269,24,oddball,eegnet,2,0.5250587984919548
L2891,0,0.5840327847003937,0.5656867027282715,25,oddball,eegnet,2,0.5250587984919548
L2901,0,0.4840595491907813,0.481611043214798,22,oddball,eegnet,2,0.5250587984919548
L2902,0,0.49266686609813143,0.4991718530654907,14,oddball,eegnet,2,0.5250587984919548
L2918,1,0.47597360610961914,0.4754144549369812,15,oddball,eegnet,2,0.5250587984919548
L292,1,0.5403281464463189,0.5527401566505432,21,oddball,eegnet,2,0.5250587984919548
L2945,0,0.49736940589818085,0.49643097817897797,22,oddball,eegnet,2,0.5250587984919548
L295,1,0.4357890859246254,0.43768125772476196,24,oddball,eegnet,2,0.5250587984919548
L2955,0,0.519000000574372,0.49384652078151703,22,oddball,eegnet,2,0.5250587984919548
L2984,0,0.4975335734585921,0.5090263187885284,24,oddball,eegnet,2,0.5250587984919548
L2989,0,0.4038408839184305,0.40546029806137085,23,oddball,eegnet,2,0.5250587984919548
L2995,0,0.4456069143045516,0.4307762682437897,21,oddball,eegnet,2,0.5250587984919548
L302,0,0.620729579873707,0.6169533729553223,23,oddball,eegnet,2,0.5250587984919548
L3021,1,0.49773328444536996,0.47481435537338257,17,oddball,eegnet,2,0.5250587984919548
L3026,0,0.4425401443784887,0.45105746388435364,22,oddball,eegnet,2,0.5250587984919548
L3076,0,0.4991849126915137,0.5075096487998962,24,oddball,eegnet,2,0.5250587984919548
L3078,0,0.7595058803757032,0.763386994600296,24,oddball,eegnet,2,0.5250587984919548
L3079,0,0.22758264329872632,0.22452236711978912,19,oddball,eegnet,2,0.5250587984919548
L3085,0,0.3487821483612061,0.3477471172809601,25,oddball,eegnet,2,0.5250587984919548
L3088,0,0.5904017498618678,0.5994575023651123,19,oddball,eegnet,2,0.5250587984919548
L3096,0,0.4355725749679234,0.41310518980026245,23,oddball,eegnet,2,0.5250587984919548
L3098,1,0.5513853512027047,0.5368606746196747,22,oddball,eegnet,2,0.5250587984919548
L3104,1,0.44866967071657593,0.44330596923828125,23,oddball,eegnet,2,0.5250587984919548
L3107,0,0.4191857188940048,0.4204947203397751,20,oddball,eegnet,2,0.5250587984919548
L3125,1,0.5069365890129752,0.5072438716888428,23,oddball,eegnet,2,0.5250587984919548
L3130,0,0.43479559231888165,0.4339578449726105,22,oddball,eegnet,2,0.5250587984919548
L3137,0,0.4391990825533867,0.45174440741539,4,oddball,eegnet,2,0.5250587984919548
L3148,0,0.3673122790844544,0.3707580864429474,23,oddball,eegnet,2,0.5250587984919548
L3151,0,0.1397132504110535,0.13268113136291504,24,oddball,eegnet,2,0.5250587984919548
L3160,0,0.42510333135724065,0.4281630367040634,20,oddball,eegnet,2,0.5250587984919548
L3161,0,0.450339342157046,0.44480255246162415,24,oddball,eegnet,2,0.5250587984919548
L3168,1,0.5263852149248123,0.5253255069255829,20,oddball,eegnet,2,0.5250587984919548
L3169,0,0.4973586392402649,0.4793511629104614,25,oddball,eegnet,2,0.5250587984919548
L3184,0,0.300673890709877,0.2715141475200653,25,oddball,eegnet,2,0.5250587984919548
L3189,0,0.5947479435375759,0.6009491086006165,21,oddball,eegnet,2,0.5250587984919548
L3197,1,0.4761228001117706,0.47202131152153015,25,oddball,eegnet,2,0.5250587984919548
L3199,0,0.258345268368721,0.24244369566440582,25,oddball,eegnet,2,0.5250587984919548
L3237,0,0.42131284730775015,0.41634082794189453,21,oddball,eegnet,2,0.5250587984919548
L327,1,0.5358156931400299,0.5186145901679993,25,oddball,eegnet,2,0.5250587984919548
L33,0,0.6410965811122548,0.6533420383930206,22,oddball,eegnet,2,0.5250587984919548
L335,0,0.4632293999195099,0.4743347465991974,25,oddball,eegnet,2,0.5250587984919548
L336,1,0.5569429527158323,0.579805314540863,23,oddball,eegnet,2,0.5250587984919548
L3422,0,0.6848657160997391,0.7014945447444916,20,oddball,eegnet,2,0.5250587984919548
L3425,0,0.6438957536220551,0.6632717847824097,25,oddball,eegnet,2,0.5250587984919548
L3433,0,0.5360706291700664,0.5499213933944702,19,oddball,eegnet,2,0.5250587984919548
L3434,1,0.5220167398452759,0.5205933451652527,25,oddball,eegnet,2,0.5250587984919548
L3435,0,0.45335663074538823,0.4534144997596741,21,oddball,eegnet,2,0.5250587984919548
L3436,0,0.5470214317674222,0.55550217628479,23,oddball,eegnet,2,0.5250587984919548
L3447,1,0.4766409906248252,0.4851495027542114,24,oddball,eegnet,2,0.5250587984919548
L3450,0,0.48822605941030717,0.5045819729566574,18,oddball,eegnet,2,0.5250587984919548
L3453,1,0.5466108471155167,0.5618977844715118,24,oddball,eegnet,2,0.5250587984919548
L346,1,0.5531007051467896,0.5715866088867188,20,oddball,eegnet,2,0.5250587984919548
L3487,1,0.6079052644116538,0.6087659001350403,21,oddball,eegnet,2,0.5250587984919548
L3496,0,0.6187314419519334,0.6127435564994812,21,oddball,eegnet,2,0.5250587984919548
L350,0,0.46237923069433734,0.4776306599378586,22,oddball,eegnet,2,0.5250587984919548
L3512,0,0.4920023250579834,0.49581998586654663,25,oddball,eegnet,2,0.5250587984919548
L353,1,0.5215850234031677,0.5237665772438049,25,oddball,eegnet,2,0.5250587984919548
L3536,1,0.5472334134578705,0.538843035697937,25,oddball,eegnet,2,0.5250587984919548
L3539,0,0.5773019877572855,0.5777724981307983,24,oddball,eegnet,2,0.5250587984919548
L3551,0,0.5851676440238953,0.6077331900596619,25,oddball,eegnet,2,0.5250587984919548
L3557,0,0.546977367401123,0.546917200088501,25,oddball,eegnet,2,0.5250587984919548
L3564,1,0.702501654624939,0.6981204152107239,25,oddball,eegnet,2,0.5250587984919548
L3569,1,0.4980605435371399,0.49066218733787537,25,oddball,eegnet,2,0.5250587984919548
L3581,1,0.5549270975589752,0.5508895516395569,25,oddball,eegnet,2,0.5250587984919548
L3583,0,0.6576380289119222,0.6873451471328735,23,oddball,eegnet,2,0.5250587984919548
L3587,0,0.5760133266448975,0.5705878734588623,21,oddball,eegnet,2,0.5250587984919548
L3594,1,0.6040313392877579,0.6229372024536133,24,oddball,eegnet,2,0.5250587984919548
L3602,0,0.7147607033451399,0.7293663322925568,24,oddball,eegnet,2,0.5250587984919548
L3605,0,0.5961539971828461,0.5957555770874023,25,oddball,eegnet,2,0.5250587984919548
L3607,1,0.5915241522921456,0.6014274954795837,18,oddball,eegnet,2,0.5250587984919548
L3616,0,0.6098367178440094,0.6102458834648132,25,oddball,eegnet,2,0.5250587984919548
L3624,0,0.5548087940329597,0.5406927466392517,21,oddball,eegnet,2,0.5250587984919548
L3627,0,0.5999483593872615,0.6039847135543823,21,oddball,eegnet,2,0.5250587984919548
L3628,0,0.5678287707269192,0.5443779528141022,24,oddball,eegnet,2,0.5250587984919548
L3629,1,0.5161117923756441,0.527533084154129,24,oddball,eegnet,2,0.5250587984919548
L3639,0,0.5334380256632963,0.5291716754436493,24,oddball,eegnet,2,0.5250587984919548
L3641,0,0.5448831066489219,0.5386290848255157,20,oddball,eegnet,2,0.5250587984919548
L3642,0,0.7557817589152943,0.7602241337299347,22,oddball,eegnet,2,0.5250587984919548
L3692,0,0.742894404812863,0.7406105399131775,19,oddball,eegnet,2,0.5250587984919548
L3699,1,0.49930036306381226,0.509009063243866,25,oddball,eegnet,2,0.5250587984919548
L3703,1,0.4791486696763472,0.474626749753952,22,oddball,eegnet,2,0.5250587984919548
L3714,1,0.5127498507499695,0.5240231156349182,23,oddball,eegnet,2,0.5250587984919548
L3722,0,0.48567142461736995,0.4760197848081589,24,oddball,eegnet,2,0.5250587984919548
L3724,0,0.5419800567130247,0.5564753711223602,24,oddball,eegnet,2,0.5250587984919548
L3728,0,0.7115642843039139,0.7137885093688965,23,oddball,eegnet,2,0.5250587984919548
L3737,0,0.5531313276290893,0.5546589493751526,25,oddball,eegnet,2,0.5250587984919548
L3755,1,0.5574936294555664,0.5592700242996216,25,oddball,eegnet,2,0.5250587984919548
L38,0,0.5849561023712159,0.5999597311019897,25,oddball,eegnet,2,0.5250587984919548
L3934,0,0.556295937548081,0.5855888724327087,24,oddball,eegnet,2,0.5250587984919548
L3943,0,0.49098323822021483,0.4976935088634491,25,oddball,eegnet,2,0.5250587984919548
L3947,0,0.4618219003081322,0.44372110068798065,20,oddball,eegnet,2,0.5250587984919548
L3955,0,0.4216580754518509,0.43321624398231506,25,oddball,eegnet,2,0.5250587984919548
L3957,1,0.497331849838558,0.5116811394691467,19,oddball,eegnet,2,0.5250587984919548
L3963,1,0.5378486178815365,0.5302252769470215,24,oddball,eegnet,2,0.5250587984919548
L3973,1,0.5662945446868738,0.5696277916431427,24,oddball,eegnet,2,0.5250587984919548
L3977,1,0.49256269574165346,0.4978947937488556,25,oddball,eegnet,2,0.5250587984919548
L3982,1,0.5396924234098859,0.5482911169528961,18,oddball,eegnet,2,0.5250587984919548
L3984,0,0.53441854596138,0.5357096195220947,25,oddball,eegnet,2,0.5250587984919548
L3986,1,0.5462320498798204,0.5611913204193115,23,oddball,eegnet,2,0.5250587984919548
L4025,1,0.4696198388934135,0.45261356234550476,20,oddball,eegnet,2,0.5250587984919548
L4031,0,0.6037006310441277,0.5900441110134125,22,oddball,eegnet,2,0.5250587984919548
L4033,0,0.5318524821808464,0.5262131094932556,19,oddball,eegnet,2,0.5250587984919548
L4035,0,0.6340970365624679,0.6305487155914307,19,oddball,eegnet,2,0.5250587984919548
L4067,1,0.5747314743373705,0.5729199051856995,23,oddball,eegnet,2,0.5250587984919548
L4070,0,0.4795348370075226,0.48383650183677673,25,oddball,eegnet,2,0.5250587984919548
L4071,0,0.5105183579419789,0.49455487728118896,19,oddball,eegnet,2,0.5250587984919548
L4076,0,0.5144372610818773,0.5304844379425049,21,oddball,eegnet,2,0.5250587984919548
L4086,1,0.4963037818670273,0.49125954508781433,24,oddball,eegnet,2,0.5250587984919548
L4101,0,0.6218212020397186,0.6418233513832092,25,oddball,eegnet,2,0.5250587984919548
L4105,0,0.6052345418267779,0.599562406539917,18,oddball,eegnet,2,0.5250587984919548
L4111,1,0.5259173047542572,0.5323055982589722,25,oddball,eegnet,2,0.5250587984919548
L4119,1,0.5948437564074993,0.5848547518253326,24,oddball,eegnet,2,0.5250587984919548
L4121,0,0.6389313141504923,0.6443772912025452,21,oddball,eegnet,2,0.5250587984919548
L415,1,0.6035252330095872,0.6016812920570374,23,oddball,eegnet,2,0.5250587984919548
L4195,1,0.44954978942871093,0.4452539384365082,25,oddball,eegnet,2,0.5250587984919548
L4197,1,0.5501058495044708,0.5439139604568481,25,oddball,eegnet,2,0.5250587984919548
L4202,0,0.5472940277485621,0.5445530414581299,21,oddball,eegnet,2,0.5250587984919548
L4209,1,0.6435092186927795,0.6107103824615479,25,oddball,eegnet,2,0.5250587984919548
L4215,1,0.49689888119697573,0.49658089876174927,25,oddball,eegnet,2,0.5250587984919548
L4223,0,0.40641324818134306,0.3842146545648575,20,oddball,eegnet,2,0.5250587984919548
L4225,1,0.4888835668563843,0.48440611362457275,20,oddball,eegnet,2,0.5250587984919548
L4226,1,0.5005619580095465,0.5068735778331757,22,oddball,eegnet,2,0.5250587984919548
L423,0,0.6003861601154009,0.6100966930389404,24,oddball,eegnet,2,0.5250587984919548
L4232,0,0.499376988929251,0.5170964598655701,23,oddball,eegnet,2,0.5250587984919548
L4244,0,0.5506012468110948,0.5700798630714417,21,oddball,eegnet,2,0.5250587984919548
L4251,0,0.605022095143795,0.6018421947956085,24,oddball,eegnet,2,0.5250587984919548
L4253,0,0.5932980641722679,0.6018629968166351,20,oddball,eegnet,2,0.5250587984919548
L4257,1,0.4840881892225959,0.49278028309345245,22,oddball,eegnet,2,0.5250587984919548
L4259,1,0.44009622062246007,0.45081861317157745,24,oddball,eegnet,2,0.5250587984919548
L4279,0,0.4807705150710212,0.49533629417419434,18,oddball,eegnet,2,0.5250587984919548
L4280,1,0.6301779103279114,0.6346480846405029,25,oddball,eegnet,2,0.5250587984919548
L4285,1,0.5603880608081817,0.5652406215667725,25,oddball,eegnet,2,0.5250587984919548
L4290,0,0.46694153263455346,0.4627968668937683,21,oddball,eegnet,2,0.5250587984919548
L4297,1,0.6809553408622742,0.6962916851043701,25,oddball,eegnet,2,0.5250587984919548
L43,0,0.4755363917350769,0.46265557408332825,25,oddball,eegnet,2,0.5250587984919548
L4300,0,0.4731486336044643,0.47231510281562805,23,oddball,eegnet,2,0.5250587984919548
L4304,1,0.523538368443648,0.5161817371845245,24,oddball,eegnet,2,0.5250587984919548
L4307,0,0.5684834492206573,0.5765811800956726,25,oddball,eegnet,2,0.5250587984919548
L4308,1,0.5249432822068533,0.5186237096786499,21,oddball,eegnet,2,0.5250587984919548
L4309,1,0.5161369157874066,0.5234851837158203,23,oddball,eegnet,2,0.5250587984919548
L4310,1,0.5335129079493609,0.5214747190475464,22,oddball,eegnet,2,0.5250587984919548
L4315,0,0.39578638300299646,0.3971254229545593,20,oddball,eegnet,2,0.5250587984919548
L4319,0,0.6143879199028015,0.6107555627822876,25,oddball,eegnet,2,0.5250587984919548
L4328,1,0.6251257643103599,0.6356918513774872,20,oddball,eegnet,2,0.5250587984919548
L4337,0,0.5527576593791738,0.5341408252716064,17,oddball,eegnet,2,0.5250587984919548
L4338,0,0.5659316728512446,0.5502679646015167,24,oddball,eegnet,2,0.5250587984919548
L4344,1,0.3709839913580153,0.30829548835754395,18,oddball,eegnet,2,0.5250587984919548
L4346,1,0.4936085157096386,0.5058632791042328,24,oddball,eegnet,2,0.5250587984919548
L4360,1,0.5414901487529278,0.5202970802783966,24,oddball,eegnet,2,0.5250587984919548
L4366,0,0.4852827787399292,0.5046785473823547,13,oddball,eegnet,2,0.5250587984919548
L4369,1,0.5141713038871163,0.48861369490623474,19,oddball,eegnet,2,0.5250587984919548
L4378,1,0.580605386333032,0.5881403684616089,22,oddball,eegnet,2,0.5250587984919548
L4382,1,0.6453593485057354,0.6481821537017822,16,oddball,eegnet,2,0.5250587984919548
L4383,0,0.5787436366081238,0.5773569047451019,24,oddball,eegnet,2,0.5250587984919548
L4384,0,0.5776978087425232,0.5797243118286133,25,oddball,eegnet,2,0.5250587984919548
L4394,0,0.543531289100647,0.5378471612930298,25,oddball,eegnet,2,0.5250587984919548
L44,0,0.5540340840816498,0.5689181387424469,16,oddball,eegnet,2,0.5250587984919548
L4400,0,0.5009085321426392,0.5015237331390381,25,oddball,eegnet,2,0.5250587984919548
L4405,1,0.5051863102809243,0.5050845742225647,23,oddball,eegnet,2,0.5250587984919548
L4408,0,0.6996669740903945,0.6913041472434998,21,oddball,eegnet,2,0.5250587984919548
L4412,1,0.5297076624372731,0.5406489372253418,23,oddball,eegnet,2,0.5250587984919548
L4417,1,0.49371240626681934,0.4748508632183075,22,oddball,eegnet,2,0.5250587984919548
L4419,0,0.5313223020897971,0.5046268999576569,18,oddball,eegnet,2,0.5250587984919548
L4421,1,0.5892207557740419,0.5759956240653992,23,oddball,eegnet,2,0.5250587984919548
L4435,0,0.5380012447183783,0.5333516597747803,22,oddball,eegnet,2,0.5250587984919548
L4438,0,0.46855179900708405,0.46486836671829224,23,oddball,eegnet,2,0.5250587984919548
L4443,1,0.48328516508142155,0.4765211492776871,24,oddball,eegnet,2,0.5250587984919548
L4445,0,0.6045689618587494,0.6048824787139893,25,oddball,eegnet,2,0.5250587984919548
L4459,0,0.6534558033401315,0.6921096444129944,22,oddball,eegnet,2,0.5250587984919548
L4462,1,0.641368374876354,0.6573445796966553,23,oddball,eegnet,2,0.5250587984919548
L4469,0,0.557738921046257,0.5842476189136505,20,oddball,eegnet,2,0.5250587984919548
L4470,0,0.6462897695600986,0.6555135250091553,24,oddball,eegnet,2,0.5250587984919548
L4472,0,0.5447974515457948,0.507758229970932,24,oddball,eegnet,2,0.5250587984919548
L4480,0,0.5252150175246325,0.5303502082824707,22,oddball,eegnet,2,0.5250587984919548
L4485,0,0.48260455012321474,0.4786668121814728,25,oddball,eegnet,2,0.5250587984919548
L4489,0,0.5150729608535767,0.5172325968742371,25,oddball,eegnet,2,0.5250587984919548
L4498,0,0.5170504558086395,0.5113265514373779,25,oddball,eegnet,2,0.5250587984919548
L45,1,0.5504283991952738,0.5564093291759491,24,oddball,eegnet,2,0.5250587984919548
L4500,0,0.5136023700237274,0.5243154764175415,25,oddball,eegnet,2,0.5250587984919548
L4504,1,0.6613022503645524,0.6573866009712219,23,oddball,eegnet,2,0.5250587984919548
L4506,1,0.5810051572322845,0.5797158479690552,25,oddball,eegnet,2,0.5250587984919548
L4507,0,0.6010778002879199,0.6021662950515747,17,oddball,eegnet,2,0.5250587984919548
L4515,1,0.5702509605884551,0.5590217709541321,25,oddball,eegnet,2,0.5250587984919548
L4520,0,0.5761883173670087,0.5637809634208679,21,oddball,eegnet,2,0.5250587984919548
L4525,0,0.5838750836749872,0.5850929617881775,24,oddball,eegnet,2,0.5250587984919548
L4526,1,0.46301567912101743,0.4498063623905182,25,oddball,eegnet,2,0.5250587984919548
L4528,1,0.46454024043950165,0.5030134320259094,22,oddball,eegnet,2,0.5250587984919548
L4529,0,0.4714795798063278,0.4606841057538986,24,oddball,eegnet,2,0.5250587984919548
L4537,0,0.42979038389105545,0.43530622124671936,19,oddball,eegnet,2,0.5250587984919548
L4538,1,0.6933967852592469,0.7071135640144348,25,oddball,eegnet,2,0.5250587984919548
L4547,1,0.6478141198555628,0.6677995026111603,24,oddball,eegnet,2,0.5250587984919548
L4562,1,0.7063639259338379,0.694250226020813,25,oddball,eegnet,2,0.5250587984919548
L4579,1,0.6146726841511934,0.6227198243141174,23,oddball,eegnet,2,0.5250587984919548
L46,1,0.5124080777168274,0.4926978051662445,25,oddball,eegnet,2,0.5250587984919548
L461,0,0.5813349510232607,0.5749076902866364,24,oddball,eegnet,2,0.5250587984919548
L462,0,0.47431451206405956,0.47352753579616547,24,oddball,eegnet,2,0.5250587984919548
L464,1,0.4902215152978897,0.49757589399814606,24,oddball,eegnet,2,0.5250587984919548
L479,0,0.4893122673034668,0.4796272814273834,25,oddball,eegnet,2,0.5250587984919548
L49,0,0.4164383281832156,0.3874792456626892,23,oddball,eegnet,2,0.5250587984919548
L493,1,0.5423930995166302,0.5299434661865234,24,oddball,eegnet,2,0.5250587984919548
L499,1,0.47314813023521785,0.4484720230102539,21,oddball,eegnet,2,0.5250587984919548
L501,0,0.5068038295615803,0.4964372515678406,22,oddball,eegnet,2,0.5250587984919548
L502,0,0.5538312631348768,0.545499861240387,24,oddball,eegnet,2,0.5250587984919548
L508,0,0.4760085737705231,0.47476229071617126,25,oddball,eegnet,2,0.5250587984919548
L516,0,0.5525425684948763,0.5601397156715393,24,oddball,eegnet,2,0.5250587984919548
L529,1,0.5687502932548523,0.5661227107048035,25,oddball,eegnet,2,0.5250587984919548
L532,0,0.6460682582855225,0.6418668031692505,25,oddball,eegnet,2,0.5250587984919548
L541,0,0.45098465410145844,0.4620834141969681,22,oddball,eegnet,2,0.5250587984919548
L542,0,0.5169212865829468,0.5080397129058838,25,oddball,eegnet,2,0.5250587984919548
L546,0,0.5497943331366,0.5414042472839355,23,oddball,eegnet,2,0.5250587984919548
L554,0,0.5473923810890743,0.5375004410743713,21,oddball,eegnet,2,0.5250587984919548
L566,0,0.47556452807926,0.48097124695777893,21,oddball,eegnet,2,0.5250587984919548
L571,1,0.5205558266328729,0.543729305267334,23,oddball,eegnet,2,0.5250587984919548
L582,0,0.5326280730466048,0.52040034532547,24,oddball,eegnet,2,0.5250587984919548
L598,0,0.4509265661239624,0.44212448596954346,25,oddball,eegnet,2,0.5250587984919548
L6,1,0.5997513818244139,0.6233324408531189,24,oddball,eegnet,2,0.5250587984919548
L601,0,0.48595799440922943,0.47734129428863525,23,oddball,eegnet,2,0.5250587984919548
L607,0,0.44268774338390515,0.44143882393836975,23,oddball,eegnet,2,0.5250587984919548
L618,0,0.5422076284885406,0.5430883765220642,20,oddball,eegnet,2,0.5250587984919548
L621,0,0.5813734964890913,0.583296000957489,22,oddball,eegnet,2,0.5250587984919548
L623,1,0.4948142874240875,0.49599578976631165,25,oddball,eegnet,2,0.5250587984919548
L625,0,0.5671756863594055,0.5714892148971558,23,oddball,eegnet,2,0.5250587984919548
L65,1,0.5817215728759766,0.5914756655693054,25,oddball,eegnet,2,0.5250587984919548
L674,0,0.5697343063354492,0.5680165886878967,25,oddball,eegnet,2,0.5250587984919548
L676,1,0.5955158757126849,0.5883248448371887,23,oddball,eegnet,2,0.5250587984919548
L688,0,0.5464637937645117,0.5651586651802063,24,oddball,eegnet,2,0.5250587984919548
L689,0,0.6011339151859283,0.5915253758430481,25,oddball,eegnet,2,0.5250587984919548
L69,1,0.3881770741939545,0.37405577301979065,25,oddball,eegnet,2,0.5250587984919548
L70,1,0.5310912263393402,0.5273306369781494,25,oddball,eegnet,2,0.5250587984919548
L700,0,0.38143777191638945,0.3846355080604553,25,oddball,eegnet,2,0.5250587984919548
L707,0,0.5639605574748096,0.5757837891578674,17,oddball,eegnet,2,0.5250587984919548
L710,1,0.5696708572947461,0.5797029733657837,23,oddball,eegnet,2,0.5250587984919548
L713,1,0.6528244602680207,0.6693937182426453,25,oddball,eegnet,2,0.5250587984919548
L721,0,0.6069184988737106,0.5893031656742096,24,oddball,eegnet,2,0.5250587984919548
L722,1,0.49286315714319545,0.4794352501630783,24,oddball,eegnet,2,0.5250587984919548
L723,0,0.5294653284549713,0.5348450541496277,25,oddball,eegnet,2,0.5250587984919548
L734,1,0.5774197053909301,0.5824048519134521,25,oddball,eegnet,2,0.5250587984919548
L744,0,0.5882232700075422,0.607857882976532,21,oddball,eegnet,2,0.5250587984919548
L75,1,0.518914603135165,0.5142570734024048,17,oddball,eegnet,2,0.5250587984919548
L750,1,0.5333183628061543,0.5357064008712769,23,oddball,eegnet,2,0.5250587984919548
L755,0,0.6399397253990173,0.6379502713680267,24,oddball,eegnet,2,0.5250587984919548
L76,0,0.5804587292174498,0.5699668526649475,24,oddball,eegnet,2,0.5250587984919548
L761,0,0.5873896694183349,0.5826931595802307,25,oddball,eegnet,2,0.5250587984919548
L773,0,0.645853274812301,0.658950924873352,24,oddball,eegnet,2,0.5250587984919548
L775,0,0.5007382106781005,0.5174121260643005,25,oddball,eegnet,2,0.5250587984919548
L784,1,0.6424594608445963,0.6593529284000397,24,oddball,eegnet,2,0.5250587984919548
L789,0,0.5087040766425754,0.49673303961753845,23,oddball,eegnet,2,0.5250587984919548
L794,0,0.7369898986816407,0.7382161021232605,25,oddball,eegnet,2,0.5250587984919548
L795,0,0.4262974017858505,0.44580838084220886,25,oddball,eegnet,2,0.5250587984919548
L80,0,0.5600743334401738,0.585880845785141,22,oddball,eegnet,2,0.5250587984919548
L801,0,0.6446070562709462,0.6490210592746735,22,oddball,eegnet,2,0.5250587984919548
L807,1,0.5416770613193512,0.5399686694145203,25,oddball,eegnet,2,0.5250587984919548
L810,0,0.4105010223388672,0.3785768151283264,25,oddball,eegnet,2,0.5250587984919548
L824,1,0.5482238544659181,0.5480853915214539,22,oddball,eegnet,2,0.5250587984919548
L827,0,0.665658844553906,0.6808640360832214,23,oddball,eegnet,2,0.5250587984919548
L828,0,0.47489751875400543,0.48452016711235046,20,oddball,eegnet,2,0.5250587984919548
L832,0,0.5601124857601366,0.5568434596061707,19,oddball,eegnet,2,0.5250587984919548
L834,0,0.4949544643362363,0.48299451172351837,24,oddball,eegnet,2,0.5250587984919548
L845,0,0.5240555366744166,0.5287014842033386,23,oddball,eegnet,2,0.5250587984919548
L851,0,0.4018990979953246,0.39958758652210236,22,oddball,eegnet,2,0.5250587984919548
L854,0,0.5061804008483887,0.5040494203567505,25,oddball,eegnet,2,0.5250587984919548
L857,1,0.5867885768413543,0.5716692805290222,25,oddball,eegnet,2,0.5250587984919548
L869,0,0.46155231694380444,0.48607154190540314,24,oddball,eegnet,2,0.5250587984919548
L871,1,0.679427227973938,0.6802066564559937,25,oddball,eegnet,2,0.5250587984919548
L88,0,0.5209927509228388,0.5133007168769836,24,oddball,eegnet,2,0.5250587984919548
L89,0,0.6328993588685989,0.6418394446372986,24,oddball,eegnet,2,0.5250587984919548
L91,0,0.48963851991452667,0.46677902340888977,19,oddball,eegnet,2,0.5250587984919548
L103,1,0.412980031222105,0.4212805777788162,24,oddball,eegnet,3,0.4859757410443347
L105,0,0.4429468512535095,0.4413486421108246,25,oddball,eegnet,3,0.4859757410443347
L109,1,0.5266349577903747,0.537455141544342,25,oddball,eegnet,3,0.4859757410443347
L11,1,0.5407258595029513,0.5457599759101868,24,oddball,eegnet,3,0.4859757410443347
L111,1,0.4925518271823724,0.5031277537345886,24,oddball,eegnet,3,0.4859757410443347
L112,0,0.49499138712882995,0.4985363483428955,25,oddball,eegnet,3,0.4859757410443347
L116,0,0.5364405810832977,0.5220951735973358,20,oddball,eegnet,3,0.4859757410443347
L128,0,0.5598551034927368,0.5864486694335938,5,oddball,eegnet,3,0.4859757410443347
L1351,0,0.40128860001762706,0.3954797387123108,24,oddball,eegnet,3,0.4859757410443347
L1360,1,0.5023701873918375,0.5166904330253601,24,oddball,eegnet,3,0.4859757410443347
L1362,1,0.5047944676876068,0.49817952513694763,25,oddball,eegnet,3,0.4859757410443347
L1363,0,0.45419458389282225,0.4475293457508087,25,oddball,eegnet,3,0.4859757410443347
L137,0,0.5303816533088684,0.5353005528450012,25,oddball,eegnet,3,0.4859757410443347
L1388,0,0.48075180468351947,0.4878489673137665,23,oddball,eegnet,3,0.4859757410443347
L140,0,0.46089978218078614,0.45209595561027527,25,oddball,eegnet,3,0.4859757410443347
L1445,0,0.389054234623909,0.38886314630508423,25,oddball,eegnet,3,0.4859757410443347
L1452,1,0.4649826653979041,0.4637252390384674,22,oddball,eegnet,3,0.4859757410443347
L1453,1,0.4872162969488847,0.49964162707328796,19,oddball,eegnet,3,0.4859757410443347
L1458,0,0.4692661878855332,0.4877125024795532,23,oddball,eegnet,3,0.4859757410443347
L146,0,0.528573519239823,0.5292041599750519,24,oddball,eegnet,3,0.4859757410443347
L1464,1,0.26048448622226716,0.24873553216457367,25,oddball,eegnet,3,0.4859757410443347
L1465,0,0.38374444221456844,0.392399400472641,24,oddball,eegnet,3,0.4859757410443347
L1474,0,0.5879098837790282,0.5841114521026611,23,oddball,eegnet,3,0.4859757410443347
L1479,1,0.4163107628172094,0.40206722915172577,22,oddball,eegnet,3,0.4859757410443347
L1484,1,0.5106922047478812,0.5033936500549316,21,oddball,eegnet,3,0.4859757410443347
L1485,0,0.5519653144090072,0.5571510791778564,23,oddball,eegnet,3,0.4859757410443347
L1486,1,0.5580938247342905,0.5632520914077759,24,oddball,eegnet,3,0.4859757410443347
L149,0,0.5068674087524414,0.4970232844352722,21,oddball,eegnet,3,0.4859757410443347
L1498,0,0.4234161339700222,0.42106887698173523,24,oddball,eegnet,3,0.4859757410443347
L1499,1,0.47221985335151356,0.4961047023534775,24,oddball,eegnet,3,0.4859757410443347
L1500,1,0.47917377806845163,0.46928393840789795,21,oddball,eegnet,3,0.4859757410443347
L1504,1,0.47881502509117124,0.48735886812210083,25,oddball,eegnet,3,0.4859757410443347
L1505,1,0.5005729258060455,0.48944398760795593,25,oddball,eegnet,3,0.4859757410443347
L1524,0,0.4500200402736664,0.4404989778995514,25,oddball,eegnet,3,0.4859757410443347
L1527,0,0.4058963520371396,0.3799264132976532,23,oddball,eegnet,3,0.4859757410443347
L1540,0,0.370386214632737,0.3685068190097809,19,oddball,eegnet,3,0.4859757410443347
L1541,0,0.47687748789787293,0.4823576807975769,25,oddball,eegnet,3,0.4859757410443347
L1544,0,0.4859203457832336,0.4972984194755554,25,oddball,eegnet,3,0.4859757410443347
L1551,0,0.47996414204438526,0.49049361050128937,24,oddball,eegnet,3,0.4859757410443347
L1554,0,0.5035028505325317,0.5080751180648804,25,oddball,eegnet,3,0.4859757410443347
L1567,1,0.5617097119490305,0.5722531080245972,24,oddball,eegnet,3,0.4859757410443347
L157,1,0.5540650318498197,0.5918393731117249,23,oddball,eegnet,3,0.4859757410443347
L1581,0,0.4941836084638323,0.5035704970359802,21,oddball,eegnet,3,0.4859757410443347
L1586,0,0.4766540622711182,0.4791337847709656,25,oddball,eegnet,3,0.4859757410443347
L1591,0,0.533271701335907,0.5445884466171265,25,oddball,eegnet,3,0.4859757410443347
L1598,1,0.49610172748565673,0.5107558369636536,25,oddball,eegnet,3,0.4859757410443347
L1606,1,0.5746085584163666,0.6001031398773193,25,oddball,eegnet,3,0.4859757410443347
L1615,1,0.47602659463882446,0.4559170752763748,24,oddball,eegnet,3,0.4859757410443347
L1621,0,0.5339764416217804,0.5321055054664612,25,oddball,eegnet,3,0.4859757410443347
L1641,1,0.5110477908797886,0.5146843791007996,23,oddball,eegnet,3,0.4859757410443347
L1642,1,0.41767477119962376,0.4097605049610138,24,oddball,eegnet,3,0.4859757410443347
L1649,0,0.41726313395933673,0.42573967576026917,22,oddball,eegnet,3,0.4859757410443347
L1657,1,0.48617284297943114,0.4857645630836487,25,oddball,eegnet,3,0.4859757410443347
L1662,1,0.46572130049268406,0.47009433805942535,24,oddball,eegnet,3,0.4859757410443347
L1668,1,0.4818345767756303,0.496412992477417,24,oddball,eegnet,3,0.4859757410443347
L1673,0,0.5386082458496094,0.5394459962844849,25,oddball,eegnet,3,0.4859757410443347
L1676,0,0.49970141768455506,0.490560382604599,25,oddball,eegnet,3,0.4859757410443347
L168,0,0.47749920189380646,0.4741019159555435,14,oddball,eegnet,3,0.4859757410443347
L1681,0,0.351658878326416,0.34393948316574097,25,oddball,eegnet,3,0.4859757410443347
L1695,1,0.47775639057159425,0.4652399718761444,25,oddball,eegnet,3,0.4859757410443347
L1701,0,0.4628332088822904,0.46245142817497253,23,oddball,eegnet,3,0.4859757410443347
L1704,1,0.5186562861005465,0.5345577001571655,24,oddball,eegnet,3,0.4859757410443347
L1707,0,0.51412533223629,0.5144136846065521,24,oddball,eegnet,3,0.4859757410443347
L171,1,0.5155286585742777,0.5042644143104553,22,oddball,eegnet,3,0.4859757410443347
L1725,1,0.35139032661914826,0.34130629897117615,25,oddball,eegnet,3,0.4859757410443347
L1726,1,0.483596358448267,0.4795043170452118,24,oddball,eegnet,3,0.4859757410443347
L1732,1,0.5250697207450866,0.5222844481468201,25,oddball,eegnet,3,0.4859757410443347
L174,0,0.3371412479877472,0.3307897448539734,25,oddball,eegnet,3,0.4859757410443347
L1742,0,0.4557536697387695,0.4454924166202545,25,oddball,eegnet,3,0.4859757410443347
L1744,1,0.4697766101360321,0.476259708404541,25,oddball,eegnet,3,0.4859757410443347
L1745,1,0.45535178234179813,0.4601612687110901,24,oddball,eegnet,3,0.4859757410443347
L1750,1,0.5145827854673067,0.5216616988182068,24,oddball,eegnet,3,0.4859757410443347
L1753,0,0.5480299790700277,0.5409870743751526,24,oddball,eegnet,3,0.4859757410443347
L1767,0,0.33097942626994586,0.3176751434803009,23,oddball,eegnet,3,0.4859757410443347
L1782,0,0.45622326374053956,0.4724104702472687,25,oddball,eegnet,3,0.4859757410443347
L180,0,0.531406948963801,0.5407480597496033,3,oddball,eegnet,3,0.4859757410443347
L1805,0,0.2831902521848679,0.2863902747631073,25,oddball,eegnet,3,0.4859757410443347
L1811,1,0.45695648893066076,0.4585152566432953,23,oddball,eegnet,3,0.4859757410443347
L1812,0,0.33205000579357147,0.33310288190841675,25,oddball,eegnet,3,0.4859757410443347
L1814,0,0.4660935938358307,0.47713762521743774,25,oddball,eegnet,3,0.4859757410443347
L1816,1,0.5320033119483427,0.5438055098056793,22,oddball,eegnet,3,0.4859757410443347
L182,0,0.6350415867307911,0.6396517753601074,23,oddball,eegnet,3,0.4859757410443347
L1822,0,0.5159241247177124,0.5081748366355896,25,oddball,eegnet,3,0.4859757410443347
L1829,0,0.4682108089327812,0.4915587306022644,20,oddball,eegnet,3,0.4859757410443347
L1830,0,0.5678428615394392,0.552129328250885,19,oddball,eegnet,3,0.4859757410443347
L1833,0,0.5583104109764099,0.5595443248748779,25,oddball,eegnet,3,0.4859757410443347
L1836,0,0.5616879398408143,0.5600194931030273,23,oddball,eegnet,3,0.4859757410443347
L1837,0,0.8775264647873965,0.8814716935157776,22,oddball,eegnet,3,0.4859757410443347
L1838,0,0.47136056423187256,0.4774991273880005,22,oddball,eegnet,3,0.4859757410443347
L1874,0,0.604955461025238,0.6222409605979919,25,oddball,eegnet,3,0.4859757410443347
L1876,0,0.4977520555257797,0.49806834757328033,22,oddball,eegnet,3,0.4859757410443347
L1879,0,0.47469835231701535,0.46016597747802734,24,oddball,eegnet,3,0.4859757410443347
L1880,0,0.526957676410675,0.5313317179679871,25,oddball,eegnet,3,0.4859757410443347
L1881,0,0.5192151021957397,0.5216058492660522,25,oddball,eegnet,3,0.4859757410443347
L189,0,0.47861994951963427,0.4740629345178604,20,oddball,eegnet,3,0.4859757410443347
L1892,0,0.520269937813282,0.5542900860309601,20,oddball,eegnet,3,0.4859757410443347
L1903,1,0.55187229099481,0.5718833804130554,23,oddball,eegnet,3,0.4859757410443347
L1907,0,0.4851406638820966,0.4910048246383667,24,oddball,eegnet,3,0.4859757410443347
L1909,1,0.4592036207516988,0.44500482082366943,15,oddball,eegnet,3,0.4859757410443347
L191,0,0.515499177078406,0.5012276023626328,24,oddball,eegnet,3,0.4859757410443347
L203,1,0.6006273517483159,0.6103609204292297,19,oddball,eegnet,3,0.4859757410443347
L21,1,0.5085349834483602,0.5237391591072083,23,oddball,eegnet,3,0.4859757410443347
L212,0,0.5696749961376191,0.5728234648704529,25,oddball,eegnet,3,0.4859757410443347
L22,1,0.5864380490779877,0.5625754594802856,25,oddball,eegnet,3,0.4859757410443347
L222,0,0.5295891873538494,0.5198032557964325,24,oddball,eegnet,3,0.4859757410443347
L246,0,0.5300824701786041,0.5296515822410583,25,oddball,eegnet,3,0.4859757410443347
L247,0,0.4269744676092397,0.4216535985469818,23,oddball,eegnet,3,0.4859757410443347
L253,0,0.43482971320981567,0.4606834053993225,23,oddball,eegnet,3,0.4859757410443347
L2531,1,0.4798990176482634,0.4720887094736099,22,oddball,eegnet,3,0.4859757410443347
L2538,0,0.4854577672481537,0.5076470375061035,25,oddball,eegnet,3,0.4859757410443347
L2540,1,0.5244101323187351,0.5253705680370331,24,oddball,eegnet,3,0.4859757410443347
L2543,0,0.5529074954489867,0.5471497774124146,24,oddball,eegnet,3,0.4859757410443347
L2550,1,0.5326953303246271,0.5268186926841736,21,oddball,eegnet,3,0.4859757410443347
L2561,0,0.5137032294273376,0.530205249786377,25,oddball,eegnet,3,0.4859757410443347
L2562,0,0.3427777600288391,0.3469248414039612,25,oddball,eegnet,3,0.4859757410443347
L2575,0,0.4579609769086043,0.4449005424976349,24,oddball,eegnet,3,0.4859757410443347
L2577,0,0.5384359508752823,0.5269825160503387,18,oddball,eegnet,3,0.4859757410443347
L2582,0,0.5317379186550776,0.5391634106636047,24,oddball,eegnet,3,0.4859757410443347
L259,1,0.495217148065567,0.5050200819969177,25,oddball,eegnet,3,0.4859757410443347
L2595,0,0.49578387970509735,0.484764039516449,23,oddball,eegnet,3,0.4859757410443347
L2607,0,0.4959954118728638,0.49443379044532776,25,oddball,eegnet,3,0.4859757410443347
L2610,0,0.5431842841207981,0.5306428372859955,24,oddball,eegnet,3,0.4859757410443347
L2618,0,0.41506603608528775,0.4242229610681534,24,oddball,eegnet,3,0.4859757410443347
L2624,1,0.48485130330790643,0.47258955240249634,23,oddball,eegnet,3,0.4859757410443347
L2651,0,0.49595661054957996,0.49859456717967987,22,oddball,eegnet,3,0.4859757410443347
L2652,0,0.5118851053218046,0.5218518972396851,24,oddball,eegnet,3,0.4859757410443347
L2656,0,0.3412899083417395,0.31340885162353516,23,oddball,eegnet,3,0.4859757410443347
L2658,0,0.39219062983989716,0.37346938252449036,25,oddball,eegnet,3,0.4859757410443347
L2669,0,0.432029181200525,0.4239404797554016,23,oddball,eegnet,3,0.4859757410443347
L2678,1,0.5156687137981256,0.5078900754451752,24,oddball,eegnet,3,0.4859757410443347
L2687,0,0.47961094975471497,0.47819559276103973,18,oddball,eegnet,3,0.4859757410443347
L2688,0,0.47491711179415386,0.42103174328804016,15,oddball,eegnet,3,0.4859757410443347
L2689,0,0.44723064576586086,0.4223898649215698,24,oddball,eegnet,3,0.4859757410443347
L2695,0,0.35213223553222156,0.35337594151496887,23,oddball,eegnet,3,0.4859757410443347
L2705,0,0.5362256441427313,0.5285688042640686,23,oddball,eegnet,3,0.4859757410443347
L2707,0,0.5543432262810793,0.5607730448246002,22,oddball,eegnet,3,0.4859757410443347
L2714,0,0.40823636054992674,0.38961052894592285,20,oddball,eegnet,3,0.4859757410443347
L2720,0,0.5461283922195435,0.5541917085647583,23,oddball,eegnet,3,0.4859757410443347
L2734,0,0.4759685332360475,0.46323758363723755,23,oddball,eegnet,3,0.4859757410443347
L2736,1,0.5509510704062202,0.5559283792972565,22,oddball,eegnet,3,0.4859757410443347
L2743,0,0.4431873083114624,0.43927186727523804,25,oddball,eegnet,3,0.4859757410443347
L2752,1,0.48250404259432916,0.4839285910129547,23,oddball,eegnet,3,0.4859757410443347
L2754,0,0.6314635169506073,0.620345413684845,25,oddball,eegnet,3,0.4859757410443347
L2755,0,0.5554353296756744,0.555224746465683,24,oddball,eegnet,3,0.4859757410443347
L2759,1,0.48912560032761615,0.4926922619342804,23,oddball,eegnet,3,0.4859757410443347
L276,0,0.5229830741882324,0.5017251968383789,25,oddball,eegnet,3,0.4859757410443347
L2760,0,0.5244740558707196,0.5001929402351379,23,oddball,eegnet,3,0.4859757410443347
L2763,0,0.6178525413076082,0.6096735000610352,24,oddball,eegnet,3,0.4859757410443347
L2764,1,0.5271505975723266,0.5407595634460449,25,oddball,eegnet,3,0.4859757410443347
L2768,1,0.47392388789550116,0.47363054752349854,23,oddball,eegnet,3,0.4859757410443347
L2782,0,0.5188838410377502,0.5352586507797241,25,oddball,eegnet,3,0.4859757410443347
L2784,0,0.36735864480336505,0.36081746220588684,24,oddball,eegnet,3,0.4859757410443347
L2785,0,0.44080613255500795,0.45258966088294983,25,oddball,eegnet,3,0.4859757410443347
L2794,1,0.4838372385501862,0.5043972730636597,25,oddball,eegnet,3,0.4859757410443347
L2795,1,0.42633931959668797,0.4103934019804001,24,oddball,eegnet,3,0.4859757410443347
L2796,1,0.38407317362725735,0.38754358887672424,24,oddball,eegnet,3,0.4859757410443347
L2801,0,0.5520227421884951,0.5776421427726746,23,oddball,eegnet,3,0.4859757410443347
L2806,0,0.5503837466239929,0.5559098720550537,25,oddball,eegnet,3,0.4859757410443347
L2810,0,0.5243213093280792,0.5289874076843262,25,oddball,eegnet,3,0.4859757410443347
L2818,0,0.5221139801045259,0.5276504755020142,24,oddball,eegnet,3,0.4859757410443347
L282,0,0.5607110182444255,0.5854217410087585,15,oddball,eegnet,3,0.4859757410443347
L2836,0,0.5418937167395717,0.5491433143615723,23,oddball,eegnet,3,0.4859757410443347
L2839,0,0.3741776690534923,0.38617223501205444,23,oddball,eegnet,3,0.4859757410443347
L2841,0,0.4996249700586001,0.49278372526168823,24,oddball,eegnet,3,0.4859757410443347
L2853,0,0.5507005353768667,0.5552371740341187,24,oddball,eegnet,3,0.4859757410443347
L286,1,0.5447882413864136,0.524074137210846,25,oddball,eegnet,3,0.4859757410443347
L2873,0,0.49871456503868106,0.5058230757713318,25,oddball,eegnet,3,0.4859757410443347
L2876,0,0.48908976078033445,0.49912557005882263,25,oddball,eegnet,3,0.4859757410443347
L2882,0,0.4163354444503784,0.41149407625198364,25,oddball,eegnet,3,0.4859757410443347
L2886,0,0.5415183206399282,0.5198988616466522,24,oddball,eegnet,3,0.4859757410443347
L2898,0,0.5277976505458355,0.5382331907749176,24,oddball,eegnet,3,0.4859757410443347
L29,1,0.380649546161294,0.3931666314601898,24,oddball,eegnet,3,0.4859757410443347
L2903,0,0.56333077698946,0.5563894212245941,24,oddball,eegnet,3,0.4859757410443347
L2916,1,0.6123139786720276,0.6248165965080261,25,oddball,eegnet,3,0.4859757410443347
L2924,1,0.4757726445146229,0.49463990330696106,23,oddball,eegnet,3,0.4859757410443347
L293,0,0.5189730298519134,0.5168711543083191,25,oddball,eegnet,3,0.4859757410443347
L2931,0,0.400054162198847,0.4170161336660385,22,oddball,eegnet,3,0.4859757410443347
L2932,1,0.3323133885860443,0.3323133885860443,1,oddball,eegnet,3,0.4859757410443347
L2933,0,0.5406221250693003,0.5316081643104553,24,oddball,eegnet,3,0.4859757410443347
L2939,1,0.4484571754932404,0.4452940970659256,20,oddball,eegnet,3,0.4859757410443347
L2943,0,0.5560618579387665,0.5579211115837097,25,oddball,eegnet,3,0.4859757410443347
L2953,0,0.539525086681048,0.5502179265022278,24,oddball,eegnet,3,0.4859757410443347
L2966,0,0.5087942704558372,0.5200515687465668,24,oddball,eegnet,3,0.4859757410443347
L2974,0,0.3781929314136505,0.39316047728061676,10,oddball,eegnet,3,0.4859757410443347
L2977,1,0.4003814044206039,0.40727499127388,23,oddball,eegnet,3,0.4859757410443347
L2985,0,0.46933145200212795,0.4987521767616272,24,oddball,eegnet,3,0.4859757410443347
L2987,0,0.4175291967888673,0.420523464679718,24,oddball,eegnet,3,0.4859757410443347
L2997,0,0.27743404793242615,0.25576235353946686,24,oddball,eegnet,3,0.4859757410443347
L3011,0,0.5031822453374448,0.4954274892807007,23,oddball,eegnet,3,0.4859757410443347
L3023,0,0.5097519966463248,0.5050981938838959,24,oddball,eegnet,3,0.4859757410443347
L3024,0,0.46315233285228413,0.4491378217935562,24,oddball,eegnet,3,0.4859757410443347
L3028,0,0.27828629553318024,0.272573858499527,25,oddball,eegnet,3,0.4859757410443347
L305,0,0.6904750728607177,0.6874910593032837,25,oddball,eegnet,3,0.4859757410443347
L3059,1,0.3545395696163178,0.36015650629997253,25,oddball,eegnet,3,0.4859757410443347
L3062,0,0.4970442309975624,0.49054205417633057,20,oddball,eegnet,3,0.4859757410443347
L3063,0,0.5844416295488676,0.5860315263271332,24,oddball,eegnet,3,0.4859757410443347
L3067,0,0.40218151981631917,0.4088168293237686,24,oddball,eegnet,3,0.4859757410443347
L3068,0,0.46004304872906726,0.465359628200531,23,oddball,eegnet,3,0.4859757410443347
L3069,1,0.3711315840482712,0.3404044359922409,6,oddball,eegnet,3,0.4859757410443347
L307,0,0.47838776469230654,0.4685809910297394,25,oddball,eegnet,3,0.4859757410443347
L3077,0,0.3611822631210089,0.37363749742507935,24,oddball,eegnet,3,0.4859757410443347
L3084,0,0.5432777628302574,0.5183580815792084,24,oddball,eegnet,3,0.4859757410443347
L3087,0,0.5146657327810923,0.5152278542518616,24,oddball,eegnet,3,0.4859757410443347
L309,1,0.5857599874337515,0.6079853773117065,21,oddball,eegnet,3,0.4859757410443347
L3101,1,0.34892626851797104,0.35213780403137207,24,oddball,eegnet,3,0.4859757410443347
L3109,0,0.5790892079472542,0.5949775278568268,20,oddball,eegnet,3,0.4859757410443347
L3115,0,0.4727567434310913,0.46516941487789154,22,oddball,eegnet,3,0.4859757410443347
L3128,0,0.45891139780481655,0.4485304653644562,24,oddball,eegnet,3,0.4859757410443347
L3132,0,0.454107659018558,0.4554193615913391,23,oddball,eegnet,3,0.4859757410443347
L3141,0,0.49982463717460635,0.5045089721679688,25,oddball,eegnet,3,0.4859757410443347
L3145,0,0.4615519318891608,0.4552098512649536,23,oddball,eegnet,3,0.4859757410443347
L3157,1,0.4877091799345281,0.5143986344337463,18,oddball,eegnet,3,0.4859757410443347
L3164,0,0.2868504625558853,0.29664990305900574,25,oddball,eegnet,3,0.4859757410443347
L3170,0,0.3753116778705431,0.3699101209640503,23,oddball,eegnet,3,0.4859757410443347
L3180,0,0.4764954337948247,0.4704536497592926,19,oddball,eegnet,3,0.4859757410443347
L3182,0,0.23913117311894894,0.23731622844934464,24,oddball,eegnet,3,0.4859757410443347
L3186,1,0.41986137001137985,0.4255450665950775,19,oddball,eegnet,3,0.4859757410443347
L3187,0,0.4741223182367242,0.46872007846832275,23,oddball,eegnet,3,0.4859757410443347
L32,0,0.5086219692230225,0.5091391801834106,25,oddball,eegnet,3,0.4859757410443347
L320,0,0.4996057987213135,0.49214307963848114,20,oddball,eegnet,3,0.4859757410443347
L324,0,0.5000605347255865,0.4864178001880646,24,oddball,eegnet,3,0.4859757410443347
L325,0,0.47744139035542804,0.47790515422821045,24,oddball,eegnet,3,0.4859757410443347
L326,1,0.4954430401325226,0.49819236993789673,25,oddball,eegnet,3,0.4859757410443347
L333,1,0.4587431779752175,0.4817887991666794,24,oddball,eegnet,3,0.4859757410443347
L337,0,0.47376644134521484,0.46807438135147095,25,oddball,eegnet,3,0.4859757410443347
L339,1,0.5204680201907953,0.5324698984622955,24,oddball,eegnet,3,0.4859757410443347
L340,1,0.5574340969324112,0.5531532764434814,22,oddball,eegnet,3,0.4859757410443347
L3406,1,0.5950896829366684,0.5949556529521942,20,oddball,eegnet,3,0.4859757410443347
L3414,0,0.5857048541307449,0.560263991355896,10,oddball,eegnet,3,0.4859757410443347
L3430,0,0.5535458779335022,0.5586128830909729,25,oddball,eegnet,3,0.4859757410443347
L3431,0,0.5433570694923401,0.5473634600639343,25,oddball,eegnet,3,0.4859757410443347
L3437,0,0.46798214316368103,0.4780317544937134,4,oddball,eegnet,3,0.4859757410443347
L3438,1,0.6114490008354188,0.6199312210083008,25,oddball,eegnet,3,0.4859757410443347
L3465,0,0.4641000294685364,0.46089065074920654,25,oddball,eegnet,3,0.4859757410443347
L347,0,0.6217704623937607,0.6216597855091095,20,oddball,eegnet,3,0.4859757410443347
L3481,0,0.5974320198098818,0.6239831447601318,24,oddball,eegnet,3,0.4859757410443347
L3492,1,0.49124391555786134,0.49667850136756897,25,oddball,eegnet,3,0.4859757410443347
L3493,1,0.48261313495181857,0.4837537407875061,21,oddball,eegnet,3,0.4859757410443347
L3497,1,0.465518482029438,0.454214408993721,24,oddball,eegnet,3,0.4859757410443347
L3503,0,0.5706762671470642,0.5443125367164612,19,oddball,eegnet,3,0.4859757410443347
L3516,0,0.534005889838392,0.5504771173000336,22,oddball,eegnet,3,0.4859757410443347
L3532,0,0.44975166271130246,0.4448513984680176,24,oddball,eegnet,3,0.4859757410443347
L3545,0,0.5873540398620424,0.5857841372489929,21,oddball,eegnet,3,0.4859757410443347
L3553,0,0.5224159161249796,0.5189568102359772,24,oddball,eegnet,3,0.4859757410443347
L3559,0,0.5405841531852881,0.5456903576850891,24,oddball,eegnet,3,0.4859757410443347
L3560,1,0.5211685419082641,0.5132684707641602,25,oddball,eegnet,3,0.4859757410443347
L3575,0,0.4629657506942749,0.46070900559425354,25,oddball,eegnet,3,0.4859757410443347
L3580,0,0.5493548357486725,0.5258470177650452,25,oddball,eegnet,3,0.4859757410443347
L3588,1,0.5617525229851404,0.5695198774337769,24,oddball,eegnet,3,0.4859757410443347
L359,1,0.5049773001670838,0.5040934085845947,25,oddball,eegnet,3,0.4859757410443347
L3592,1,0.5884385669231414,0.6007411479949951,25,oddball,eegnet,3,0.4859757410443347
L3599,1,0.7959978735965231,0.8230476379394531,23,oddball,eegnet,3,0.4859757410443347
L3604,0,0.4992092351118724,0.4990512430667877,24,oddball,eegnet,3,0.4859757410443347
L3610,1,0.5546783022582531,0.5743123590946198,24,oddball,eegnet,3,0.4859757410443347
L3613,0,0.6275640296936035,0.6186537742614746,25,oddball,eegnet,3,0.4859757410443347
L3638,1,0.5483524451653162,0.5467436611652374,18,oddball,eegnet,3,0.4859757410443347
L3640,0,0.5808009135723115,0.5858146548271179,25,oddball,eegnet,3,0.4859757410443347
L3647,0,0.5658291852474213,0.5681354999542236,25,oddball,eegnet,3,0.4859757410443347
L3649,0,0.5617421996593476,0.5532850623130798,25,oddball,eegnet,3,0.4859757410443347
L3652,0,0.6271559140261482,0.6257279515266418,17,oddball,eegnet,3,0.4859757410443347
L3656,0,0.6261234331130981,0.620516300201416,25,oddball,eegnet,3,0.4859757410443347
L3657,1,0.6154918777942657,0.6205193996429443,25,oddball,eegnet,3,0.4859757410443347
L3661,1,0.48022788638869923,0.48772096633911133,24,oddball,eegnet,3,0.4859757410443347
L3662,1,0.6186753757621931,0.6157005429267883,23,oddball,eegnet,3,0.4859757410443347
L3669,1,0.5395337045192719,0.5419307053089142,24,oddball,eegnet,3,0.4859757410443347
L3670,1,0.5628260104429155,0.5697596073150635,21,oddball,eegnet,3,0.4859757410443347
L3687,1,0.6055356466770172,0.5966876149177551,25,oddball,eegnet,3,0.4859757410443347
L3690,1,0.5729206713537375,0.5599760711193085,24,oddball,eegnet,3,0.4859757410443347
L3697,0,0.6522343122959137,0.6413243412971497,25,oddball,eegnet,3,0.4859757410443347
L37,0,0.5626199960708618,0.5556153655052185,25,oddball,eegnet,3,0.4859757410443347
L3705,0,0.4664568019409974,0.48194895684719086,24,oddball,eegnet,3,0.4859757410443347
L3709,1,0.5364048564434052,0.5404714941978455,25,oddball,eegnet,3,0.4859757410443347
L3717,1,0.4413781762123108,0.4588429033756256,23,oddball,eegnet,3,0.4859757410443347
L3718,0,0.47403169305701004,0.4261876344680786,19,oddball,eegnet,3,0.4859757410443347
L3727,0,0.5559275245666504,0.573013186454773,25,oddball,eegnet,3,0.4859757410443347
L3732,0,0.5062466189265251,0.5079812407493591,24,oddball,eegnet,3,0.4859757410443347
L3736,0,0.5926634860038758,0.5844907164573669,25,oddball,eegnet,3,0.4859757410443347
L3738,0,0.6656946086883545,0.6539062857627869,25,oddball,eegnet,3,0.4859757410443347
L3739,0,0.5062583315372468,0.5063166618347168,25,oddball,eegnet,3,0.4859757410443347
L3747,1,0.6869553756713868,0.6952539086341858,25,oddball,eegnet,3,0.4859757410443347
L3754,0,0.5255023694038391,0.527301549911499,25,oddball,eegnet,3,0.4859757410443347
L39,1,0.6793096136479151,0.6852420568466187,21,oddball,eegnet,3,0.4859757410443347
L3949,0,0.5690230339765548,0.5707661509513855,20,oddball,eegnet,3,0.4859757410443347
L3950,1,0.590984878440698,0.5859650373458862,24,oddball,eegnet,3,0.4859757410443347
L3953,0,0.5653354132717306,0.5812932848930359,22,oddball,eegnet,3,0.4859757410443347
L3960,0,0.4678600788116455,0.4827002286911011,5,oddball,eegnet,3,0.4859757410443347
L3969,0,0.5556204848819308,0.5590021014213562,9,oddball,eegnet,3,0.4859757410443347
L3970,0,0.5602619903428214,0.5836042761802673,21,oddball,eegnet,3,0.4859757410443347
L3972,1,0.6172311267127162,0.6400723457336426,23,oddball,eegnet,3,0.4859757410443347
L3983,0,0.43371199000449406,0.42581644654273987,21,oddball,eegnet,3,0.4859757410443347
L3998,0,0.5731601901352406,0.5850006937980652,24,oddball,eegnet,3,0.4859757410443347
L4005,0,0.4461144983768463,0.4470967799425125,20,oddball,eegnet,3,0.4859757410443347
L4007,1,0.577146088299544,0.5625177621841431,23,oddball,eegnet,3,0.4859757410443347
L4014,1,0.5541914515197277,0.5580928325653076,24,oddball,eegnet,3,0.4859757410443347
L4020,1,0.5223387343188127,0.5239942073822021,24,oddball,eegnet,3,0.4859757410443347
L4021,0,0.6286190081210363,0.6346414089202881,21,oddball,eegnet,3,0.4859757410443347
L4029,1,0.6661390798787276,0.6724857985973358,24,oddball,eegnet,3,0.4859757410443347
L4036,0,0.4593470622511471,0.4472643733024597,17,oddball,eegnet,3,0.4859757410443347
L4044,0,0.5342163021365801,0.5346203744411469,24,oddball,eegnet,3,0.4859757410443347
L4053,0,0.5251132895549139,0.5491717755794525,24,oddball,eegnet,3,0.4859757410443347
L4054,1,0.5946895763987586,0.5658980011940002,21,oddball,eegnet,3,0.4859757410443347
L4063,0,0.48055129289627074,0.5060327053070068,25,oddball,eegnet,3,0.4859757410443347
L4074,1,0.615985791683197,0.5914665460586548,25,oddball,eegnet,3,0.4859757410443347
L4078,1,0.4445783972740173,0.43612363934516907,25,oddball,eegnet,3,0.4859757410443347
L4079,1,0.42707058290640515,0.4363216608762741,24,oddball,eegnet,3,0.4859757410443347
L4081,0,0.44136802139489545,0.4576173424720764,23,oddball,eegnet,3,0.4859757410443347
L4082,0,0.470492672175169,0.49387727677822113,24,oddball,eegnet,3,0.4859757410443347
L4083,1,0.6134177483618259,0.6225311756134033,24,oddball,eegnet,3,0.4859757410443347
L4084,1,0.45905452345808345,0.44839903712272644,24,oddball,eegnet,3,0.4859757410443347
L41,0,0.4454398953914642,0.4299929141998291,25,oddball,eegnet,3,0.4859757410443347
L4100,1,0.46494199335575104,0.46471476554870605,24,oddball,eegnet,3,0.4859757410443347
L4103,0,0.5723099424725487,0.5865680575370789,21,oddball,eegnet,3,0.4859757410443347
L4108,0,0.539901016723542,0.5359915494918823,21,oddball,eegnet,3,0.4859757410443347
L411,0,0.38728006720542907,0.3644743263721466,25,oddball,eegnet,3,0.4859757410443347
L4112,0,0.47898540563053554,0.5015968382358551,18,oddball,eegnet,3,0.4859757410443347
L4116,1,0.6180956441423168,0.6303434371948242,23,oddball,eegnet,3,0.4859757410443347
L417,0,0.630572027216355,0.6242186427116394,24,oddball,eegnet,3,0.4859757410443347
L4211,0,0.5249211382865906,0.5353977084159851,25,oddball,eegnet,3,0.4859757410443347
L4220,0,0.5567196426184281,0.5736976861953735,23,oddball,eegnet,3,0.4859757410443347
L4239,1,0.46003600047982257,0.47463706135749817,23,oddball,eegnet,3,0.4859757410443347
L4241,0,0.4687999164064725,0.4766179323196411,24,oddball,eegnet,3,0.4859757410443347
L4249,0,0.5626895762979984,0.5425583124160767,24,oddball,eegnet,3,0.4859757410443347
L4250,1,0.5084718775749206,0.5098096132278442,25,oddball,eegnet,3,0.4859757410443347
L4254,1,0.5141063878933588,0.5047188997268677,24,oddball,eegnet,3,0.4859757410443347
L426,0,0.503435713549455,0.506981760263443,24,oddball,eegnet,3,0.4859757410443347
L4270,0,0.5609582818072775,0.5456592440605164,23,oddball,eegnet,3,0.4859757410443347
L428,0,0.48738481521606447,0.4856501519680023,25,oddball,eegnet,3,0.4859757410443347
L4283,1,0.35712629184126854,0.34445512294769287,24,oddball,eegnet,3,0.4859757410443347
L4299,0,0.4053260592950715,0.40866418182849884,18,oddball,eegnet,3,0.4859757410443347
L430,0,0.56207772731781,0.5486001968383789,25,oddball,eegnet,3,0.4859757410443347
L4311,0,0.47616970798243646,0.48554009199142456,23,oddball,eegnet,3,0.4859757410443347
L4314,0,0.5062128829956055,0.5064449906349182,25,oddball,eegnet,3,0.4859757410443347
L4316,1,0.4638157093524933,0.4467725157737732,25,oddball,eegnet,3,0.4859757410443347
L4324,0,0.5676516771316529,0.5559408664703369,20,oddball,eegnet,3,0.4859757410443347
L4326,1,0.4743666797876358,0.45353858172893524,20,oddball,eegnet,3,0.4859757410443347
L4327,1,0.513032291084528,0.517232745885849,24,oddball,eegnet,3,0.4859757410443347
L4331,0,0.4848456146816413,0.4751383066177368,24,oddball,eegnet,3,0.4859757410443347
L4342,1,0.5296791036923726,0.5445423126220703,15,oddball,eegnet,3,0.4859757410443347
L4343,1,0.5260652720928192,0.5282559394836426,25,oddball,eegnet,3,0.4859757410443347
L435,0,0.43695792436599734,0.43418359756469727,25,oddball,eegnet,3,0.4859757410443347
L4353,0,0.2898668110370636,0.27131789922714233,25,oddball,eegnet,3,0.4859757410443347
L4357,0,0.4592405878007412,0.4755638539791107,20,oddball,eegnet,3,0.4859757410443347
L4362,1,0.41756927728652954,0.4257161021232605,25,oddball,eegnet,3,0.4859757410443347
L4380,1,0.6256620287895203,0.6417099237442017,25,oddball,eegnet,3,0.4859757410443347
L4381,1,0.5049782460150511,0.49293869733810425,23,oddball,eegnet,3,0.4859757410443347
L4385,0,0.5796916854381561,0.5906552076339722,25,oddball,eegnet,3,0.4859757410443347
L439,0,0.49869304537773135,0.476575642824173,25,oddball,eegnet,3,0.4859757410443347
L4391,0,0.48047247529029846,0.48185306787490845,20,oddball,eegnet,3,0.4859757410443347
L4403,0,0.45521983146667483,0.45151349902153015,25,oddball,eegnet,3,0.4859757410443347
L4407,0,0.5529724644578021,0.5518307685852051,23,oddball,eegnet,3,0.4859757410443347
L441,0,0.5331055906911691,0.5357041954994202,24,oddball,eegnet,3,0.4859757410443347
L4414,0,0.46350391986577405,0.4586459994316101,23,oddball,eegnet,3,0.4859757410443347
L4431,0,0.6181812456675938,0.6253635585308075,14,oddball,eegnet,3,0.4859757410443347
L444,0,0.46575725740856594,0.4662898778915405,9,oddball,eegnet,3,0.4859757410443347
L4442,0,0.624862071275711,0.6286036968231201,25,oddball,eegnet,3,0.4859757410443347
L4449,0,0.5346697211265564,0.5343624949455261,25,oddball,eegnet,3,0.4859757410443347
L4450,0,0.5118468049026671,0.5056445598602295,21,oddball,eegnet,3,0.4859757410443347
L4453,0,0.4742091360845064,0.4809930920600891,19,oddball,eegnet,3,0.4859757410443347
L4463,1,0.49236701970750635,0.5110866129398346,22,oddball,eegnet,3,0.4859757410443347
L4467,1,0.5770305196444193,0.6006189584732056,24,oddball,eegnet,3,0.4859757410443347
L4479,0,0.5659327705701193,0.582792729139328,24,oddball,eegnet,3,0.4859757410443347
L4484,0,0.52029799669981,0.5090387463569641,24,oddball,eegnet,3,0.4859757410443347
L449,0,0.39210913764933747,0.39722807705402374,24,oddball,eegnet,3,0.4859757410443347
L4492,0,0.4490510165691376,0.4308614432811737,25,oddball,eegnet,3,0.4859757410443347
L4495,0,0.544489405371926,0.5465380847454071,22,oddball,eegnet,3,0.4859757410443347
L4499,1,0.566616409204223,0.5618254542350769,22,oddball,eegnet,3,0.4859757410443347
L4502,1,0.5385089153828828,0.5392354130744934,23,oddball,eegnet,3,0.4859757410443347
L4510,0,0.5118399488925934,0.5347020626068115,25,oddball,eegnet,3,0.4859757410443347
L4513,0,0.5535498609145483,0.5379587709903717,24,oddball,eegnet,3,0.4859757410443347
L4523,0,0.5236472422661989,0.5294008255004883,23,oddball,eegnet,3,0.4859757410443347
L4539,0,0.45884784559408825,0.452297642827034,24,oddball,eegnet,3,0.4859757410443347
L4540,1,0.5836109804610411,0.6012430787086487,24,oddball,eegnet,3,0.4859757410443347
L4542,0,0.43170814278225106,0.4245224595069885,24,oddball,eegnet,3,0.4859757410443347
L4544,0,0.5371323215961457,0.5275163054466248,25,oddball,eegnet,3,0.4859757410443347
L4550,1,0.4824625931002877,0.49170249700546265,22,oddball,eegnet,3,0.4859757410443347
L4551,0,0.5723258638381958,0.5793898701667786,25,oddball,eegnet,3,0.4859757410443347
L4555,0,0.6117416334152221,0.6190236806869507,25,oddball,eegnet,3,0.4859757410443347
L4567,0,0.4828312322497368,0.4885670840740204,24,oddball,eegnet,3,0.4859757410443347
L4577,1,0.5513348209857941,0.5413255095481873,25,oddball,eegnet,3,0.4859757410443347
L458,0,0.5633315679274107,0.5985938310623169,19,oddball,eegnet,3,0.4859757410443347
L4587,1,0.5650194811820984,0.551091194152832,25,oddball,eegnet,3,0.4859757410443347
L4606,0,0.5284276349203927,0.5195875763893127,21,oddball,eegnet,3,0.4859757410443347
L463,0,0.45735701776686166,0.44062137603759766,21,oddball,eegnet,3,0.4859757410443347
L465,0,0.5194563188336112,0.5101464986801147,22,oddball,eegnet,3,0.4859757410443347
L47,1,0.554380731738132,0.5450421571731567,23,oddball,eegnet,3,0.4859757410443347
L478,0,0.5123274549841881,0.5099194645881653,24,oddball,eegnet,3,0.4859757410443347
L480,0,0.6750977283174341,0.6710449755191803,22,oddball,eegnet,3,0.4859757410443347
L487,1,0.5318225347995758,0.5429009795188904,25,oddball,eegnet,3,0.4859757410443347
L491,1,0.4344623528028789,0.4415060579776764,19,oddball,eegnet,3,0.4859757410443347
L497,1,0.4307626324395339,0.41771189868450165,24,oddball,eegnet,3,0.4859757410443347
L50,0,0.40775744915008544,0.4082196354866028,15,oddball,eegnet,3,0.4859757410443347
L509,0,0.5576008841395378,0.5232053399085999,20,oddball,eegnet,3,0.4859757410443347
L515,1,0.5534547982008561,0.5586846470832825,23,oddball,eegnet,3,0.4859757410443347
L52,1,0.4540394413471222,0.457053005695343,25,oddball,eegnet,3,0.4859757410443347
L520,1,0.5045428146486697,0.48897650837898254,23,oddball,eegnet,3,0.4859757410443347
L521,0,0.4569787585735321,0.4588382840156555,25,oddball,eegnet,3,0.4859757410443347
L522,0,0.561958495689475,0.56549072265625,23,oddball,eegnet,3,0.4859757410443347
L528,1,0.4075793841232856,0.4230792224407196,24,oddball,eegnet,3,0.4859757410443347
L534,1,0.49048472746558813,0.4934522807598114,23,oddball,eegnet,3,0.4859757410443347
L543,0,0.34246495738625526,0.32879893481731415,24,oddball,eegnet,3,0.4859757410443347
L545,0,0.517750001202027,0.5222264230251312,24,oddball,eegnet,3,0.4859757410443347
L547,1,0.549196814497312,0.5509170293807983,24,oddball,eegnet,3,0.4859757410443347
L548,1,0.5406512146194776,0.5568462014198303,24,oddball,eegnet,3,0.4859757410443347
L553,0,0.4801264852285385,0.4944983571767807,20,oddball,eegnet,3,0.4859757410443347
L56,0,0.4760496914386749,0.4848373383283615,22,oddball,eegnet,3,0.4859757410443347
L569,0,0.4519634544849396,0.4461912363767624,20,oddball,eegnet,3,0.4859757410443347
L578,0,0.5320464409887791,0.5179293751716614,24,oddball,eegnet,3,0.4859757410443347
L579,0,0.467752183675766,0.4700450301170349,25,oddball,eegnet,3,0.4859757410443347
L581,1,0.5324526059627533,0.5261516571044922,25,oddball,eegnet,3,0.4859757410443347
L585,1,0.4933883814435256,0.47067520022392273,19,oddball,eegnet,3,0.4859757410443347
L586,1,0.6307829999923706,0.6349387764930725,25,oddball,eegnet,3,0.4859757410443347
L595,0,0.37498183983067673,0.37736569344997406,24,oddball,eegnet,3,0.4859757410443347
L596,0,0.4140872311592102,0.40523019433021545,25,oddball,eegnet,3,0.4859757410443347
L60,1,0.3683488617340724,0.3808106482028961,21,oddball,eegnet,3,0.4859757410443347
L615,0,0.5228089062791121,0.5130183696746826,19,oddball,eegnet,3,0.4859757410443347
L622,0,0.4784119975566864,0.4707203209400177,25,oddball,eegnet,3,0.4859757410443347
L633,0,0.5279296996692816,0.5322854518890381,24,oddball,eegnet,3,0.4859757410443347
L64,0,0.4256617802640666,0.4369666576385498,23,oddball,eegnet,3,0.4859757410443347
L643,0,0.5709606695175171,0.5593841671943665,25,oddball,eegnet,3,0.4859757410443347
L647,0,0.5843743669986725,0.5760145783424377,25,oddball,eegnet,3,0.4859757410443347
L648,0,0.5437383084070115,0.5506813526153564,21,oddball,eegnet,3,0.4859757410443347
L66,1,0.4831367110212644,0.49011196196079254,24,oddball,eegnet,3,0.4859757410443347
L660,1,0.48554101715917175,0.47028741240501404,23,oddball,eegnet,3,0.4859757410443347
L662,0,0.6443834841251374,0.6575793027877808,20,oddball,eegnet,3,0.4859757410443347
L665,0,0.292272784139799,0.2935194969177246,23,oddball,eegnet,3,0.4859757410443347
L67,0,0.4597251727467492,0.48134467005729675,21,oddball,eegnet,3,0.4859757410443347
L698,0,0.368540997505188,0.3623883128166199,25,oddball,eegnet,3,0.4859757410443347
L701,1,0.45926784723997116,0.4777881056070328,24,oddball,eegnet,3,0.4859757410443347
L705,0,0.4740015697479248,0.46990126371383667,25,oddball,eegnet,3,0.4859757410443347
L709,0,0.544513630370299,0.5259227454662323,24,oddball,eegnet,3,0.4859757410443347
L71,0,0.4889008688926697,0.49072614312171936,25,oddball,eegnet,3,0.4859757410443347
L712,0,0.5149223506450653,0.5171632170677185,21,oddball,eegnet,3,0.4859757410443347
L718,0,0.5237713503837585,0.505530595779419,25,oddball,eegnet,3,0.4859757410443347
L726,1,0.41705804944038394,0.4065154790878296,25,oddball,eegnet,3,0.4859757410443347
L735,0,0.5629258787631989,0.5787802934646606,25,oddball,eegnet,3,0.4859757410443347
L737,0,0.44208642716209096,0.4356745183467865,24,oddball,eegnet,3,0.4859757410443347
L748,1,0.46514906237522763,0.46974052488803864,24,oddball,eegnet,3,0.4859757410443347
L759,0,0.6175198865433534,0.6313880383968353,24,oddball,eegnet,3,0.4859757410443347
L762,0,0.6217307245731354,0.6261255145072937,25,oddball,eegnet,3,0.4859757410443347
L767,0,0.5088914513587952,0.5054188966751099,25,oddball,eegnet,3,0.4859757410443347
L772,0,0.5890037546987119,0.5836588144302368,23,oddball,eegnet,3,0.4859757410443347
L779,1,0.5736682489514351,0.5731673240661621,24,oddball,eegnet,3,0.4859757410443347
L790,0,0.5182345366996267,0.5139865279197693,23,oddball,eegnet,3,0.4859757410443347
L803,0,0.49753960448762646,0.5018326640129089,23,oddball,eegnet,3,0.4859757410443347
L808,0,0.3606276172730658,0.36625437438488007,18,oddball,eegnet,3,0.4859757410443347
L814,0,0.5453022991617521,0.5436310768127441,24,oddball,eegnet,3,0.4859757410443347
L819,0,0.4544679956002669,0.4442896693944931,22,oddball,eegnet,3,0.4859757410443347
L83,0,0.3375858813524246,0.338013157248497,16,oddball,eegnet,3,0.4859757410443347
L850,0,0.562378004902885,0.5617108345031738,21,oddball,eegnet,3,0.4859757410443347
L853,0,0.4076644033193588,0.3793562203645706,22,oddball,eegnet,3,0.4859757410443347
L856,1,0.5454161231932433,0.5381957292556763,23,oddball,eegnet,3,0.4859757410443347
L858,0,0.574242604970932,0.6065853238105774,25,oddball,eegnet,3,0.4859757410443347
L861,0,0.5923252390189604,0.5872685015201569,22,oddball,eegnet,3,0.4859757410443347
L87,0,0.523912517974774,0.5441473722457886,24,oddball,eegnet,3,0.4859757410443347
L9,0,0.5253081619739532,0.5233093500137329,25,oddball,eegnet,3,0.4859757410443347
L95,0,0.5484112401803335,0.5352461338043213,24,oddball,eegnet,3,0.4859757410443347
L97,1,0.5009766382475694,0.492393434047699,24,oddball,eegnet,3,0.4859757410443347
L1000,0,0.4478846800327301,0.4518791139125824,25,oddball,eegnet,4,0.4475651573051106
L101,0,0.4310968654851119,0.4123408794403076,24,oddball,eegnet,4,0.4475651573051106
L104,0,0.5224856358507405,0.5116607546806335,23,oddball,eegnet,4,0.4475651573051106
L108,0,0.46780117050461145,0.4756945073604584,23,oddball,eegnet,4,0.4475651573051106
L120,0,0.48724693680802983,0.46913181245326996,24,oddball,eegnet,4,0.4475651573051106
L133,1,0.4943005859851837,0.49248525500297546,20,oddball,eegnet,4,0.4475651573051106
L1353,0,0.5142331075668335,0.5123944878578186,25,oddball,eegnet,4,0.4475651573051106
L1357,1,0.47384663638861285,0.4549843668937683,23,oddball,eegnet,4,0.4475651573051106
L1358,0,0.47423301815986635,0.4630267918109894,25,oddball,eegnet,4,0.4475651573051106
L1373,1,0.42172280192375183,0.42180657386779785,25,oddball,eegnet,4,0.4475651573051106
L1382,0,0.41208543432386296,0.3962725102901459,19,oddball,eegnet,4,0.4475651573051106
L1385,1,0.4906644792783828,0.5004037022590637,21,oddball,eegnet,4,0.4475651573051106
L1390,0,0.4844854992368947,0.5073896050453186,23,oddball,eegnet,4,0.4475651573051106
L14,0,0.5443978145718574,0.5381402969360352,20,oddball,eegnet,4,0.4475651573051106
L1408,1,0.5532086193561554,0.5429121851921082,10,oddball,eegnet,4,0.4475651573051106
L141,1,0.5816881420711676,0.5826872289180756,24,oddball,eegnet,4,0.4475651573051106
L1425,0,0.40333581609385355,0.39288774132728577,14,oddball,eegnet,4,0.4475651573051106
L1429,0,0.3625009939784095,0.35532981157302856,21,oddball,eegnet,4,0.4475651573051106
L143,0,0.43202288772748865,0.4455399215221405,23,oddball,eegnet,4,0.4475651573051106
L1432,0,0.4484780716399352,0.43142493069171906,24,oddball,eegnet,4,0.4475651573051106
L1436,1,0.5873249260818257,0.5595573782920837,17,oddball,eegnet,4,0.4475651573051106
L1438,0,0.3672967546659967,0.3591602146625519,23,oddball,eegnet,4,0.4475651573051106
L144,0,0.4368899667263031,0.43940311670303345,25,oddball,eegnet,4,0.4475651573051106
L1455,0,0.5308168913636889,0.5196769833564758,21,oddball,eegnet,4,0.4475651573051106
L1459,0,0.4952585017681122,0.5065189003944397,25,oddball,eegnet,4,0.4475651573051106
L1461,1,0.5240037230153879,0.5154537856578827,24,oddball,eegnet,4,0.4475651573051106
L1463,1,0.49623011983931065,0.4877151846885681,16,oddball,eegnet,4,0.4475651573051106
L1470,1,0.41475436753696865,0.40783409774303436,18,oddball,eegnet,4,0.4475651573051106
L1471,0,0.301242042183876,0.3074999153614044,25,oddball,eegnet,4,0.4475651573051106
L1487,0,0.48730262398719787,0.4902811646461487,25,oddball,eegnet,4,0.4475651573051106
L1492,1,0.41599308371543886,0.4361609220504761,25,oddball,eegnet,4,0.4475651573051106
L1497,1,0.5018924111905305,0.4851391017436981,23,oddball,eegnet,4,0.4475651573051106
L1503,1,0.393697042214243,0.377005934715271,19,oddball,eegnet,4,0.4475651573051106
L1507,1,0.439116096496582,0.4382854998111725,25,oddball,eegnet,4,0.4475651573051106
L1508,0,0.5247239830593268,0.5334460735321045,24,oddball,eegnet,4,0.4475651573051106
L1514,1,0.41505641911340796,0.403472900390625,23,oddball,eegnet,4,0.4475651573051106
L1518,1,0.587801143527031,0.5831221044063568,22,oddball,eegnet,4,0.4475651573051106
L1532,1,0.5824991283209427,0.5822805166244507,23,oddball,eegnet,4,0.4475651573051106
L1543,0,0.43838642358779906,0.4410496950149536,25,oddball,eegnet,4,0.4475651573051106
L1546,0,0.4461999833583832,0.4303410053253174,25,oddball,eegnet,4,0.4475651573051106
L1555,0,0.27767588436603546,0.28523290157318115,25,oddball,eegnet,4,0.4475651573051106
L1557,0,0.4307183772325516,0.43325482308864594,24,oddball,eegnet,4,0.4475651573051106
L1558,1,0.3286961547353051,0.313626304268837,22,oddball,eegnet,4,0.4475651573051106
L1564,1,0.3634120498014533,0.34899482131004333,23,oddball,eegnet,4,0.4475651573051106
L1569,1,0.4379996471107006,0.43355052173137665,24,oddball,eegnet,4,0.4475651573051106
L1573,1,0.4552442853649457,0.4511236995458603,24,oddball,eegnet,4,0.4475651573051106
L158,0,0.5817158979674181,0.5727458596229553,24,oddball,eegnet,4,0.4475651573051106
L1580,0,0.3303158992812747,0.34557878971099854,21,oddball,eegnet,4,0.4475651573051106
L1582,1,0.41958466053009036,0.40787434577941895,25,oddball,eegnet,4,0.4475651573051106
L1587,1,0.4088600730895996,0.4142964780330658,25,oddball,eegnet,4,0.4475651573051106
L1588,0,0.48630530725825916,0.482400581240654,22,oddball,eegnet,4,0.4475651573051106
L1589,0,0.6238492405414582,0.6121702790260315,25,oddball,eegnet,4,0.4475651573051106
L1590,1,0.4568211982647578,0.44518768787384033,24,oddball,eegnet,4,0.4475651573051106
L1595,1,0.4323113366313603,0.4375784993171692,23,oddball,eegnet,4,0.4475651573051106
L16,1,0.4579315507411957,0.4538019001483917,25,oddball,eegnet,4,0.4475651573051106
L1601,1,0.5165276420116425,0.5230228304862976,25,oddball,eegnet,4,0.4475651573051106
L1608,1,0.42790798259818036,0.40850335359573364,23,oddball,eegnet,4,0.4475651573051106
L1611,0,0.4477458108555187,0.4712790548801422,22,oddball,eegnet,4,0.4475651573051106
L1623,0,0.33269955337047574,0.35186198353767395,25,oddball,eegnet,4,0.4475651573051106
L1625,0,0.3377322737466205,0.31858086585998535,22,oddball,eegnet,4,0.4475651573051106
L1626,0,0.45558397968610126,0.46766456961631775,3,oddball,eegnet,4,0.4475651573051106
L1628,0,0.3736910962810119,0.3698287904262543,24,oddball,eegnet,4,0.4475651573051106
L1629,1,0.49130901098251345,0.5200454890727997,20,oddball,eegnet,4,0.4475651573051106
L163,0,0.5279146866364912,0.5291250944137573,22,oddball,eegnet,4,0.4475651573051106
L1634,0,0.4595692455768585,0.46280637383461,23,oddball,eegnet,4,0.4475651573051106
L1638,0,0.3659597682952881,0.3692473769187927,25,oddball,eegnet,4,0.4475651573051106
L1644,0,0.33560839369893075,0.3391295075416565,20,oddball,eegnet,4,0.4475651573051106
L1645,1,0.484799325466156,0.4934990257024765,24,oddball,eegnet,4,0.4475651573051106
L1648,1,0.5591445503135523,0.5451634228229523,24,oddball,eegnet,4,0.4475651573051106
L1651,0,0.45195477941761847,0.44768354296684265,23,oddball,eegnet,4,0.4475651573051106
L1655,0,0.33150681232412654,0.32230354845523834,24,oddball,eegnet,4,0.4475651573051106
L1666,1,0.5671769118309021,0.5842017531394958,25,oddball,eegnet,4,0.4475651573051106
L1667,0,0.2991226613521576,0.2910212576389313,25,oddball,eegnet,4,0.4475651573051106
L1672,0,0.4981371283531189,0.4732316732406616,25,oddball,eegnet,4,0.4475651573051106
L1686,1,0.48340233771697333,0.4920250475406647,23,oddball,eegnet,4,0.4475651573051106
L1689,1,0.4118783676624298,0.38498347997665405,25,oddball,eegnet,4,0.4475651573051106
L1694,0,0.46902689596881036,0.47188133001327515,23,oddball,eegnet,4,0.4475651573051106
L1702,0,0.4282195399636808,0.3952605426311493,23,oddball,eegnet,4,0.4475651573051106
L1708,1,0.4062837256739537,0.3971036970615387,24,oddball,eegnet,4,0.4475651573051106
L172,0,0.5197841334342956,0.5004959106445312,25,oddball,eegnet,4,0.4475651573051106
L1727,1,0.47933122391502064,0.48604530096054077,24,oddball,eegnet,4,0.4475651573051106
L1728,0,0.456318236887455,0.4470827877521515,20,oddball,eegnet,4,0.4475651573051106
L1737,1,0.3713136769476391,0.3636457622051239,21,oddball,eegnet,4,0.4475651573051106
L1747,1,0.388573922837774,0.3917133957147598,24,oddball,eegnet,4,0.4475651573051106
L1751,1,0.5169404196739197,0.5185145735740662,25,oddball,eegnet,4,0.4475651573051106
L1758,0,0.5691777678827444,0.5616143941879272,24,oddball,eegnet,4,0.4475651573051106
L176,0,0.6125101983547211,0.6120949387550354,25,oddball,eegnet,4,0.4475651573051106
L1762,1,0.4516264659663041,0.44855406880378723,24,oddball,eegnet,4,0.4475651573051106
L177,0,0.5798102739182386,0.5938590466976166,22,oddball,eegnet,4,0.4475651573051106
L1775,0,0.4614001512527466,0.4626787006855011,24,oddball,eegnet,4,0.4475651573051106
L1784,0,0.47700454235076906,0.4690910577774048,25,oddball,eegnet,4,0.4475651573051106
L1788,1,0.4529061218102773,0.4679797738790512,24,oddball,eegnet,4,0.4475651573051106
L179,0,0.48802733421325684,0.4973052740097046,22,oddball,eegnet,4,0.4475651573051106
L1790,0,0.4629304011662801,0.4491818845272064,21,oddball,eegnet,4,0.4475651573051106
L1798,1,0.4793716287612915,0.48941338062286377,25,oddball,eegnet,4,0.4475651573051106
L1799,0,0.4084317535161972,0.39118555188179016,25,oddball,eegnet,4,0.4475651573051106
L1800,1,0.44750896592934925,0.4385164678096771,24,oddball,eegnet,4,0.4475651573051106
L1804,1,0.6454789137840271,0.6484081745147705,25,oddball,eegnet,4,0.4475651573051106
L1810,0,0.5287854398290316,0.5270275473594666,24,oddball,eegnet,4,0.4475651573051106
L1818,0,0.4580105089622995,0.4482559561729431,23,oddball,eegnet,4,0.4475651573051106
L1820,0,0.45955123094951406,0.4555375874042511,17,oddball,eegnet,4,0.4475651573051106
L1825,0,0.38419451005756855,0.3942549079656601,8,oddball,eegnet,4,0.4475651573051106
L1827,0,0.27888108293215436,0.2982064336538315,6,oddball,eegnet,4,0.4475651573051106
L183,0,0.46526049201687175,0.4788045287132263,24,oddball,eegnet,4,0.4475651573051106
L1831,1,0.4563446446605351,0.46432918310165405,23,oddball,eegnet,4,0.4475651573051106
L1839,1,0.37034670263528824,0.38477273285388947,22,oddball,eegnet,4,0.4475651573051106
L184,1,0.5491469465196133,0.521483838558197,24,oddball,eegnet,4,0.4475651573051106
L1846,0,0.4884792977855319,0.4959729015827179,21,oddball,eegnet,4,0.4475651573051106
L1847,1,0.5606032386422157,0.5555438995361328,24,oddball,eegnet,4,0.4475651573051106
L1852,0,0.5172771189523779,0.4792727828025818,23,oddball,eegnet,4,0.4475651573051106
L1858,0,0.40982776805758475,0.41640032827854156,20,oddball,eegnet,4,0.4475651573051106
L1862,0,0.45303120960791904,0.4516299217939377,24,oddball,eegnet,4,0.4475651573051106
L1865,1,0.5272116994857788,0.5419872999191284,25,oddball,eegnet,4,0.4475651573051106
L1893,0,0.3974717078001603,0.40342220664024353,23,oddball,eegnet,4,0.4475651573051106
L1894,1,0.40532590200503665,0.41566096246242523,24,oddball,eegnet,4,0.4475651573051106
L1898,0,0.41900826719674195,0.43681806325912476,22,oddball,eegnet,4,0.4475651573051106
L1899,1,0.4994677972225916,0.50469970703125,21,oddball,eegnet,4,0.4475651573051106
L19,1,0.43143985271453855,0.422797828912735,25,oddball,eegnet,4,0.4475651573051106
L190,0,0.4927684569900686,0.46675315499305725,22,oddball,eegnet,4,0.4475651573051106
L1911,1,0.45380555448077975,0.4596722722053528,21,oddball,eegnet,4,0.4475651573051106
L199,0,0.5157545125484466,0.5337393879890442,25,oddball,eegnet,4,0.4475651573051106
L201,0,0.5341087489024453,0.5356946587562561,23,oddball,eegnet,4,0.4475651573051106
L2058,0,0.4096615544209878,0.4151928275823593,24,oddball,eegnet,4,0.4475651573051106
L218,0,0.38513466783545236,0.3932664692401886,22,oddball,eegnet,4,0.4475651573051106
L228,0,0.5809208047389984,0.5784749984741211,25,oddball,eegnet,4,0.4475651573051106
L243,0,0.5488953426480293,0.5481626689434052,20,oddball,eegnet,4,0.4475651573051106
L252,1,0.32440646381481836,0.30658385157585144,23,oddball,eegnet,4,0.4475651573051106
L2520,1,0.5018082666397095,0.4857822358608246,25,oddball,eegnet,4,0.4475651573051106
L2521,1,0.5361054241657257,0.523568332195282,19,oddball,eegnet,4,0.4475651573051106
L2548,0,0.4720480653146903,0.509166419506073,24,oddball,eegnet,4,0.4475651573051106
L2556,0,0.39514388338379236,0.40378856658935547,23,oddball,eegnet,4,0.4475651573051106
L2557,1,0.41729671001434326,0.419670045375824,25,oddball,eegnet,4,0.4475651573051106
L2559,0,0.2625738075375557,0.24373550713062286,25,oddball,eegnet,4,0.4475651573051106
L2563,0,0.6458303798799929,0.638647198677063,23,oddball,eegnet,4,0.4475651573051106
L2567,1,0.3429857375829116,0.34651240706443787,23,oddball,eegnet,4,0.4475651573051106
L2574,0,0.4737614548724631,0.4887353181838989,23,oddball,eegnet,4,0.4475651573051106
L2578,0,0.4720247529801868,0.48127225041389465,21,oddball,eegnet,4,0.4475651573051106
L258,0,0.4410488242688386,0.44200825691223145,23,oddball,eegnet,4,0.4475651573051106
L2583,0,0.35918801752003754,0.3513767421245575,22,oddball,eegnet,4,0.4475651573051106
L2589,1,0.4378684389591217,0.4414842128753662,25,oddball,eegnet,4,0.4475651573051106
L2592,0,0.3593072233100732,0.35441237688064575,24,oddball,eegnet,4,0.4475651573051106
L2594,0,0.4771126687526703,0.5010294318199158,25,oddball,eegnet,4,0.4475651573051106
L2598,1,0.41645031919082004,0.419643372297287,24,oddball,eegnet,4,0.4475651573051106
L2599,0,0.37605256140232085,0.38347363471984863,20,oddball,eegnet,4,0.4475651573051106
L26,1,0.4078198049379432,0.38460052013397217,23,oddball,eegnet,4,0.4475651573051106
L2602,0,0.5387603676319123,0.5396642088890076,25,oddball,eegnet,4,0.4475651573051106
L2604,0,0.5187031626701355,0.5090115666389465,19,oddball,eegnet,4,0.4475651573051106
L2605,0,0.4416717219352722,0.4427933394908905,25,oddball,eegnet,4,0.4475651573051106
L2606,0,0.48641966342926024,0.49341973662376404,25,oddball,eegnet,4,0.4475651573051106
L262,0,0.464395875732104,0.4689251631498337,18,oddball,eegnet,4,0.4475651573051106
L2622,0,0.4718941032886505,0.4699086546897888,25,oddball,eegnet,4,0.4475651573051106
L2629,0,0.47618395537137986,0.48767395317554474,20,oddball,eegnet,4,0.4475651573051106
L263,0,0.5135000775689664,0.5100859999656677,23,oddball,eegnet,4,0.4475651573051106
L2631,0,0.393019928286473,0.38477736711502075,24,oddball,eegnet,4,0.4475651573051106
L2636,1,0.474951890707016,0.4753565192222595,25,oddball,eegnet,4,0.4475651573051106
L264,0,0.695372200012207,0.6783878803253174,25,oddball,eegnet,4,0.4475651573051106
L2647,0,0.42524797916412355,0.42849206924438477,15,oddball,eegnet,4,0.4475651573051106
L2663,0,0.47311778903007506,0.47421562671661377,25,oddball,eegnet,4,0.4475651573051106
L2670,0,0.4062035505970319,0.4062570333480835,24,oddball,eegnet,4,0.4475651573051106
L2672,0,0.48641557178714057,0.46292994916439056,22,oddball,eegnet,4,0.4475651573051106
L2674,0,0.35583377957344053,0.37465938925743103,25,oddball,eegnet,4,0.4475651573051106
L2676,0,0.4589349292218685,0.47837768495082855,24,oddball,eegnet,4,0.4475651573051106
L2682,1,0.3763359310105443,0.3689156174659729,16,oddball,eegnet,4,0.4475651573051106
L2686,0,0.47124031782150266,0.4721180200576782,25,oddball,eegnet,4,0.4475651573051106
L2691,0,0.38667764080067474,0.38968725502491,24,oddball,eegnet,4,0.4475651573051106
L2696,1,0.45544036477804184,0.4375504404306412,24,oddball,eegnet,4,0.4475651573051106
L2711,0,0.40829969321688014,0.40323300659656525,24,oddball,eegnet,4,0.4475651573051106
L2717,0,0.4533049451808135,0.4352768510580063,24,oddball,eegnet,4,0.4475651573051106
L2721,1,0.5024889183044433,0.4965578615665436,25,oddball,eegnet,4,0.4475651573051106
L2726,0,0.36225961210827035,0.35833266377449036,24,oddball,eegnet,4,0.4475651573051106
L273,1,0.49555097579956053,0.4716852903366089,25,oddball,eegnet,4,0.4475651573051106
L2732,0,0.42176665300908295,0.409830778837204,23,oddball,eegnet,4,0.4475651573051106
L2740,0,0.4928831730199897,0.481989324092865,23,oddball,eegnet,4,0.4475651573051106
L2741,1,0.4411721910749163,0.43420806527137756,21,oddball,eegnet,4,0.4475651573051106
L2744,1,0.4425188836298491,0.45254507660865784,19,oddball,eegnet,4,0.4475651573051106
L2747,1,0.4622389090557893,0.46585048735141754,24,oddball,eegnet,4,0.4475651573051106
L2750,0,0.6129717174030486,0.5833433866500854,21,oddball,eegnet,4,0.4475651573051106
L2756,0,0.3967505544424057,0.37951330840587616,24,oddball,eegnet,4,0.4475651573051106
L2762,1,0.5288192759389463,0.543929398059845,23,oddball,eegnet,4,0.4475651573051106
L2770,0,0.5225267215915348,0.514190137386322,23,oddball,eegnet,4,0.4475651573051106
L2776,1,0.42061482134618255,0.4210960865020752,19,oddball,eegnet,4,0.4475651573051106
L2788,0,0.4296318267782529,0.4215300530195236,24,oddball,eegnet,4,0.4475651573051106
L2797,0,0.49073731402556103,0.45819897949695587,24,oddball,eegnet,4,0.4475651573051106
L2798,0,0.477138922860225,0.47834157943725586,24,oddball,eegnet,4,0.4475651573051106
L2812,0,0.5667219641415969,0.5688962340354919,23,oddball,eegnet,4,0.4475651573051106
L2820,0,0.5458059225763593,0.5352056622505188,21,oddball,eegnet,4,0.4475651573051106
L2821,0,0.4362242615222931,0.4437919557094574,25,oddball,eegnet,4,0.4475651573051106
L2822,0,0.4649716746807098,0.4682181775569916,25,oddball,eegnet,4,0.4475651573051106
L283,1,0.5371142812073231,0.5301908850669861,16,oddball,eegnet,4,0.4475651573051106
L2842,0,0.4429753257168664,0.44636648893356323,18,oddball,eegnet,4,0.4475651573051106
L2847,0,0.5094522821903229,0.48331335186958313,25,oddball,eegnet,4,0.4475651573051106
L2848,0,0.4424268665413062,0.45069822669029236,24,oddball,eegnet,4,0.4475651573051106
L2866,0,0.38932174962499866,0.3848194181919098,23,oddball,eegnet,4,0.4475651573051106
L287,1,0.4507958103309978,0.43928828835487366,22,oddball,eegnet,4,0.4475651573051106
L2871,0,0.4094193370445915,0.40865880250930786,23,oddball,eegnet,4,0.4475651573051106
L2883,0,0.5829128747185072,0.5886092185974121,24,oddball,eegnet,4,0.4475651573051106
L2884,0,0.5703049647808075,0.5770056843757629,25,oddball,eegnet,4,0.4475651573051106
L2890,0,0.4222014248371124,0.45073458552360535,23,oddball,eegnet,4,0.4475651573051106
L2894,0,0.5218442404270172,0.528738796710968,25,oddball,eegnet,4,0.4475651573051106
L2897,0,0.5902126693725586,0.58541339635849,25,oddball,eegnet,4,0.4475651573051106
L2899,0,0.43640354871749876,0.44096019864082336,15,oddball,eegnet,4,0.4475651573051106
L2900,0,0.40031153678894044,0.407650351524353,25,oddball,eegnet,4,0.4475651573051106
L2904,0,0.41689655900001527,0.4122127294540405,25,oddball,eegnet,4,0.4475651573051106
L2909,0,0.4593363535404205,0.47299104928970337,25,oddball,eegnet,4,0.4475651573051106
L2911,0,0.505456292629242,0.49102532863616943,25,oddball,eegnet,4,0.4475651573051106
L2917,0,0.4165907974044482,0.3954790085554123,24,oddball,eegnet,4,0.4475651573051106
L2921,0,0.3912931275367737,0.3867833912372589,25,oddball,eegnet,4,0.4475651573051106
L2922,1,0.36761161250372726,0.38360218703746796,24,oddball,eegnet,4,0.4475651573051106
L2934,0,0.5017551290988922,0.49169570207595825,25,oddball,eegnet,4,0.4475651573051106
L2937,0,0.49169012283285457,0.5075409859418869,24,oddball,eegnet,4,0.4475651573051106
L2946,0,0.4532604825993379,0.4817802757024765,24,oddball,eegnet,4,0.4475651573051106
L2973,0,0.3936121662457784,0.3926500082015991,21,oddball,eegnet,4,0.4475651573051106
L2983,0,0.4472902919116773,0.46267226338386536,19,oddball,eegnet,4,0.4475651573051106
L2990,1,0.47869361605909133,0.4749508649110794,18,oddball,eegnet,4,0.4475651573051106
L2998,0,0.42872220774491626,0.4318767488002777,24,oddball,eegnet,4,0.4475651573051106
L2999,0,0.4259416423738003,0.4245528429746628,24,oddball,eegnet,4,0.4475651573051106
L3007,0,0.517671194076538,0.5253135561943054,25,oddball,eegnet,4,0.4475651573051106
L304,0,0.48602132499217987,0.479630246758461,22,oddball,eegnet,4,0.4475651573051106
L3058,0,0.42906971216201784,0.4302002787590027,25,oddball,eegnet,4,0.4475651573051106
L3065,0,0.3431389245547746,0.3392200469970703,19,oddball,eegnet,4,0.4475651573051106
L3071,0,0.3849226598228727,0.3877370208501816,14,oddball,eegnet,4,0.4475651573051106
L3075,0,0.3672749884426594,0.37804849445819855,24,oddball,eegnet,4,0.4475651573051106
L3081,1,0.3712005200593368,0.38282161951065063,23,oddball,eegnet,4,0.4475651573051106
L3089,0,0.4849111872414748,0.4787069857120514,24,oddball,eegnet,4,0.4475651573051106
L3094,1,0.46231356759866077,0.4544339030981064,6,oddball,eegnet,4,0.4475651573051106
L3106,0,0.3903262829780579,0.386678010225296,25,oddball,eegnet,4,0.4475651573051106
L311,1,0.3477122984826565,0.3481789380311966,20,oddball,eegnet,4,0.4475651573051106
L3113,0,0.410114892504432,0.402080237865448,22,oddball,eegnet,4,0.4475651573051106
L3121,0,0.3951354998609294,0.38281959295272827,23,oddball,eegnet,4,0.4475651573051106
L3124,0,0.4070511040362445,0.4115494042634964,22,oddball,eegnet,4,0.4475651573051106
L3126,0,0.5034632503986358,0.5100670456886292,25,oddball,eegnet,4,0.4475651573051106
L3131,0,0.612700095643168,0.6096526384353638,23,oddball,eegnet,4,0.4475651573051106
L3134,0,0.41996450066566465,0.4102718234062195,25,oddball,eegnet,4,0.4475651573051106
L3158,0,0.34713622368872166,0.3245347887277603,24,oddball,eegnet,4,0.4475651573051106
L3172,1,0.3163043010234833,0.31303584575653076,25,oddball,eegnet,4,0.4475651573051106
L3173,0,0.38956154346466065,0.3678721487522125,25,oddball,eegnet,4,0.4475651573051106
L3179,0,0.398301842212677,0.3915919363498688,25,oddball,eegnet,4,0.4475651573051106
L3194,0,0.4783134985537756,0.4889029264450073,21,oddball,eegnet,4,0.4475651573051106
L3196,0,0.43208247694102203,0.44235146045684814,22,oddball,eegnet,4,0.4475651573051106
L3201,0,0.3449015295819232,0.3531494736671448,19,oddball,eegnet,4,0.4475651573051106
L3202,0,0.4373763418197632,0.4320995509624481,25,oddball,eegnet,4,0.4475651573051106
L3203,1,0.36365614192826407,0.35971367359161377,21,oddball,eegnet,4,0.4475651573051106
L3206,0,0.45445995926856997,0.44415152072906494,25,oddball,eegnet,4,0.4475651573051106
L3207,0,0.35038608064254123,0.34159404039382935,24,oddball,eegnet,4,0.4475651573051106
L3210,0,0.326215478181839,0.31703683733940125,25,oddball,eegnet,4,0.4475651573051106
L330,0,0.5587573206943014,0.5756420493125916,23,oddball,eegnet,4,0.4475651573051106
L3409,0,0.4434740102291107,0.452180951833725,25,oddball,eegnet,4,0.4475651573051106
L344,1,0.3546891638210842,0.3529839813709259,21,oddball,eegnet,4,0.4475651573051106
L3446,1,0.32238546311855315,0.32634466886520386,25,oddball,eegnet,4,0.4475651573051106
L345,0,0.4546127438545227,0.445739209651947,25,oddball,eegnet,4,0.4475651573051106
L3464,0,0.2839883782941362,0.27231717109680176,23,oddball,eegnet,4,0.4475651573051106
L3467,0,0.5739971200625101,0.59268519282341,24,oddball,eegnet,4,0.4475651573051106
L3478,0,0.38211615925485437,0.3778507560491562,22,oddball,eegnet,4,0.4475651573051106
L3501,0,0.4752201475203037,0.4572838842868805,24,oddball,eegnet,4,0.4475651573051106
L3509,0,0.5525807787974676,0.5457308888435364,24,oddball,eegnet,4,0.4475651573051106
L3510,1,0.527846132516861,0.5502830743789673,25,oddball,eegnet,4,0.4475651573051106
L3520,1,0.4932934975624084,0.48765259981155396,25,oddball,eegnet,4,0.4475651573051106
L3522,1,0.5238100091616312,0.5147262811660767,24,oddball,eegnet,4,0.4475651573051106
L3528,0,0.5455456167459488,0.5356070101261139,20,oddball,eegnet,4,0.4475651573051106
L3530,1,0.44156050324440005,0.4477117359638214,25,oddball,eegnet,4,0.4475651573051106
L3531,1,0.5361695766448975,0.5424798727035522,25,oddball,eegnet,4,0.4475651573051106
L3534,1,0.5272481596469879,0.5314247608184814,25,oddball,eegnet,4,0.4475651573051106
L3543,0,0.5836848759132883,0.5905311107635498,23,oddball,eegnet,4,0.4475651573051106
L3550,0,0.5189733505249023,0.5085261911153793,20,oddball,eegnet,4,0.4475651573051106
L3552,1,0.3020222543374352,0.2816595435142517,23,oddball,eegnet,4,0.4475651573051106
L3555,0,0.4616355833907922,0.4760993868112564,24,oddball,eegnet,4,0.4475651573051106
L3562,0,0.4412466883659363,0.43719927966594696,18,oddball,eegnet,4,0.4475651573051106
L3563,0,0.5050619256496429,0.47739964723587036,25,oddball,eegnet,4,0.4475651573051106
L3573,0,0.549951114654541,0.5481178164482117,25,oddball,eegnet,4,0.4475651573051106
L3584,1,0.605904201666514,0.594807505607605,24,oddball,eegnet,4,0.4475651573051106
L3586,0,0.6435686779022217,0.6418418884277344,25,oddball,eegnet,4,0.4475651573051106
L3591,1,0.4308965541422367,0.4209514558315277,24,oddball,eegnet,4,0.4475651573051106
L3595,0,0.494598206281662,0.5019819140434265,25,oddball,eegnet,4,0.4475651573051106
L3597,0,0.49811449522773427,0.4876564294099808,24,oddball,eegnet,4,0.4475651573051106
L36,0,0.4737595532621656,0.4723260998725891,21,oddball,eegnet,4,0.4475651573051106
L3600,1,0.6597081770499548,0.6685427725315094,24,oddball,eegnet,4,0.4475651573051106
L3603,1,0.5675472688674926,0.5488128066062927,25,oddball,eegnet,4,0.4475651573051106
L3614,0,0.5335743010044098,0.5285170078277588,25,oddball,eegnet,4,0.4475651573051106
L3618,1,0.390500368475914,0.4218616783618927,25,oddball,eegnet,4,0.4475651573051106
L3625,0,0.6841935515403748,0.6982169151306152,23,oddball,eegnet,4,0.4475651573051106
L3630,0,0.4176280616472165,0.4033769816160202,24,oddball,eegnet,4,0.4475651573051106
L3643,1,0.3973473048210144,0.4037957489490509,25,oddball,eegnet,4,0.4475651573051106
L3650,1,0.368947901725769,0.3546939790248871,25,oddball,eegnet,4,0.4475651573051106
L3653,1,0.5943160925222479,0.6073887348175049,23,oddball,eegnet,4,0.4475651573051106
L3660,1,0.43901332378387453,0.42460015416145325,25,oddball,eegnet,4,0.4475651573051106
L3666,1,0.6722934341430664,0.6787803769111633,25,oddball,eegnet,4,0.4475651573051106
L3672,0,0.4661956369876862,0.4718734622001648,25,oddball,eegnet,4,0.4475651573051106
L3674,0,0.3847526013851166,0.37454259395599365,25,oddball,eegnet,4,0.4475651573051106
L3679,1,0.3618990963697433,0.3218397796154022,25,oddball,eegnet,4,0.4475651573051106
L3680,1,0.4783034443855286,0.4856593906879425,25,oddball,eegnet,4,0.4475651573051106
L3681,0,0.589660719037056,0.584428071975708,24,oddball,eegnet,4,0.4475651573051106
L3682,0,0.5035702896118164,0.5152215957641602,25,oddball,eegnet,4,0.4475651573051106
L3683,0,0.5475682485103607,0.5698003172874451,25,oddball,eegnet,4,0.4475651573051106
L3685,1,0.4813035900394122,0.46733735501766205,24,oddball,eegnet,4,0.4475651573051106
L3686,1,0.37218359172344206,0.35129544138908386,25,oddball,eegnet,4,0.4475651573051106
L3689,1,0.4594577419757843,0.4619913399219513,25,oddball,eegnet,4,0.4475651573051106
L3704,0,0.5458128944039344,0.5286595225334167,20,oddball,eegnet,4,0.4475651573051106
L3706,0,0.42486704140901566,0.4386650323867798,24,oddball,eegnet,4,0.4475651573051106
L3713,0,0.4752019502614674,0.4507397711277008,19,oddball,eegnet,4,0.4475651573051106
L3723,1,0.5573974549770355,0.5327872335910797,22,oddball,eegnet,4,0.4475651573051106
L3726,1,0.4332118695196898,0.43847814202308655,23,oddball,eegnet,4,0.4475651573051106
L3731,1,0.6430094378689925,0.6440835893154144,24,oddball,eegnet,4,0.4475651573051106
L3744,0,0.3082109534492095,0.3009198009967804,24,oddball,eegnet,4,0.4475651573051106
L3762,0,0.374358594417572,0.3676619380712509,24,oddball,eegnet,4,0.4475651573051106
L3946,0,0.5631594468246807,0.5714046955108643,22,oddball,eegnet,4,0.4475651573051106
L3948,0,0.392186240716414,0.3996061235666275,22,oddball,eegnet,4,0.4475651573051106
L3952,0,0.499033246351325,0.5041731595993042,23,oddball,eegnet,4,0.4475651573051106
L3964,1,0.3917311156789462,0.3854528218507767,24,oddball,eegnet,4,0.4475651573051106
L3971,0,0.6168749073277349,0.5960096120834351,23,oddball,eegnet,4,0.4475651573051106
L3974,1,0.44258388593083337,0.44689637422561646,21,oddball,eegnet,4,0.4475651573051106
L3975,1,0.4678709387779236,0.4597998261451721,25,oddball,eegnet,4,0.4475651573051106
L3981,1,0.49815072243412334,0.4980996400117874,24,oddball,eegnet,4,0.4475651573051106
L3993,0,0.5416890531778336,0.5488060712814331,24,oddball,eegnet,4,0.4475651573051106
L3994,0,0.5445950527985891,0.5669955611228943,24,oddball,eegnet,4,0.4475651573051106
L3999,0,0.48081354796886444,0.4726703464984894,24,oddball,eegnet,4,0.4475651573051106
L4009,0,0.4200442938700966,0.40885981917381287,23,oddball,eegnet,4,0.4475651573051106
L4010,0,0.6061102607670952,0.6140516102313995,34,oddball,eegnet,4,0.4475651573051106
L4013,0,0.36281695775687695,0.3514876663684845,24,oddball,eegnet,4,0.4475651573051106
L4018,1,0.45861453465793445,0.46391719579696655,23,oddball,eegnet,4,0.4475651573051106
L4046,1,0.3932065099477768,0.39990290999412537,25,oddball,eegnet,4,0.4475651573051106
L4055,0,0.4862067115306854,0.46663138270378113,25,oddball,eegnet,4,0.4475651573051106
L4080,0,0.5394284489254156,0.540296345949173,24,oddball,eegnet,4,0.4475651573051106
L4085,0,0.4813893532752991,0.4657670557498932,25,oddball,eegnet,4,0.4475651573051106
L4088,1,0.5966769158840179,0.5956642031669617,21,oddball,eegnet,4,0.4475651573051106
L4090,0,0.5619852393865585,0.5702703297138214,18,oddball,eegnet,4,0.4475651573051106
L4096,0,0.560760508775711,0.5806445479393005,25,oddball,eegnet,4,0.4475651573051106
L4098,1,0.45016973912715913,0.452145591378212,10,oddball,eegnet,4,0.4475651573051106
L4099,0,0.605863527059555,0.5963477492332458,25,oddball,eegnet,4,0.4475651573051106
L4102,0,0.584110955397288,0.5864565968513489,18,oddball,eegnet,4,0.4475651573051106
L416,0,0.41603757441043854,0.4210135489702225,20,oddball,eegnet,4,0.4475651573051106
L4191,1,0.5131235826015472,0.5059356689453125,25,oddball,eegnet,4,0.4475651573051106
L4200,0,0.5020674670284445,0.5028465092182159,22,oddball,eegnet,4,0.4475651573051106
L4205,0,0.4763342504915984,0.46598365902900696,23,oddball,eegnet,4,0.4475651573051106
L4212,1,0.4020879560460647,0.41036635637283325,24,oddball,eegnet,4,0.4475651573051106
L4229,0,0.45517380457175405,0.45791593194007874,19,oddball,eegnet,4,0.4475651573051106
L4237,0,0.45911027426305023,0.4568324089050293,23,oddball,eegnet,4,0.4475651573051106
L4252,1,0.5472041916847229,0.5428854823112488,25,oddball,eegnet,4,0.4475651573051106
L4263,0,0.41883427079986124,0.44239041209220886,17,oddball,eegnet,4,0.4475651573051106
L4268,0,0.4094485795746247,0.41249795258045197,24,oddball,eegnet,4,0.4475651573051106
L4269,0,0.48691037864912123,0.45642486214637756,21,oddball,eegnet,4,0.4475651573051106
L4281,1,0.5364709222316741,0.5284547209739685,25,oddball,eegnet,4,0.4475651573051106
L4289,0,0.5101285922527313,0.5289023518562317,25,oddball,eegnet,4,0.4475651573051106
L429,0,0.4715390145778656,0.4541145861148834,25,oddball,eegnet,4,0.4475651573051106
L4295,0,0.495751601728526,0.474667027592659,22,oddball,eegnet,4,0.4475651573051106
L4301,0,0.3260807055234909,0.32413801550865173,25,oddball,eegnet,4,0.4475651573051106
L4302,1,0.47571939110755923,0.4653458893299103,25,oddball,eegnet,4,0.4475651573051106
L4303,0,0.40801108142604,0.4213188886642456,23,oddball,eegnet,4,0.4475651573051106
L431,0,0.5341208986938,0.5537490844726562,24,oddball,eegnet,4,0.4475651573051106
L4313,1,0.44987630437720905,0.46677324175834656,22,oddball,eegnet,4,0.4475651573051106
L4318,0,0.5708882038791975,0.5664140284061432,24,oddball,eegnet,4,0.4475651573051106
L4336,0,0.34661492332816124,0.34921894967556,20,oddball,eegnet,4,0.4475651573051106
L4339,0,0.4698268932600816,0.4636986255645752,24,oddball,eegnet,4,0.4475651573051106
L4341,1,0.6125200675881427,0.6234918832778931,23,oddball,eegnet,4,0.4475651573051106
L4349,0,0.6045898270606994,0.606795072555542,25,oddball,eegnet,4,0.4475651573051106
L4354,0,0.37308990890565125,0.3808876872062683,23,oddball,eegnet,4,0.4475651573051106
L4359,1,0.5116199031472206,0.5296491980552673,20,oddball,eegnet,4,0.4475651573051106
L436,0,0.3737734167472176,0.3738750219345093,23,oddball,eegnet,4,0.4475651573051106
L4361,1,0.4696361482143402,0.4641738384962082,20,oddball,eegnet,4,0.4475651573051106
L4363,0,0.4886366512094225,0.49446868896484375,21,oddball,eegnet,4,0.4475651573051106
L4367,0,0.576206101179123,0.5602342486381531,25,oddball,eegnet,4,0.4475651573051106
L4368,1,0.4669013303868911,0.4658726751804352,17,oddball,eegnet,4,0.4475651573051106
L4379,1,0.4169098511338234,0.4233580678701401,20,oddball,eegnet,4,0.4475651573051106
L4388,0,0.5663152539730072,0.5589526891708374,25,oddball,eegnet,4,0.4475651573051106
L4392,0,0.4402116048336029,0.43933436274528503,25,oddball,eegnet,4,0.4475651573051106
L4397,0,0.5015612790981928,0.5249726176261902,12,oddball,eegnet,4,0.4475651573051106
L4398,1,0.5032171788422958,0.4971577227115631,23,oddball,eegnet,4,0.4475651573051106
L4401,0,0.5023796192624352,0.4890233278274536,22,oddball,eegnet,4,0.4475651573051106
L4409,0,0.38959568868512695,0.3916584551334381,23,oddball,eegnet,4,0.4475651573051106
L4422,0,0.4796683770418167,0.49691781401634216,25,oddball,eegnet,4,0.4475651573051106
L4423,1,0.5654677167534828,0.555620402097702,20,oddball,eegnet,4,0.4475651573051106
L4429,0,0.445535010099411,0.4477083384990692,25,oddball,eegnet,4,0.4475651573051106
L4433,0,0.6209662246704102,0.6507136225700378,25,oddball,eegnet,4,0.4475651573051106
L4437,0,0.5143875205203107,0.5508569478988647,19,oddball,eegnet,4,0.4475651573051106
L4440,1,0.5081607258838156,0.4997420310974121,23,oddball,eegnet,4,0.4475651573051106
L4441,1,0.5760570541024208,0.5844756960868835,20,oddball,eegnet,4,0.4475651573051106
L4455,0,0.5133976367386904,0.519180566072464,22,oddball,eegnet,4,0.4475651573051106
L446,0,0.4319888800382614,0.4049018770456314,24,oddball,eegnet,4,0.4475651573051106
L4464,1,0.6579085290431976,0.6656825244426727,24,oddball,eegnet,4,0.4475651573051106
L4474,0,0.5016998517513275,0.5028703212738037,25,oddball,eegnet,4,0.4475651573051106
L448,0,0.483740895986557,0.48828595876693726,24,oddball,eegnet,4,0.4475651573051106
L4483,1,0.4219495069980621,0.41562432050704956,25,oddball,eegnet,4,0.4475651573051106
L4486,1,0.5089058911800385,0.4857627749443054,25,oddball,eegnet,4,0.4475651573051106
L4487,0,0.4606204168363051,0.44573238492012024,22,oddball,eegnet,4,0.4475651573051106
L4496,0,0.5729693472385406,0.5595746338367462,20,oddball,eegnet,4,0.4475651573051106
L4497,1,0.5060431218665579,0.49017035961151123,23,oddball,eegnet,4,0.4475651573051106
L451,0,0.5045412306984266,0.5056837499141693,24,oddball,eegnet,4,0.4475651573051106
L4519,1,0.3835911697149277,0.3740442991256714,25,oddball,eegnet,4,0.4475651573051106
L4533,1,0.5183928335706393,0.526279479265213,24,oddball,eegnet,4,0.4475651573051106
L4534,0,0.5350170992314816,0.539632648229599,24,oddball,eegnet,4,0.4475651573051106
L4548,1,0.37899008331199485,0.37909817695617676,24,oddball,eegnet,4,0.4475651573051106
L4554,0,0.46549747049808504,0.47966182231903076,25,oddball,eegnet,4,0.4475651573051106
L456,0,0.4827811395128568,0.5051773488521576,24,oddball,eegnet,4,0.4475651573051106
L4582,0,0.548855048418045,0.5421400666236877,25,oddball,eegnet,4,0.4475651573051106
L4584,1,0.3923116953749406,0.3460330069065094,19,oddball,eegnet,4,0.4475651573051106
L4585,0,0.4494202608863513,0.44140923023223877,24,oddball,eegnet,4,0.4475651573051106
L4586,1,0.35127596038839093,0.3602025806903839,23,oddball,eegnet,4,0.4475651573051106
L4605,0,0.5706899247386239,0.5710112452507019,22,oddball,eegnet,4,0.4475651573051106
L494,0,0.4168746088232313,0.4077276289463043,21,oddball,eegnet,4,0.4475651573051106
L498,1,0.56561307821955,0.5461587309837341,21,oddball,eegnet,4,0.4475651573051106
L504,0,0.4584934202333291,0.44951365888118744,24,oddball,eegnet,4,0.4475651573051106
L51,0,0.4140336246866929,0.4116831123828888,19,oddball,eegnet,4,0.4475651573051106
L517,0,0.4623607683181763,0.4510473906993866,25,oddball,eegnet,4,0.4475651573051106
L518,1,0.3992254614830017,0.4113229811191559,25,oddball,eegnet,4,0.4475651573051106
L523,1,0.4355359959602356,0.42130279541015625,25,oddball,eegnet,4,0.4475651573051106
L524,1,0.5123881614208221,0.5141886472702026,25,oddball,eegnet,4,0.4475651573051106
L53,1,0.5686637080378003,0.5650762915611267,18,oddball,eegnet,4,0.4475651573051106
L531,0,0.44373929262161255,0.43647584319114685,25,oddball,eegnet,4,0.4475651573051106
L540,1,0.6635875776410103,0.6575758457183838,24,oddball,eegnet,4,0.4475651573051106
L556,0,0.4044737982749939,0.40785521268844604,25,oddball,eegnet,4,0.4475651573051106
L558,0,0.4111997187137604,0.4448070526123047,23,oddball,eegnet,4,0.4475651573051106
L559,1,0.41577333271503447,0.4008663594722748,25,oddball,eegnet,4,0.4475651573051106
L563,0,0.3972987794876099,0.38020825386047363,25,oddball,eegnet,4,0.4475651573051106
L568,0,0.4118184589821359,0.39511725306510925,23,oddball,eegnet,4,0.4475651573051106
L573,1,0.3485938881834348,0.342120885848999,24,oddball,eegnet,4,0.4475651573051106
L576,0,0.4154227805137634,0.40906772017478943,25,oddball,eegnet,4,0.4475651573051106
L577,0,0.4377448571225007,0.44764794409275055,24,oddball,eegnet,4,0.4475651573051106
L588,0,0.5056756973266602,0.4842764735221863,25,oddball,eegnet,4,0.4475651573051106
L605,0,0.42563756585121154,0.41290342807769775,25,oddball,eegnet,4,0.4475651573051106
L610,0,0.5067737737427587,0.5445340275764465,23,oddball,eegnet,4,0.4475651573051106
L617,0,0.4735990405082703,0.4854383170604706,25,oddball,eegnet,4,0.4475651573051106
L619,1,0.3995475900173187,0.40423205494880676,25,oddball,eegnet,4,0.4475651573051106
L626,0,0.569176177183787,0.5707104802131653,24,oddball,eegnet,4,0.4475651573051106
L630,0,0.4495272363225619,0.4489465355873108,24,oddball,eegnet,4,0.4475651573051106
L631,0,0.5098521502121635,0.5066434741020203,23,oddball,eegnet,4,0.4475651573051106
L636,0,0.41712043682734173,0.42918163537979126,24,oddball,eegnet,4,0.4475651573051106
L640,0,0.4230982888004054,0.43274304270744324,23,oddball,eegnet,4,0.4475651573051106
L641,0,0.4836012547214826,0.4793911427259445,24,oddball,eegnet,4,0.4475651573051106
L642,0,0.49956576466560365,0.49287447333335876,25,oddball,eegnet,4,0.4475651573051106
L680,0,0.4603789235864367,0.4574558734893799,21,oddball,eegnet,4,0.4475651573051106
L697,1,0.5895220732147043,0.5923740565776825,22,oddball,eegnet,4,0.4475651573051106
L7,0,0.3150550350546837,0.33332619071006775,8,oddball,eegnet,4,0.4475651573051106
L706,0,0.4610504925251007,0.44951096177101135,25,oddball,eegnet,4,0.4475651573051106
L716,0,0.46951692819595336,0.4638310968875885,25,oddball,eegnet,4,0.4475651573051106
L717,0,0.48015563130378724,0.47033393383026123,25,oddball,eegnet,4,0.4475651573051106
L724,1,0.44126513129786443,0.4517849385738373,19,oddball,eegnet,4,0.4475651573051106
L731,0,0.6339814985791842,0.6381758153438568,24,oddball,eegnet,4,0.4475651573051106
L736,0,0.5813508372415196,0.5815007984638214,22,oddball,eegnet,4,0.4475651573051106
L740,0,0.5249011181294918,0.5174332559108734,24,oddball,eegnet,4,0.4475651573051106
L741,0,0.574560486752054,0.5914199352264404,23,oddball,eegnet,4,0.4475651573051106
L742,0,0.5848309795061747,0.5786377191543579,24,oddball,eegnet,4,0.4475651573051106
L747,0,0.37632981936136883,0.37043555080890656,24,oddball,eegnet,4,0.4475651573051106
L751,0,0.5163577973842621,0.5114929676055908,20,oddball,eegnet,4,0.4475651573051106
L763,0,0.6145008179274473,0.6089893281459808,22,oddball,eegnet,4,0.4475651573051106
L765,1,0.44625559060469916,0.43178194761276245,23,oddball,eegnet,4,0.4475651573051106
L783,0,0.41712953733361285,0.4310155510902405,23,oddball,eegnet,4,0.4475651573051106
L786,0,0.5561827577295757,0.5443050265312195,21,oddball,eegnet,4,0.4475651573051106
L79,0,0.5219948254525661,0.5236923396587372,24,oddball,eegnet,4,0.4475651573051106
L816,0,0.26890612704058486,0.26996012032032013,24,oddball,eegnet,4,0.4475651573051106
L82,0,0.4958818331360817,0.48599638044834137,24,oddball,eegnet,4,0.4475651573051106
L820,1,0.45915970076685364,0.45606401562690735,23,oddball,eegnet,4,0.4475651573051106
L826,0,0.4821349248290062,0.4947725534439087,20,oddball,eegnet,4,0.4475651573051106
L839,0,0.5468361328045527,0.5711527168750763,24,oddball,eegnet,4,0.4475651573051106
L852,0,0.4091988490386443,0.3927159011363983,11,oddball,eegnet,4,0.4475651573051106
L855,1,0.6490351295471192,0.6585083603858948,25,oddball,eegnet,4,0.4475651573051106
L94,0,0.3384641002524983,0.3371393233537674,22,oddball,eegnet,4,0.4475651573051106
L96,0,0.5053248579303423,0.5006779581308365,24,oddball,eegnet,4,0.4475651573051106
L99,0,0.44543731927871705,0.44787493348121643,25,oddball,eegnet,4,0.4475651573051106
L106,1,0.5836525235487067,0.5974946618080139,23,oddball,eegnet,5,0.5143988534160282
L110,0,0.5764491373584384,0.5797956585884094,21,oddball,eegnet,5,0.5143988534160282
L113,0,0.6057001733779908,0.5750709176063538,25,oddball,eegnet,5,0.5143988534160282
L12,0,0.443790456900994,0.4480011314153671,24,oddball,eegnet,5,0.5143988534160282
L122,0,0.4864289319515228,0.48689618706703186,25,oddball,eegnet,5,0.5143988534160282
L124,0,0.5627385839819908,0.57127445936203,20,oddball,eegnet,5,0.5143988534160282
L1352,0,0.5331195878485838,0.5339877605438232,24,oddball,eegnet,5,0.5143988534160282
L1355,0,0.4463482596304106,0.43664345145225525,23,oddball,eegnet,5,0.5143988534160282
L1371,1,0.6298992755738172,0.6195667684078217,22,oddball,eegnet,5,0.5143988534160282
L1374,1,0.3941894819339116,0.38620616495609283,24,oddball,eegnet,5,0.5143988534160282
L1376,1,0.5899305033683777,0.6180008053779602,25,oddball,eegnet,5,0.5143988534160282
L1379,0,0.653228630622228,0.658305823802948,24,oddball,eegnet,5,0.5143988534160282
L138,0,0.42418485750322754,0.42895451188087463,23,oddball,eegnet,5,0.5143988534160282
L1380,0,0.4508269201306736,0.440056174993515,17,oddball,eegnet,5,0.5143988534160282
L1387,0,0.4032952928294738,0.39093898236751556,24,oddball,eegnet,5,0.5143988534160282
L1394,0,0.5123356865799945,0.5127021074295044,23,oddball,eegnet,5,0.5143988534160282
L1401,0,0.6181682646274567,0.6040760278701782,24,oddball,eegnet,5,0.5143988534160282
L1406,0,0.3533568900823593,0.36011677980422974,25,oddball,eegnet,5,0.5143988534160282
L1407,1,0.6029687407224075,0.6191226243972778,23,oddball,eegnet,5,0.5143988534160282
L1409,0,0.5452038198709488,0.5616901814937592,22,oddball,eegnet,5,0.5143988534160282
L1410,0,0.6208453256150951,0.6238083839416504,23,oddball,eegnet,5,0.5143988534160282
L1414,0,0.5737147149832352,0.588649570941925,23,oddball,eegnet,5,0.5143988534160282
L1428,1,0.5397761678695678,0.5284494757652283,25,oddball,eegnet,5,0.5143988534160282
L1442,0,0.6955819617618214,0.6933819055557251,22,oddball,eegnet,5,0.5143988534160282
L1451,0,0.49825761370036914,0.5071956515312195,23,oddball,eegnet,5,0.5143988534160282
L1454,1,0.4554947039910725,0.43775302171707153,21,oddball,eegnet,5,0.5143988534160282
L1456,0,0.4030859661102295,0.3957250416278839,25,oddball,eegnet,5,0.5143988534160282
L1467,0,0.5225664858634655,0.5203904509544373,13,oddball,eegnet,5,0.5143988534160282
L1476,0,0.6470155864953995,0.6377090215682983,20,oddball,eegnet,5,0.5143988534160282
L1477,0,0.49686246116956073,0.523235410451889,24,oddball,eegnet,5,0.5143988534160282
L148,1,0.6233885931968689,0.6144153475761414,25,oddball,eegnet,5,0.5143988534160282
L1483,1,0.5713287852704525,0.5713505148887634,24,oddball,eegnet,5,0.5143988534160282
L1494,1,0.41578612526257835,0.4020664393901825,15,oddball,eegnet,5,0.5143988534160282
L1495,1,0.5205539488792419,0.5139111280441284,25,oddball,eegnet,5,0.5143988534160282
L150,0,0.47162285447120667,0.49102993309497833,20,oddball,eegnet,5,0.5143988534160282
L1506,1,0.5105407160261403,0.50822514295578,23,oddball,eegnet,5,0.5143988534160282
L1509,0,0.5723131382465363,0.5849668383598328,25,oddball,eegnet,5,0.5143988534160282
L1512,1,0.5109579066435496,0.5189234614372253,21,oddball,eegnet,5,0.5143988534160282
L1516,1,0.6250493733779244,0.6222923398017883,23,oddball,eegnet,5,0.5143988534160282
L1521,1,0.5744765441526066,0.5519558787345886,22,oddball,eegnet,5,0.5143988534160282
L1545,1,0.5793168771266938,0.5788931250572205,25,oddball,eegnet,5,0.5143988534160282
L1547,1,0.5241100924710432,0.5453968048095703,24,oddball,eegnet,5,0.5143988534160282
L1548,1,0.601092336177826,0.6089138388633728,25,oddball,eegnet,5,0.5143988534160282
L1552,0,0.5769883000850677,0.5740209817886353,25,oddball,eegnet,5,0.5143988534160282
L1553,0,0.354599766433239,0.3337983340024948,24,oddball,eegnet,5,0.5143988534160282
L1568,0,0.5748790311813354,0.5611984133720398,25,oddball,eegnet,5,0.5143988534160282
L1575,0,0.4131512952887494,0.3978153169155121,23,oddball,eegnet,5,0.5143988534160282
L1576,0,0.6238456300713799,0.6420166194438934,22,oddball,eegnet,5,0.5143988534160282
L1579,0,0.6129937732219696,0.6067831516265869,25,oddball,eegnet,5,0.5143988534160282
L1583,0,0.5360328590869904,0.5217109322547913,25,oddball,eegnet,5,0.5143988534160282
L159,0,0.5945770466327667,0.587169349193573,25,oddball,eegnet,5,0.5143988534160282
L1596,0,0.6018165457248688,0.5864917635917664,25,oddball,eegnet,5,0.5143988534160282
L1597,1,0.42272556722164156,0.4252745658159256,20,oddball,eegnet,5,0.5143988534160282
L1600,0,0.5664226797719797,0.564471960067749,24,oddball,eegnet,5,0.5143988534160282
L1604,1,0.678070526231419,0.6897282600402832,22,oddball,eegnet,5,0.5143988534160282
L1624,1,0.45455219596624374,0.434420570731163,24,oddball,eegnet,5,0.5143988534160282
L1630,0,0.4744055554270744,0.4814356118440628,20,oddball,eegnet,5,0.5143988534160282
L1635,0,0.3668771768393724,0.3805946707725525,23,oddball,eegnet,5,0.5143988534160282
L1636,0,0.5678667686879635,0.5906559228897095,24,oddball,eegnet,5,0.5143988534160282
L1650,0,0.6029639112949371,0.6053321361541748,25,oddball,eegnet,5,0.5143988534160282
L1652,0,0.5466106510162354,0.5435866117477417,25,oddball,eegnet,5,0.5143988534160282
L1677,1,0.5688325607776642,0.5854226350784302,25,oddball,eegnet,5,0.5143988534160282
L1688,1,0.5788533228139082,0.5859639346599579,24,oddball,eegnet,5,0.5143988534160282
L1697,0,0.3427743782167849,0.31761568784713745,23,oddball,eegnet,5,0.5143988534160282
L17,1,0.47302890941500664,0.4664365351200104,24,oddball,eegnet,5,0.5143988534160282
L1709,1,0.46205858637889224,0.4589524418115616,24,oddball,eegnet,5,0.5143988534160282
L1712,0,0.3771732034890548,0.37942564487457275,23,oddball,eegnet,5,0.5143988534160282
L1714,0,0.6101285542050997,0.6107725501060486,24,oddball,eegnet,5,0.5143988534160282
L1718,0,0.5465412230595298,0.5509998798370361,23,oddball,eegnet,5,0.5143988534160282
L1720,0,0.5306677312954612,0.5508068799972534,23,oddball,eegnet,5,0.5143988534160282
L1722,1,0.3258466824889183,0.3249202221632004,20,oddball,eegnet,5,0.5143988534160282
L1734,0,0.381133171916008,0.3959530293941498,25,oddball,eegnet,5,0.5143988534160282
L1740,0,0.5844060130741285,0.5991498827934265,23,oddball,eegnet,5,0.5143988534160282
L1743,0,0.5052511131763459,0.5133359432220459,25,oddball,eegnet,5,0.5143988534160282
L1746,1,0.5274351577867161,0.5363973081111908,22,oddball,eegnet,5,0.5143988534160282
L1749,1,0.44311712741851805,0.4291030764579773,25,oddball,eegnet,5,0.5143988534160282
L175,0,0.5557073898937391,0.5514928698539734,23,oddball,eegnet,5,0.5143988534160282
L1756,0,0.3801961535215378,0.37349480390548706,25,oddball,eegnet,5,0.5143988534160282
L1761,1,0.3880996462844667,0.39179638028144836,21,oddball,eegnet,5,0.5143988534160282
L1771,1,0.5256432330608368,0.5477352738380432,25,oddball,eegnet,5,0.5143988534160282
L1773,1,0.48448035679757595,0.49116432666778564,24,oddball,eegnet,5,0.5143988534160282
L1783,0,0.4151486492156982,0.40299728512763977,25,oddball,eegnet,5,0.5143988534160282
L1795,0,0.47565171420574187,0.48457084596157074,20,oddball,eegnet,5,0.5143988534160282
L1802,1,0.524421364068985,0.5338870882987976,25,oddball,eegnet,5,0.5143988534160282
L1807,0,0.5663054025173188,0.5826475620269775,25,oddball,eegnet,5,0.5143988534160282
L1821,0,0.4783894071976344,0.47299401462078094,24,oddball,eegnet,5,0.5143988534160282
L1842,0,0.617913679434703,0.6348454356193542,13,oddball,eegnet,5,0.5143988534160282
L1848,0,0.5305755002932115,0.5354893505573273,22,oddball,eegnet,5,0.5143988534160282
L1851,1,0.5564455712834994,0.5478584468364716,24,oddball,eegnet,5,0.5143988534160282
L1855,1,0.5358842241764069,0.5495365262031555,25,oddball,eegnet,5,0.5143988534160282
L1856,1,0.650528225031766,0.6586857736110687,22,oddball,eegnet,5,0.5143988534160282
L1859,1,0.49239564190308255,0.4937010556459427,24,oddball,eegnet,5,0.5143988534160282
L186,0,0.6322555154561996,0.6428031027317047,20,oddball,eegnet,5,0.5143988534160282
L1860,0,0.45114696803300275,0.461028128862381,23,oddball,eegnet,5,0.5143988534160282
L1867,0,0.7886481881141663,0.7886481881141663,1,oddball,eegnet,5,0.5143988534160282
L187,0,0.40895263519552016,0.4267124682664871,18,oddball,eegnet,5,0.5143988534160282
L1871,1,0.684847161821697,0.6921151876449585,23,oddball,eegnet,5,0.5143988534160282
L1883,0,0.6313221305608749,0.6223593652248383,12,oddball,eegnet,5,0.5143988534160282
L1891,0,0.46764731536740844,0.46591052412986755,23,oddball,eegnet,5,0.5143988534160282
L1895,0,0.6001648864020472,0.5983229875564575,23,oddball,eegnet,5,0.5143988534160282
L1910,1,0.6847455170419481,0.6893634498119354,18,oddball,eegnet,5,0.5143988534160282
L192,1,0.6008685334869053,0.5960232615470886,23,oddball,eegnet,5,0.5143988534160282
L194,1,0.6919349829355875,0.6890722513198853,24,oddball,eegnet,5,0.5143988534160282
L195,0,0.3506622835993767,0.34594231843948364,22,oddball,eegnet,5,0.5143988534160282
L198,0,0.6612256069978079,0.65423583984375,9,oddball,eegnet,5,0.5143988534160282
L200,0,0.6627172589302063,0.6826198697090149,25,oddball,eegnet,5,0.5143988534160282
L206,1,0.5577704215049744,0.5686079263687134,25,oddball,eegnet,5,0.5143988534160282
L208,0,0.5138343889266253,0.4948515444993973,16,oddball,eegnet,5,0.5143988534160282
L209,0,0.6088056337833404,0.6271352767944336,25,oddball,eegnet,5,0.5143988534160282
L223,0,0.5911433411681134,0.5937758684158325,23,oddball,eegnet,5,0.5143988534160282
L226,0,0.439353767161568,0.4429048001766205,24,oddball,eegnet,5,0.5143988534160282
L242,0,0.5406843920548757,0.5427205860614777,24,oddball,eegnet,5,0.5143988534160282
L244,1,0.5572884298033185,0.5537396371364594,18,oddball,eegnet,5,0.5143988534160282
L248,0,0.5232574605941772,0.527941107749939,25,oddball,eegnet,5,0.5143988534160282
L249,0,0.5137536034864538,0.4941416382789612,17,oddball,eegnet,5,0.5143988534160282
L2499,0,0.5620146894996817,0.5798221826553345,22,oddball,eegnet,5,0.5143988534160282
L251,1,0.6153125450724647,0.6335490942001343,21,oddball,eegnet,5,0.5143988534160282
L2511,0,0.406780398140351,0.4101678282022476,24,oddball,eegnet,5,0.5143988534160282
L2514,0,0.6510706067085266,0.6511816382408142,25,oddball,eegnet,5,0.5143988534160282
L2524,0,0.8834278416633606,0.9008750319480896,25,oddball,eegnet,5,0.5143988534160282
L2527,0,0.77003990650177,0.7738099098205566,25,oddball,eegnet,5,0.5143988534160282
L2528,1,0.5701161536077658,0.5567994117736816,24,oddball,eegnet,5,0.5143988534160282
L2533,1,0.5115513153698134,0.5068023800849915,23,oddball,eegnet,5,0.5143988534160282
L2534,0,0.6382530677318573,0.6378781795501709,25,oddball,eegnet,5,0.5143988534160282
L257,1,0.5458039561907451,0.5491939187049866,15,oddball,eegnet,5,0.5143988534160282
L2570,1,0.4453481522699197,0.4390655755996704,24,oddball,eegnet,5,0.5143988534160282
L2571,0,0.4674505031108856,0.4721119999885559,25,oddball,eegnet,5,0.5143988534160282
L2580,0,0.47596222286423046,0.48095090687274933,24,oddball,eegnet,5,0.5143988534160282
L2581,0,0.4233390766641368,0.4283778965473175,23,oddball,eegnet,5,0.5143988534160282
L2584,0,0.43536327898502347,0.44933873414993286,25,oddball,eegnet,5,0.5143988534160282
L2586,0,0.6042141711711884,0.5952962636947632,25,oddball,eegnet,5,0.5143988534160282
L2608,1,0.43274062871932983,0.4362260550260544,20,oddball,eegnet,5,0.5143988534160282
L2623,0,0.2781560207190721,0.2690126299858093,23,oddball,eegnet,5,0.5143988534160282
L2635,1,0.4673585855960846,0.47645556926727295,25,oddball,eegnet,5,0.5143988534160282
L2637,1,0.4135617359230916,0.4289672076702118,24,oddball,eegnet,5,0.5143988534160282
L2645,1,0.55192463805801,0.5119296312332153,19,oddball,eegnet,5,0.5143988534160282
L2648,0,0.42257338762283325,0.4424036145210266,21,oddball,eegnet,5,0.5143988534160282
L2649,0,0.6818068971236547,0.6827398836612701,24,oddball,eegnet,5,0.5143988534160282
L2650,0,0.5497742307186126,0.5202866792678833,25,oddball,eegnet,5,0.5143988534160282
L2653,0,0.5613823992510637,0.5580976009368896,24,oddball,eegnet,5,0.5143988534160282
L2657,0,0.5534136593341827,0.5624883770942688,24,oddball,eegnet,5,0.5143988534160282
L2665,0,0.519821417828401,0.5365886390209198,24,oddball,eegnet,5,0.5143988534160282
L2667,0,0.42326681769412494,0.422091007232666,23,oddball,eegnet,5,0.5143988534160282
L2668,0,0.6393876783549786,0.6387254893779755,24,oddball,eegnet,5,0.5143988534160282
L2675,0,0.3445766133069992,0.339399516582489,25,oddball,eegnet,5,0.5143988534160282
L2692,0,0.6023294830322266,0.6156941652297974,25,oddball,eegnet,5,0.5143988534160282
L2708,0,0.5508667764564356,0.5653647780418396,24,oddball,eegnet,5,0.5143988534160282
L2709,1,0.44867434600989026,0.46241524815559387,18,oddball,eegnet,5,0.5143988534160282
L2715,0,0.5834663406662319,0.5900244116783142,23,oddball,eegnet,5,0.5143988534160282
L2722,0,0.4286709922552109,0.44732847809791565,25,oddball,eegnet,5,0.5143988534160282
L2730,0,0.5729419805786826,0.5637179017066956,22,oddball,eegnet,5,0.5143988534160282
L2738,1,0.4290674577156703,0.43076860904693604,24,oddball,eegnet,5,0.5143988534160282
L2758,0,0.5676650689406828,0.5778364539146423,22,oddball,eegnet,5,0.5143988534160282
L2761,1,0.5493961411217848,0.5347599685192108,24,oddball,eegnet,5,0.5143988534160282
L2773,0,0.5509476396052734,0.5330009460449219,23,oddball,eegnet,5,0.5143988534160282
L2778,0,0.5123797419170538,0.5131593197584152,24,oddball,eegnet,5,0.5143988534160282
L2786,0,0.5904957056045532,0.6022108197212219,23,oddball,eegnet,5,0.5143988534160282
L2787,0,0.5977995896339416,0.6029922962188721,25,oddball,eegnet,5,0.5143988534160282
L2789,0,0.4854287278652191,0.47729888558387756,25,oddball,eegnet,5,0.5143988534160282
L279,1,0.3905568033456802,0.39740774035453796,25,oddball,eegnet,5,0.5143988534160282
L2799,0,0.7464571247498194,0.7456441521644592,24,oddball,eegnet,5,0.5143988534160282
L2803,0,0.45889217779040337,0.4598224312067032,24,oddball,eegnet,5,0.5143988534160282
L2805,1,0.4663093214233716,0.45492540299892426,24,oddball,eegnet,5,0.5143988534160282
L2808,0,0.489341630289952,0.5028509050607681,24,oddball,eegnet,5,0.5143988534160282
L2809,1,0.48246113372885663,0.4822041094303131,23,oddball,eegnet,5,0.5143988534160282
L2814,0,0.5324760270118714,0.5642719864845276,25,oddball,eegnet,5,0.5143988534160282
L2823,0,0.6367007732391358,0.646364152431488,25,oddball,eegnet,5,0.5143988534160282
L2830,0,0.49680883169174195,0.4892067313194275,25,oddball,eegnet,5,0.5143988534160282
L2835,0,0.5616170275211334,0.5647203326225281,25,oddball,eegnet,5,0.5143988534160282
L2838,0,0.6826609671115875,0.6814826726913452,24,oddball,eegnet,5,0.5143988534160282
L2844,0,0.3687937350736724,0.3866076320409775,18,oddball,eegnet,5,0.5143988534160282
L2845,0,0.6218490548755812,0.6138505339622498,23,oddball,eegnet,5,0.5143988534160282
L2846,0,0.47229883447289467,0.4658743888139725,24,oddball,eegnet,5,0.5143988534160282
L2849,0,0.5067750533421834,0.5080723166465759,15,oddball,eegnet,5,0.5143988534160282
L2851,0,0.5250593783954779,0.5337800085544586,24,oddball,eegnet,5,0.5143988534160282
L2855,0,0.5345431074500084,0.532679408788681,20,oddball,eegnet,5,0.5143988534160282
L2867,1,0.4522599004782163,0.4638480544090271,26,oddball,eegnet,5,0.5143988534160282
L2868,0,0.3357929086685181,0.32152238488197327,25,oddball,eegnet,5,0.5143988534160282
L2879,0,0.6498391417165598,0.6497657001018524,24,oddball,eegnet,5,0.5143988534160282
L2895,1,0.5084131753444672,0.5125048160552979,25,oddball,eegnet,5,0.5143988534160282
L2905,1,0.6468101453781128,0.6406872272491455,25,oddball,eegnet,5,0.5143988534160282
L2906,0,0.5300946682691574,0.5370286107063293,24,oddball,eegnet,5,0.5143988534160282
L2908,0,0.4489007903770967,0.4266151785850525,22,oddball,eegnet,5,0.5143988534160282
L2915,0,0.5015979111194611,0.49321213364601135,23,oddball,eegnet,5,0.5143988534160282
L2920,0,0.5573191742102305,0.5480479001998901,24,oddball,eegnet,5,0.5143988534160282
L294,0,0.544034032717995,0.5339931845664978,23,oddball,eegnet,5,0.5143988534160282
L2954,0,0.4837771329012784,0.4828794598579407,22,oddball,eegnet,5,0.5143988534160282
L296,1,0.5752959632873536,0.5534287691116333,25,oddball,eegnet,5,0.5143988534160282
L2962,0,0.48097679391503334,0.46961720287799835,24,oddball,eegnet,5,0.5143988534160282
L2965,0,0.43049956587227906,0.4084555059671402,22,oddball,eegnet,5,0.5143988534160282
L297,1,0.8046022852261862,0.8022841513156891,24,oddball,eegnet,5,0.5143988534160282
L2976,0,0.3514987809790505,0.3596341907978058,18,oddball,eegnet,5,0.5143988534160282
L2978,0,0.42887095668736624,0.4260003864765167,17,oddball,eegnet,5,0.5143988534160282
L2979,0,0.4221741287481217,0.412302702665329,21,oddball,eegnet,5,0.5143988534160282
L2996,0,0.5442958700656891,0.5480996966362,25,oddball,eegnet,5,0.5143988534160282
L3001,0,0.6190430909395218,0.6258751451969147,20,oddball,eegnet,5,0.5143988534160282
L3004,1,0.5253588672388684,0.5209735035896301,22,oddball,eegnet,5,0.5143988534160282
L3006,0,0.3509896043688059,0.35266804695129395,16,oddball,eegnet,5,0.5143988534160282
L3010,0,0.402790623552659,0.4163157641887665,17,oddball,eegnet,5,0.5143988534160282
L3025,0,0.4451664636532466,0.428680419921875,24,oddball,eegnet,5,0.5143988534160282
L3027,0,0.47775043671329814,0.4914195388555527,24,oddball,eegnet,5,0.5143988534160282
L3051,0,0.42557966031811456,0.43108947575092316,22,oddball,eegnet,5,0.5143988534160282
L3053,0,0.5156959990660349,0.5173224210739136,24,oddball,eegnet,5,0.5143988534160282
L3056,0,0.2856181818246841,0.27778130769729614,25,oddball,eegnet,5,0.5143988534160282
L3057,1,0.37390726432204247,0.36350207030773163,16,oddball,eegnet,5,0.5143988534160282
L3060,0,0.549664697226356,0.5547858476638794,17,oddball,eegnet,5,0.5143988534160282
L3064,0,0.5311047601699829,0.5269353985786438,25,oddball,eegnet,5,0.5143988534160282
L3070,0,0.4957090899348259,0.4970474988222122,20,oddball,eegnet,5,0.5143988534160282
L3082,0,0.4807840424279372,0.47492609918117523,24,oddball,eegnet,5,0.5143988534160282
L3086,0,0.5219644371952329,0.5317182838916779,14,oddball,eegnet,5,0.5143988534160282
L3093,0,0.5458608961105347,0.5548034906387329,25,oddball,eegnet,5,0.5143988534160282
L3095,1,0.6427863968743218,0.639470100402832,9,oddball,eegnet,5,0.5143988534160282
L3097,0,0.3991720527410507,0.4050162583589554,24,oddball,eegnet,5,0.5143988534160282
L3100,0,0.5047842025756836,0.5209872722625732,25,oddball,eegnet,5,0.5143988534160282
L3102,0,0.19323666052271923,0.17720991373062134,24,oddball,eegnet,5,0.5143988534160282
L3103,0,0.43375997145970663,0.4085322320461273,15,oddball,eegnet,5,0.5143988534160282
L3105,1,0.354864165186882,0.34256115555763245,20,oddball,eegnet,5,0.5143988534160282
L3110,0,0.4817177111452276,0.4652957171201706,22,oddball,eegnet,5,0.5143988534160282
L3111,0,0.3046633440256119,0.2922460734844208,25,oddball,eegnet,5,0.5143988534160282
L3116,0,0.44337659167206805,0.4458024799823761,23,oddball,eegnet,5,0.5143988534160282
L3117,0,0.34230813197791576,0.35631562769412994,24,oddball,eegnet,5,0.5143988534160282
L312,1,0.6255482411384583,0.6203192472457886,25,oddball,eegnet,5,0.5143988534160282
L3129,0,0.5140277230739594,0.5148193836212158,25,oddball,eegnet,5,0.5143988534160282
L313,0,0.6640273747236832,0.6742498874664307,23,oddball,eegnet,5,0.5143988534160282
L3133,0,0.2953959181904793,0.29402928054332733,24,oddball,eegnet,5,0.5143988534160282
L3135,1,0.4739276051521301,0.480966717004776,25,oddball,eegnet,5,0.5143988534160282
L3147,0,0.6298129260540009,0.6210128664970398,25,oddball,eegnet,5,0.5143988534160282
L315,1,0.3660114517678385,0.35850411653518677,23,oddball,eegnet,5,0.5143988534160282
L3152,0,0.4468350648880005,0.45278361439704895,25,oddball,eegnet,5,0.5143988534160282
L3165,0,0.5151610734562079,0.5091852843761444,24,oddball,eegnet,5,0.5143988534160282
L3177,1,0.5640345277155147,0.5811962485313416,17,oddball,eegnet,5,0.5143988534160282
L3198,0,0.47752657707999735,0.47458142042160034,17,oddball,eegnet,5,0.5143988534160282
L3200,0,0.6071699944635233,0.6283764243125916,24,oddball,eegnet,5,0.5143988534160282
L3205,0,0.4158734114546525,0.3971010446548462,19,oddball,eegnet,5,0.5143988534160282
L322,0,0.38376925051212313,0.40305501222610474,25,oddball,eegnet,5,0.5143988534160282
L3236,1,0.3550177488638007,0.3736582398414612,23,oddball,eegnet,5,0.5143988534160282
L331,1,0.4723577570347559,0.4713367223739624,21,oddball,eegnet,5,0.5143988534160282
L332,1,0.4725225738116673,0.49200254678726196,21,oddball,eegnet,5,0.5143988534160282
L34,0,0.5780529611640506,0.6047702729701996,18,oddball,eegnet,5,0.5143988534160282
L3415,0,0.5717262268066406,0.5525967478752136,25,oddball,eegnet,5,0.5143988534160282
L3424,1,0.6534871757030487,0.6472000777721405,24,oddball,eegnet,5,0.5143988534160282
L3427,1,0.4230899512767792,0.4207695871591568,18,oddball,eegnet,5,0.5143988534160282
L3428,0,0.4752824107805888,0.4600835144519806,24,oddball,eegnet,5,0.5143988534160282
L3429,0,0.6718425994569605,0.6692196726799011,22,oddball,eegnet,5,0.5143988534160282
L3432,0,0.500604370365972,0.5154947638511658,23,oddball,eegnet,5,0.5143988534160282
L3448,1,0.4665189168669961,0.47765879333019257,22,oddball,eegnet,5,0.5143988534160282
L3452,1,0.552697131508275,0.5372094511985779,19,oddball,eegnet,5,0.5143988534160282
L3463,0,0.5631767267530615,0.5667988359928131,22,oddball,eegnet,5,0.5143988534160282
L3500,0,0.5936596989631653,0.5910243391990662,23,oddball,eegnet,5,0.5143988534160282
L3502,0,0.6764236333824339,0.6894302368164062,21,oddball,eegnet,5,0.5143988534160282
L3506,0,0.5129859238862992,0.5073720216751099,20,oddball,eegnet,5,0.5143988534160282
L3517,1,0.5730775607668835,0.5650470852851868,23,oddball,eegnet,5,0.5143988534160282
L3519,1,0.5500398349761962,0.5721478462219238,25,oddball,eegnet,5,0.5143988534160282
L3529,0,0.6571076363325119,0.6646184027194977,24,oddball,eegnet,5,0.5143988534160282
L3533,1,0.5174794530868531,0.5485233664512634,25,oddball,eegnet,5,0.5143988534160282
L3542,1,0.5432802569866181,0.5538876056671143,25,oddball,eegnet,5,0.5143988534160282
L3547,1,0.5575827312469482,0.5528378486633301,25,oddball,eegnet,5,0.5143988534160282
L3548,0,0.6680595755577088,0.6623223423957825,25,oddball,eegnet,5,0.5143988534160282
L356,1,0.7477991986274719,0.7425904870033264,25,oddball,eegnet,5,0.5143988534160282
L3561,0,0.6079524755477905,0.6041056215763092,14,oddball,eegnet,5,0.5143988534160282
L3565,0,0.5718283820152282,0.5720791220664978,25,oddball,eegnet,5,0.5143988534160282
L3566,0,0.646024397441319,0.617128849029541,21,oddball,eegnet,5,0.5143988534160282
L3567,0,0.6631232753396035,0.6208435297012329,20,oddball,eegnet,5,0.5143988534160282
L3570,1,0.4479946886951273,0.45740340650081635,22,oddball,eegnet,5,0.5143988534160282
L3572,1,0.6837322945180146,0.6945508122444153,23,oddball,eegnet,5,0.5143988534160282
L3582,1,0.6564926886558533,0.6722650527954102,25,oddball,eegnet,5,0.5143988534160282
L3606,0,0.7274817323684692,0.7143693566322327,25,oddball,eegnet,5,0.5143988534160282
L361,0,0.39907276500826294,0.382628858089447,23,oddball,eegnet,5,0.5143988534160282
L3611,1,0.4739010010076606,0.4796423017978668,23,oddball,eegnet,5,0.5143988534160282
L3626,0,0.4475297959227311,0.4800407290458679,19,oddball,eegnet,5,0.5143988534160282
L3631,0,0.5160751783847809,0.527952253818512,25,oddball,eegnet,5,0.5143988534160282
L3632,0,0.5160035932064057,0.49950718879699707,25,oddball,eegnet,5,0.5143988534160282
L3633,1,0.5615907669067383,0.5726372003555298,25,oddball,eegnet,5,0.5143988534160282
L3634,0,0.5229859900474548,0.5265034437179565,25,oddball,eegnet,5,0.5143988534160282
L3636,0,0.5609441738237034,0.5542749762535095,22,oddball,eegnet,5,0.5143988534160282
L3644,0,0.534333724975586,0.5443432331085205,25,oddball,eegnet,5,0.5143988534160282
L3645,0,0.7107986354827881,0.7169815897941589,25,oddball,eegnet,5,0.5143988534160282
L3651,0,0.6371299362182617,0.6523189544677734,25,oddball,eegnet,5,0.5143988534160282
L3655,1,0.5919969296455383,0.5936259031295776,25,oddball,eegnet,5,0.5143988534160282
L3658,1,0.6893418534942295,0.6974912285804749,23,oddball,eegnet,5,0.5143988534160282
L3659,1,0.7296799644827843,0.741565465927124,24,oddball,eegnet,5,0.5143988534160282
L3665,1,0.7253349423408508,0.7210356891155243,20,oddball,eegnet,5,0.5143988534160282
L3671,1,0.6604918837547302,0.6474111080169678,25,oddball,eegnet,5,0.5143988534160282
L3673,0,0.6710947801669439,0.6708168387413025,24,oddball,eegnet,5,0.5143988534160282
L3676,1,0.8007631773749987,0.8015968501567841,24,oddball,eegnet,5,0.5143988534160282
L3688,0,0.7166055798530578,0.7033337354660034,25,oddball,eegnet,5,0.5143988534160282
L3691,1,0.6964424967765808,0.6967607140541077,25,oddball,eegnet,5,0.5143988534160282
L3693,1,0.829349341392517,0.8257238864898682,25,oddball,eegnet,5,0.5143988534160282
L3701,1,0.41779863437016806,0.4446116089820862,15,oddball,eegnet,5,0.5143988534160282
L3716,0,0.5678177955357925,0.5763137936592102,23,oddball,eegnet,5,0.5143988534160282
L3720,1,0.5068246022514675,0.5041430592536926,23,oddball,eegnet,5,0.5143988534160282
L3729,0,0.48383605003356933,0.47965478897094727,25,oddball,eegnet,5,0.5143988534160282
L3730,0,0.6423641753196716,0.6294956803321838,25,oddball,eegnet,5,0.5143988534160282
L3742,0,0.7290747091174126,0.7473682165145874,24,oddball,eegnet,5,0.5143988534160282
L3748,1,0.5961413848400116,0.6068630218505859,25,oddball,eegnet,5,0.5143988534160282
L3751,1,0.6412658572196961,0.657916247844696,5,oddball,eegnet,5,0.5143988534160282
L3757,1,0.48298175757129985,0.4778852313756943,24,oddball,eegnet,5,0.5143988534160282
L3941,1,0.6855967950820923,0.6940762400627136,25,oddball,eegnet,5,0.5143988534160282
L3942,1,0.39088563323020936,0.3857422173023224,20,oddball,eegnet,5,0.5143988534160282
L3951,1,0.5542130644122759,0.587755411863327,12,oddball,eegnet,5,0.5143988534160282
L3978,0,0.6065077895209903,0.6050553917884827,21,oddball,eegnet,5,0.5143988534160282
L3987,0,0.43606639742851255,0.45829761028289795,25,oddball,eegnet,5,0.5143988534160282
L4008,1,0.683903924443505,0.6991775631904602,22,oddball,eegnet,5,0.5143988534160282
L4011,0,0.5566449724137783,0.5798270404338837,24,oddball,eegnet,5,0.5143988534160282
L4024,1,0.4597511481155049,0.46053214371204376,22,oddball,eegnet,5,0.5143988534160282
L4034,1,0.5278424521287283,0.5574504137039185,24,oddball,eegnet,5,0.5143988534160282
L4045,0,0.5018921629949049,0.5217128992080688,22,oddball,eegnet,5,0.5143988534160282
L4047,1,0.5633609819412232,0.5684646964073181,25,oddball,eegnet,5,0.5143988534160282
L4049,0,0.6631968177500225,0.654470682144165,21,oddball,eegnet,5,0.5143988534160282
L4051,1,0.606020849943161,0.6196443438529968,20,oddball,eegnet,5,0.5143988534160282
L4052,0,0.6541208495264468,0.6261031031608582,23,oddball,eegnet,5,0.5143988534160282
L4056,1,0.6448856540348219,0.6581873297691345,23,oddball,eegnet,5,0.5143988534160282
L4060,1,0.5932258725166321,0.5923689007759094,25,oddball,eegnet,5,0.5143988534160282
L4072,0,0.43473366697629295,0.430398553609848,15,oddball,eegnet,5,0.5143988534160282
L4106,0,0.6178774607181549,0.6271474957466125,25,oddball,eegnet,5,0.5143988534160282
L4107,0,0.573954542929476,0.5598548948764801,22,oddball,eegnet,5,0.5143988534160282
L4115,1,0.7201304311553637,0.7280304133892059,24,oddball,eegnet,5,0.5143988534160282
L419,0,0.5617750787734985,0.566957414150238,25,oddball,eegnet,5,0.5143988534160282
L4199,0,0.4840299988334829,0.5072817206382751,22,oddball,eegnet,5,0.5143988534160282
L4204,0,0.6058637897173563,0.6087295413017273,18,oddball,eegnet,5,0.5143988534160282
L4208,0,0.5497101545333862,0.5651338994503021,20,oddball,eegnet,5,0.5143988534160282
L421,0,0.5978795600974042,0.5855610370635986,23,oddball,eegnet,5,0.5143988534160282
L4218,0,0.5965302586555481,0.6024070382118225,24,oddball,eegnet,5,0.5143988534160282
L4219,1,0.5482541422049204,0.5564383864402771,24,oddball,eegnet,5,0.5143988534160282
L4221,0,0.6215548694133759,0.5945660471916199,25,oddball,eegnet,5,0.5143988534160282
L4224,1,0.43866376996040346,0.43300843238830566,25,oddball,eegnet,5,0.5143988534160282
L4228,0,0.48428803256579805,0.4935055375099182,21,oddball,eegnet,5,0.5143988534160282
L4242,0,0.6339702904224396,0.6273919343948364,21,oddball,eegnet,5,0.5143988534160282
L4243,0,0.6476666867733002,0.6161410808563232,25,oddball,eegnet,5,0.5143988534160282
L4245,0,0.5664839756985506,0.5646917819976807,24,oddball,eegnet,5,0.5143988534160282
L4247,0,0.613860740609791,0.615212082862854,23,oddball,eegnet,5,0.5143988534160282
L4273,1,0.6150777841869154,0.606153666973114,19,oddball,eegnet,5,0.5143988534160282
L4275,1,0.45172256231307983,0.4613667279481888,22,oddball,eegnet,5,0.5143988534160282
L4276,0,0.5550605547428131,0.5588498711585999,25,oddball,eegnet,5,0.5143988534160282
L4278,0,0.5241971339868463,0.4847285747528076,23,oddball,eegnet,5,0.5143988534160282
L4282,1,0.5298408295797266,0.533011794090271,23,oddball,eegnet,5,0.5143988534160282
L4306,0,0.6053581280367715,0.612926185131073,21,oddball,eegnet,5,0.5143988534160282
L4317,0,0.4487253364763762,0.43235331773757935,19,oddball,eegnet,5,0.5143988534160282
L432,0,0.567833688997087,0.5973333716392517,21,oddball,eegnet,5,0.5143988534160282
L4320,0,0.47416979616338556,0.5081155002117157,22,oddball,eegnet,5,0.5143988534160282
L4322,1,0.531242604318418,0.5613207221031189,19,oddball,eegnet,5,0.5143988534160282
L4325,1,0.6572969341278077,0.6450137495994568,25,oddball,eegnet,5,0.5143988534160282
L4333,1,0.5452312380075455,0.5742005109786987,22,oddball,eegnet,5,0.5143988534160282
L434,0,0.3779453985069109,0.38933321833610535,23,oddball,eegnet,5,0.5143988534160282
L4345,0,0.4431807613372803,0.42003852128982544,25,oddball,eegnet,5,0.5143988534160282
L4350,0,0.5765989810228348,0.6007825136184692,20,oddball,eegnet,5,0.5143988534160282
L4352,1,0.4615279634793599,0.472442165017128,24,oddball,eegnet,5,0.5143988534160282
L4355,0,0.5790423970473441,0.5761691927909851,19,oddball,eegnet,5,0.5143988534160282
L4356,1,0.5480105628569921,0.5541084706783295,24,oddball,eegnet,5,0.5143988534160282
L4358,1,0.4225014913827181,0.4423650801181793,24,oddball,eegnet,5,0.5143988534160282
L4365,0,0.6081930086016655,0.5986761450767517,20,oddball,eegnet,5,0.5143988534160282
L4376,1,0.5971419528910988,0.5939521193504333,19,oddball,eegnet,5,0.5143988534160282
L4386,1,0.46096955332905054,0.47973328828811646,16,oddball,eegnet,5,0.5143988534160282
L4393,0,0.4986388359380805,0.5134905576705933,23,oddball,eegnet,5,0.5143988534160282
L4399,1,0.569633136689663,0.5704984068870544,20,oddball,eegnet,5,0.5143988534160282
L4406,0,0.5788683618108431,0.5817775428295135,24,oddball,eegnet,5,0.5143988534160282
L443,0,0.4155145507791768,0.4387390911579132,23,oddball,eegnet,5,0.5143988534160282
L4434,0,0.5518456101417542,0.5674037933349609,23,oddball,eegnet,5,0.5143988534160282
L4439,0,0.5126958812276522,0.5131425261497498,24,oddball,eegnet,5,0.5143988534160282
L4447,1,0.5623757454256216,0.5671435296535492,24,oddball,eegnet,5,0.5143988534160282
L4448,0,0.46341512352228165,0.46601614356040955,20,oddball,eegnet,5,0.5143988534160282
L445,0,0.4553738509615262,0.45146192610263824,24,oddball,eegnet,5,0.5143988534160282
L4454,1,0.5362490091634833,0.5414444208145142,23,oddball,eegnet,5,0.5143988534160282
L4456,1,0.4760117642581463,0.4656793177127838,16,oddball,eegnet,5,0.5143988534160282
L4461,1,0.5587933374487836,0.5580316185951233,23,oddball,eegnet,5,0.5143988534160282
L4465,0,0.43154847621917725,0.42542727291584015,24,oddball,eegnet,5,0.5143988534160282
L4468,1,0.5933228939771652,0.570654034614563,20,oddball,eegnet,5,0.5143988534160282
L4471,0,0.41672412926952046,0.4469622075557709,24,oddball,eegnet,5,0.5143988534160282
L4473,0,0.4790405309200287,0.4756327271461487,25,oddball,eegnet,5,0.5143988534160282
L4476,1,0.5934064025464265,0.5869709849357605,23,oddball,eegnet,5,0.5143988534160282
L4488,0,0.5165086519718171,0.5104576945304871,25,oddball,eegnet,5,0.5143988534160282
L4490,0,0.46374476576844853,0.4553677886724472,24,oddball,eegnet,5,0.5143988534160282
L4494,0,0.5052946122984091,0.5441152155399323,24,oddball,eegnet,5,0.5143988534160282
L4501,0,0.49953897368340267,0.49589961767196655,21,oddball,eegnet,5,0.5143988534160282
L4508,0,0.6439501786231995,0.6505452394485474,25,oddball,eegnet,5,0.5143988534160282
L4511,0,0.5438811282316843,0.5515476763248444,24,oddball,eegnet,5,0.5143988534160282
L4514,0,0.6174220934510231,0.6369844377040863,20,oddball,eegnet,5,0.5143988534160282
L4516,0,0.6077502816915512,0.6080453097820282,24,oddball,eegnet,5,0.5143988534160282
L4521,1,0.592416717360417,0.5977025926113129,24,oddball,eegnet,5,0.5143988534160282
L4522,0,0.6492363698780537,0.6470629572868347,24,oddball,eegnet,5,0.5143988534160282
L4527,1,0.6737045720219612,0.6569323837757111,24,oddball,eegnet,5,0.5143988534160282
L4535,0,0.5008813608437777,0.5348547399044037,24,oddball,eegnet,5,0.5143988534160282
L4536,1,0.5535897223845773,0.558782696723938,23,oddball,eegnet,5,0.5143988534160282
L4543,0,0.44546593228975934,0.43498069047927856,21,oddball,eegnet,5,0.5143988534160282
L4546,0,0.5907171952227751,0.5875625908374786,24,oddball,eegnet,5,0.5143988534160282
L455,1,0.5384947881102562,0.538754791021347,24,oddball,eegnet,5,0.5143988534160282
L4553,0,0.5424282312393188,0.554389238357544,25,oddball,eegnet,5,0.5143988534160282
L4561,1,0.5217218190431595,0.5198249816894531,20,oddball,eegnet,5,0.5143988534160282
L4565,0,0.41165610030293465,0.39685575664043427,24,oddball,eegnet,5,0.5143988534160282
L4574,0,0.575783919095993,0.5760304927825928,25,oddball,eegnet,5,0.5143988534160282
L4576,1,0.5679288109143575,0.5747279226779938,24,oddball,eegnet,5,0.5143988534160282
L459,0,0.5268099370102087,0.5193726122379303,24,oddball,eegnet,5,0.5143988534160282
L48,0,0.5429078014124007,0.5329901576042175,21,oddball,eegnet,5,0.5143988534160282
L5,0,0.507986937959989,0.5182971954345703,24,oddball,eegnet,5,0.5143988534160282
L500,1,0.4866591441631317,0.4944583773612976,25,oddball,eegnet,5,0.5143988534160282
L512,0,0.532914349809289,0.5235363841056824,16,oddball,eegnet,5,0.5143988534160282
L514,0,0.636225691613029,0.6466113328933716,17,oddball,eegnet,5,0.5143988534160282
L525,0,0.3145296648144722,0.2914527803659439,24,oddball,eegnet,5,0.5143988534160282
L537,1,0.5175822493822678,0.5429204106330872,23,oddball,eegnet,5,0.5143988534160282
L539,1,0.5356399774551391,0.5320748090744019,25,oddball,eegnet,5,0.5143988534160282
L550,1,0.528731662294139,0.5118508338928223,23,oddball,eegnet,5,0.5143988534160282
L562,0,0.36515538953244686,0.347170814871788,24,oddball,eegnet,5,0.5143988534160282
L565,0,0.6968456677028111,0.6918513774871826,21,oddball,eegnet,5,0.5143988534160282
L574,0,0.45583608622352284,0.43000079691410065,24,oddball,eegnet,5,0.5143988534160282
L58,1,0.4634286287156018,0.4547276198863983,22,oddball,eegnet,5,0.5143988534160282
L580,0,0.46717253716095636,0.4590941071510315,23,oddball,eegnet,5,0.5143988534160282
L589,1,0.6130280508881524,0.6282686591148376,21,oddball,eegnet,5,0.5143988534160282
L59,0,0.5207808065414429,0.5106717944145203,25,oddball,eegnet,5,0.5143988534160282
L590,0,0.48752286604472567,0.4680785536766052,21,oddball,eegnet,5,0.5143988534160282
L591,0,0.6678604245185852,0.6536843180656433,25,oddball,eegnet,5,0.5143988534160282
L592,0,0.4790854851404826,0.4884159117937088,24,oddball,eegnet,5,0.5143988534160282
L600,0,0.5505783169165902,0.5617222189903259,23,oddball,eegnet,5,0.5143988534160282
L604,0,0.3966680013615152,0.38159433007240295,23,oddball,eegnet,5,0.5143988534160282
L611,1,0.4280208374063174,0.4064519703388214,24,oddball,eegnet,5,0.5143988534160282
L612,0,0.5148229360580444,0.5272727608680725,25,oddball,eegnet,5,0.5143988534160282
L616,0,0.5827922274669012,0.5794452726840973,24,oddball,eegnet,5,0.5143988534160282
L62,0,0.36569962319400573,0.3635379672050476,18,oddball,eegnet,5,0.5143988534160282
L620,1,0.406811751101328,0.38855236768722534,23,oddball,eegnet,5,0.5143988534160282
L627,0,0.46097307682037353,0.4828068017959595,25,oddball,eegnet,5,0.5143988534160282
L628,0,0.3447129428386688,0.3192294239997864,25,oddball,eegnet,5,0.5143988534160282
L632,1,0.46575493693351744,0.4817916750907898,25,oddball,eegnet,5,0.5143988534160282
L634,1,0.6620470476150513,0.656125009059906,25,oddball,eegnet,5,0.5143988534160282
L635,0,0.5077057157953581,0.5008154511451721,24,oddball,eegnet,5,0.5143988534160282
L650,0,0.49595988035202027,0.5018891096115112,25,oddball,eegnet,5,0.5143988534160282
L672,0,0.4639621526002884,0.4596937596797943,22,oddball,eegnet,5,0.5143988534160282
L675,0,0.45332993141242434,0.45072925090789795,21,oddball,eegnet,5,0.5143988534160282
L68,1,0.5818556981782118,0.5846405029296875,24,oddball,eegnet,5,0.5143988534160282
L681,1,0.45725338838317175,0.4790661782026291,22,oddball,eegnet,5,0.5143988534160282
L682,0,0.4789660465717316,0.458776593208313,25,oddball,eegnet,5,0.5143988534160282
L686,1,0.5390508905053139,0.5011661201715469,20,oddball,eegnet,5,0.5143988534160282
L696,1,0.5183375516663427,0.5385203957557678,23,oddball,eegnet,5,0.5143988534160282
L703,0,0.4948112534152137,0.4595402777194977,9,oddball,eegnet,5,0.5143988534160282
L714,0,0.5581640779972077,0.5823851227760315,20,oddball,eegnet,5,0.5143988534160282
L719,0,0.6610712277889251,0.6638513803482056,25,oddball,eegnet,5,0.5143988534160282
L725,1,0.47918654561042784,0.46853920817375183,25,oddball,eegnet,5,0.5143988534160282
L73,0,0.41767216247061023,0.40198856592178345,23,oddball,eegnet,5,0.5143988534160282
L733,0,0.5908389520645142,0.6228998899459839,25,oddball,eegnet,5,0.5143988534160282
L739,0,0.6247596170591272,0.6246951818466187,23,oddball,eegnet,5,0.5143988534160282
L74,0,0.3855977557275606,0.3956444263458252,23,oddball,eegnet,5,0.5143988534160282
L743,0,0.4762293934822083,0.4771665632724762,25,oddball,eegnet,5,0.5143988534160282
L753,0,0.5417448580265045,0.5238290429115295,25,oddball,eegnet,5,0.5143988534160282
L756,0,0.5720523595809937,0.5928887724876404,25,oddball,eegnet,5,0.5143988534160282
L768,1,0.45277598111525824,0.4558037221431732,23,oddball,eegnet,5,0.5143988534160282
L769,0,0.6943453931808472,0.7044045329093933,25,oddball,eegnet,5,0.5143988534160282
L78,0,0.42251314935476886,0.4199155271053314,23,oddball,eegnet,5,0.5143988534160282
L791,0,0.6327207932869593,0.6487171053886414,24,oddball,eegnet,5,0.5143988534160282
L8,0,0.48761679530143737,0.49186891317367554,25,oddball,eegnet,5,0.5143988534160282
L806,0,0.46865835413336754,0.47633586823940277,24,oddball,eegnet,5,0.5143988534160282
L815,0,0.5504714012145996,0.5534705519676208,20,oddball,eegnet,5,0.5143988534160282
L821,0,0.501019815603892,0.49488192796707153,21,oddball,eegnet,5,0.5143988534160282
L846,0,0.44535895933707553,0.417738676071167,24,oddball,eegnet,5,0.5143988534160282
L849,0,0.5606804381717335,0.5468704104423523,11,oddball,eegnet,5,0.5143988534160282
L859,0,0.38731938004493716,0.37111344933509827,25,oddball,eegnet,5,0.5143988534160282
L86,0,0.5108508691191673,0.5133647918701172,20,oddball,eegnet,5,0.5143988534160282
L90,0,0.542504221200943,0.5567915141582489,22,oddball,eegnet,5,0.5143988534160282
L92,0,0.48351829179695677,0.4977792501449585,14,oddball,eegnet,5,0.5143988534160282
L98,0,0.6056851306382347,0.614057719707489,17,oddball,eegnet,5,0.5143988534160282
